{
    "Test": {
        "H@1": 0.5143721633888049,
        "H@3": 0.7745839636913767,
        "H@10": 0.9092284417549168,
        "MRR": 0.6600952134601591
    }
}