{
    "Test": {
        "H@1": 0.5472636815920398,
        "H@3": 0.746268656716418,
        "H@10": 0.9900497512437811,
        "MRR": 0.685404507046298
    }
}