{
    "Train": {
        "H@1": 0.7248879761015683,
        "H@3": 0.9496825989544436,
        "H@10": 0.9928117998506348,
        "MRR": 0.8394116638048867
    },
    "Val": {
        "H@1": 0.6441717791411042,
        "H@3": 0.8964723926380368,
        "H@10": 0.9677914110429447,
        "MRR": 0.7761466636446043
    },
    "Test": {
        "H@1": 0.624054462934947,
        "H@3": 0.8978819969742814,
        "H@10": 0.970499243570348,
        "MRR": 0.7665462606153577
    }
}