{
    "Test": {
        "H@1": 0.4851024208566108,
        "H@3": 0.7877094972067039,
        "H@10": 0.9599627560521415,
        "MRR": 0.6543816168602355
    }
}