{
    "Train": {
        "H@1": 0.710966892400301,
        "H@3": 0.9446952595936795,
        "H@10": 0.9948269375470279,
        "MRR": 0.8301044874252678
    },
    "Val": {
        "H@1": 0.5950920245398773,
        "H@3": 0.8466257668711656,
        "H@10": 0.9524539877300614,
        "MRR": 0.7340918973810605
    },
    "Test": {
        "H@1": 0.5953101361573374,
        "H@3": 0.8540090771558245,
        "H@10": 0.9583963691376702,
        "MRR": 0.7367097566352259
    }
}