{
    "Test": {
        "H@1": 0.505586592178771,
        "H@3": 0.8277467411545624,
        "H@10": 0.962756052141527,
        "MRR": 0.6748153205336445
    }
}