{
    "Test": {
        "H@1": 0.5688350983358548,
        "H@3": 0.8608169440242057,
        "H@10": 0.9561270801815431,
        "MRR": 0.7196332797622823
    }
}