{
    "Test": {
        "H@1": 0.39800995024875624,
        "H@3": 0.6666666666666666,
        "H@10": 0.9701492537313433,
        "MRR": 0.5778446539640569
    }
}