{
    "Train": {
        "H@1": 0.6718636693255983,
        "H@3": 0.8965736040609137,
        "H@10": 0.9866751269035533,
        "MRR": 0.7920346306627838
    },
    "Val": {
        "H@1": 0.5874233128834356,
        "H@3": 0.8305214723926381,
        "H@10": 0.9570552147239264,
        "MRR": 0.7265626572917802
    },
    "Test": {
        "H@1": 0.6036308623298033,
        "H@3": 0.8524962178517398,
        "H@10": 0.9614220877458396,
        "MRR": 0.7405975979642148
    }
}