{
    "Test": {
        "H@1": 0.5453857791225416,
        "H@3": 0.7428139183055976,
        "H@10": 0.9077155824508321,
        "MRR": 0.6655635238883666
    }
}