{
    "Test": {
        "H@1": 0.5186219739292365,
        "H@3": 0.7998137802607076,
        "H@10": 0.957169459962756,
        "MRR": 0.6764343727226637
    }
}