{
    "Test": {
        "H@1": 0.48411497730711045,
        "H@3": 0.7579425113464447,
        "H@10": 0.9152798789712556,
        "MRR": 0.6404083364759914
    }
}