{
    "Train": {
        "H@1": 0.7057650471356055,
        "H@3": 0.9272117476432197,
        "H@10": 0.9838651196519217,
        "MRR": 0.8208163451145593
    },
    "Val": {
        "H@1": 0.6326687116564417,
        "H@3": 0.8742331288343558,
        "H@10": 0.9700920245398773,
        "MRR": 0.76245814411301
    },
    "Test": {
        "H@1": 0.6059001512859304,
        "H@3": 0.8683812405446294,
        "H@10": 0.9652042360060514,
        "MRR": 0.7474087668119972
    }
}