{
    "Train": {
        "H@1": 0.7379643669446551,
        "H@3": 0.9533737680060652,
        "H@10": 0.9955458680818802,
        "MRR": 0.8475278042999241
    },
    "Val": {
        "H@1": 0.6119631901840491,
        "H@3": 0.86579754601227,
        "H@10": 0.9624233128834356,
        "MRR": 0.750290248016387
    },
    "Test": {
        "H@1": 0.6149773071104387,
        "H@3": 0.8797276853252648,
        "H@10": 0.9773071104387292,
        "MRR": 0.757911146745333
    }
}