{
    "Test": {
        "H@1": 0.3426443202979516,
        "H@3": 0.5754189944134078,
        "H@10": 0.8603351955307262,
        "MRR": 0.5035363317870599
    }
}