{
    "Test": {
        "H@1": 0.5074626865671642,
        "H@3": 0.8109452736318408,
        "H@10": 0.9900497512437811,
        "MRR": 0.6745776887567931
    }
}