{
    "Test": {
        "H@1": 0.6580937972768532,
        "H@3": 0.897125567322239,
        "H@10": 0.9818456883509834,
        "MRR": 0.7861891110166839
    }
}