{
    "Test": {
        "H@1": 0.7382753403933434,
        "H@3": 0.9319213313161876,
        "H@10": 0.9773071104387292,
        "MRR": 0.8356198661016391
    }
}