{
    "Test": {
        "H@1": 0.46766169154228854,
        "H@3": 0.7960199004975125,
        "H@10": 0.9950248756218906,
        "MRR": 0.6534786385532653
    }
}