{
    "Test": {
        "H@1": 0.4106145251396648,
        "H@3": 0.6294227188081937,
        "H@10": 0.8836126629422719,
        "MRR": 0.5575319624737862
    }
}