{
    "Test": {
        "H@1": 0.660148975791434,
        "H@3": 0.866852886405959,
        "H@10": 0.9655493482309124,
        "MRR": 0.7739859123198487
    }
}