{
    "Test": {
        "H@1": 0.3903177004538578,
        "H@3": 0.7246596066565809,
        "H@10": 0.9304084720121029,
        "MRR": 0.5803892835901824
    }
}