{
    "Test": {
        "H@1": 0.5204841713221602,
        "H@3": 0.8314711359404097,
        "H@10": 0.9711359404096834,
        "MRR": 0.6897288134717967
    }
}