{
    "Train": {
        "H@1": 0.6994920993227991,
        "H@3": 0.9225921745673439,
        "H@10": 0.9906884875846501,
        "MRR": 0.8169018623975495
    },
    "Val": {
        "H@1": 0.6326687116564417,
        "H@3": 0.8596625766871165,
        "H@10": 0.9562883435582822,
        "MRR": 0.7581835018844219
    },
    "Test": {
        "H@1": 0.6164901664145235,
        "H@3": 0.8683812405446294,
        "H@10": 0.9697428139183056,
        "MRR": 0.7549635237659683
    }
}