{
    "Test": {
        "H@1": 0.5930408472012103,
        "H@3": 0.8880484114977307,
        "H@10": 0.9712556732223904,
        "MRR": 0.7401640297125276
    }
}