{
    "Train": {
        "H@1": 0.6523792862141358,
        "H@3": 0.8902204338698391,
        "H@10": 0.9810181945416375,
        "MRR": 0.7808675996478981
    },
    "Val": {
        "H@1": 0.5613496932515337,
        "H@3": 0.8113496932515337,
        "H@10": 0.9355828220858896,
        "MRR": 0.701575816152966
    },
    "Test": {
        "H@1": 0.5824508320726173,
        "H@3": 0.8426626323751891,
        "H@10": 0.9508320726172466,
        "MRR": 0.7257791119120405
    }
}