{
    "Test": {
        "H@1": 0.4851024208566108,
        "H@3": 0.7830540037243948,
        "H@10": 0.9608938547486033,
        "MRR": 0.6560130549242355
    }
}