{
    "Test": {
        "H@1": 0.5052950075642966,
        "H@3": 0.8350983358547656,
        "H@10": 0.9515885022692889,
        "MRR": 0.6786170298257904
    }
}