{
    "Test": {
        "H@1": 0.42511346444780634,
        "H@3": 0.7579425113464447,
        "H@10": 0.9319213313161876,
        "MRR": 0.610176967366853
    }
}