{
    "Test": {
        "H@1": 0.5642458100558659,
        "H@3": 0.8212290502793296,
        "H@10": 0.9655493482309124,
        "MRR": 0.7104658635612164
    }
}