{
    "Test": {
        "H@1": 0.4508320726172466,
        "H@3": 0.8381240544629349,
        "H@10": 0.9652042360060514,
        "MRR": 0.6502271496972258
    }
}