{
    "Test": {
        "H@1": 0.5074626865671642,
        "H@3": 0.8059701492537313,
        "H@10": 0.9800995024875622,
        "MRR": 0.6729905666472832
    }
}