{
    "Test": {
        "H@1": 0.4527363184079602,
        "H@3": 0.7910447761194029,
        "H@10": 1.0,
        "MRR": 0.6441621258785438
    }
}