{
    "Test": {
        "H@1": 0.5174129353233831,
        "H@3": 0.7611940298507462,
        "H@10": 1.0,
        "MRR": 0.6644140409065782
    }
}