{
    "Train": {
        "H@1": 0.6543765562152845,
        "H@3": 0.9168741620379238,
        "H@10": 0.9863053054970312,
        "MRR": 0.7926021899800859
    },
    "Val": {
        "H@1": 0.5766871165644172,
        "H@3": 0.8496932515337423,
        "H@10": 0.9539877300613497,
        "MRR": 0.7266037626046049
    },
    "Test": {
        "H@1": 0.5665658093797277,
        "H@3": 0.8494704992435703,
        "H@10": 0.9667170953101362,
        "MRR": 0.7222932354422816
    }
}