{
    "Test": {
        "H@1": 0.6066565809379728,
        "H@3": 0.8653555219364599,
        "H@10": 0.9697428139183056,
        "MRR": 0.749124455358428
    }
}