{
    "Train": {
        "H@1": 0.6425421779141104,
        "H@3": 0.9015529141104295,
        "H@10": 0.9831288343558282,
        "MRR": 0.7787222760324386
    },
    "Val": {
        "H@1": 0.5690184049079755,
        "H@3": 0.8297546012269938,
        "H@10": 0.9470858895705522,
        "MRR": 0.7150230831244702
    },
    "Test": {
        "H@1": 0.556732223903177,
        "H@3": 0.8411497730711044,
        "H@10": 0.959909228441755,
        "MRR": 0.7124351336144679
    }
}