{
    "Test": {
        "H@1": 0.42511346444780634,
        "H@3": 0.762481089258699,
        "H@10": 0.9440242057488654,
        "MRR": 0.6157597393812357
    }
}