{
    "Test": {
        "H@1": 0.4379727685325265,
        "H@3": 0.7012102874432677,
        "H@10": 0.9092284417549168,
        "MRR": 0.5956859566805285
    }
}