{
    "Test": {
        "H@1": 0.5912476722532588,
        "H@3": 0.8417132216014898,
        "H@10": 0.9664804469273743,
        "MRR": 0.7318967764114859
    }
}