{
    "Train": {
        "H@1": 0.6914302147239264,
        "H@3": 0.9388420245398773,
        "H@10": 0.9930023006134969,
        "MRR": 0.816622635260606
    },
    "Val": {
        "H@1": 0.5736196319018405,
        "H@3": 0.8688650306748467,
        "H@10": 0.9631901840490797,
        "MRR": 0.7250031292927981
    },
    "Test": {
        "H@1": 0.5809379727685325,
        "H@3": 0.8714069591527988,
        "H@10": 0.9652042360060514,
        "MRR": 0.7326767104206237
    }
}