{
    "Test": {
        "H@1": 0.6014897579143389,
        "H@3": 0.8472998137802608,
        "H@10": 0.972998137802607,
        "MRR": 0.7375926310595382
    }
}