{
    "Train": {
        "H@1": 0.6757093558282209,
        "H@3": 0.9488113496932515,
        "H@10": 0.995782208588957,
        "MRR": 0.8134781430705015
    },
    "Val": {
        "H@1": 0.5375766871165644,
        "H@3": 0.8450920245398773,
        "H@10": 0.9593558282208589,
        "MRR": 0.7025935563821001
    },
    "Test": {
        "H@1": 0.5408472012102874,
        "H@3": 0.8532526475037822,
        "H@10": 0.962178517397882,
        "MRR": 0.7082353820241044
    }
}