{
    "Test": {
        "H@1": 0.4228855721393035,
        "H@3": 0.736318407960199,
        "H@10": 0.9850746268656716,
        "MRR": 0.6032516543710574
    }
}