{
    "Test": {
        "H@1": 0.6717095310136157,
        "H@3": 0.8623298033282905,
        "H@10": 0.9515885022692889,
        "MRR": 0.7789869881740359
    }
}