{
    "Test": {
        "H@1": 0.2835820895522388,
        "H@3": 0.6666666666666666,
        "H@10": 0.9651741293532339,
        "MRR": 0.5125746282462701
    }
}