{
    "Train": {
        "H@1": 0.20707868496396487,
        "H@3": 0.40936913811827425,
        "H@10": 0.6071181755355909,
        "MRR": 0.3466721187888321
    },
    "Val": {
        "H@1": 0.299079754601227,
        "H@3": 0.5881901840490797,
        "H@10": 0.8136503067484663,
        "MRR": 0.47666479542675516
    },
    "Test": {
        "H@1": 0.3146747352496218,
        "H@3": 0.6263237518910741,
        "H@10": 0.819213313161876,
        "MRR": 0.49811913092548615
    }
}