{
    "Test": {
        "H@1": 0.5174129353233831,
        "H@3": 0.7562189054726368,
        "H@10": 0.9751243781094527,
        "MRR": 0.6654265855758393
    }
}