{
    "Test": {
        "H@1": 0.5234493192133132,
        "H@3": 0.7670196671709532,
        "H@10": 0.924357034795764,
        "MRR": 0.6598938514435675
    }
}