{
    "Test": {
        "H@1": 0.5279878971255674,
        "H@3": 0.8139183055975794,
        "H@10": 0.9531013615733737,
        "MRR": 0.6855925723277139
    }
}