{
    "Test": {
        "H@1": 0.735249621785174,
        "H@3": 0.9273827534039334,
        "H@10": 0.9682299546142209,
        "MRR": 0.8342262689085114
    }
}