{
    "Test": {
        "H@1": 0.5735567970204841,
        "H@3": 0.8202979515828678,
        "H@10": 0.9702048417132216,
        "MRR": 0.7180188880717256
    }
}