{
    "Test": {
        "H@1": 0.56732223903177,
        "H@3": 0.8850226928895613,
        "H@10": 0.9712556732223904,
        "MRR": 0.7308899277820319
    }
}