{
    "Test": {
        "H@1": 0.5174129353233831,
        "H@3": 0.7213930348258707,
        "H@10": 0.9552238805970149,
        "MRR": 0.655377499780485
    }
}