{
    "Test": {
        "H@1": 0.5249621785173979,
        "H@3": 0.8517397881996974,
        "H@10": 0.9682299546142209,
        "MRR": 0.6915619380391946
    }
}