{
    "Test": {
        "H@1": 0.529500756429652,
        "H@3": 0.8411497730711044,
        "H@10": 0.9576399394856279,
        "MRR": 0.6919299262894781
    }
}