{
    "Test": {
        "H@1": 0.518910741301059,
        "H@3": 0.8275340393343419,
        "H@10": 0.962178517397882,
        "MRR": 0.6784867294320845
    }
}