{
    "Train": {
        "H@1": 0.2739494301994302,
        "H@3": 0.5551103988603988,
        "H@10": 0.8065349002849003,
        "MRR": 0.4562123659877803
    },
    "Val": {
        "H@1": 0.21242331288343558,
        "H@3": 0.49693251533742333,
        "H@10": 0.7622699386503068,
        "MRR": 0.40024054803628817
    },
    "Test": {
        "H@1": 0.23903177004538578,
        "H@3": 0.5173978819969742,
        "H@10": 0.7821482602118003,
        "MRR": 0.42284141066620884
    }
}