{
    "Test": {
        "H@1": 0.6263237518910741,
        "H@3": 0.8199697428139183,
        "H@10": 0.9409984871406959,
        "MRR": 0.7385012841253049
    }
}