{
    "Test": {
        "H@1": 0.6641452344931922,
        "H@3": 0.81089258698941,
        "H@10": 0.9334341906202723,
        "MRR": 0.7565191560374572
    }
}