{
    "Test": {
        "H@1": 0.7534039334341907,
        "H@3": 0.924357034795764,
        "H@10": 0.9667170953101362,
        "MRR": 0.8431500969577617
    }
}