{
    "Test": {
        "H@1": 0.4427860696517413,
        "H@3": 0.7810945273631841,
        "H@10": 0.9950248756218906,
        "MRR": 0.634464761330433
    }
}