Triple Injection Ratios,0.01,0.02,0.03
Random,0.36412011089587554,0.37013926267590325,0.3664496177661029
PageRank,0.3636696682198464,0.36675839944759003,0.3617424686754085
Harmonic closeness,0.3599874258162284,0.35875095313728844,0.3639978423466998
