Triple Injection Ratios,0.01,0.02,0.03
Random,0.36488456073952086,0.3661040696409021,0.3673990666489868
PageRank,0.36550320445553686,0.3656476544378423,0.3652016044565948
Harmonic closeness,0.35989178341126404,0.3564170452592964,0.35745223202381005
