Triple Injection Ratios,0.01,0.02,0.03
Random,0.3649256063633596,0.36619191612348423,0.3686036577603518
PageRank,0.3644240523050205,0.3656216495215163,0.36371658320403916
Harmonic closeness,0.357152475802126,0.3586437638722005,0.35562404844970963
