{
    "Train": {
        "H@1": 0.6505519943019943,
        "H@3": 0.8925391737891738,
        "H@10": 0.9780092592592593,
        "MRR": 0.7792529871997308
    },
    "Val": {
        "H@1": 0.5552147239263804,
        "H@3": 0.8151840490797546,
        "H@10": 0.9432515337423313,
        "MRR": 0.6973815748184524
    },
    "Test": {
        "H@1": 0.5590015128593041,
        "H@3": 0.8245083207261724,
        "H@10": 0.9379727685325264,
        "MRR": 0.705306873055373
    }
}