{
    "Test": {
        "H@1": 0.6210428305400373,
        "H@3": 0.8538175046554934,
        "H@10": 0.9664804469273743,
        "MRR": 0.7476530462856823
    }
}