{
    "Test": {
        "H@1": 0.39800995024875624,
        "H@3": 0.736318407960199,
        "H@10": 0.9751243781094527,
        "MRR": 0.5949349572483901
    }
}