{
    "Test": {
        "H@1": 0.49162011173184356,
        "H@3": 0.8026070763500931,
        "H@10": 0.952513966480447,
        "MRR": 0.6605288412820743
    }
}