{
    "Test": {
        "H@1": 0.4606656580937973,
        "H@3": 0.6694402420574886,
        "H@10": 0.8751891074130106,
        "MRR": 0.5945834166088155
    }
}