{
    "Train": {
        "H@1": 0.20541101988327234,
        "H@3": 0.39212582846968047,
        "H@10": 0.6055989712137699,
        "MRR": 0.3409096948266886
    },
    "Val": {
        "H@1": 0.3075153374233129,
        "H@3": 0.5950920245398773,
        "H@10": 0.8228527607361963,
        "MRR": 0.4812299313338147
    },
    "Test": {
        "H@1": 0.3207261724659607,
        "H@3": 0.6006051437216339,
        "H@10": 0.8335854765506808,
        "MRR": 0.4946089779547478
    }
}