{
    "Test": {
        "H@1": 0.43116490166414523,
        "H@3": 0.7518910741301059,
        "H@10": 0.924357034795764,
        "MRR": 0.6088077836041071
    }
}