{
    "Train": {
        "H@1": 0.6750383435582822,
        "H@3": 0.9502492331288344,
        "H@10": 0.9956863496932515,
        "MRR": 0.8132645543234961
    },
    "Val": {
        "H@1": 0.5651840490797546,
        "H@3": 0.8642638036809815,
        "H@10": 0.9647239263803681,
        "MRR": 0.7260075634397783
    },
    "Test": {
        "H@1": 0.5544629349470499,
        "H@3": 0.8774583963691377,
        "H@10": 0.9629349470499243,
        "MRR": 0.7211583773066937
    }
}