{
    "Test": {
        "H@1": 0.5323383084577115,
        "H@3": 0.7711442786069652,
        "H@10": 0.9800995024875622,
        "MRR": 0.6840027854953228
    }
}