{
    "Test": {
        "H@1": 0.3827534039334342,
        "H@3": 0.6747352496217852,
        "H@10": 0.9167927382753404,
        "MRR": 0.5579478435418412
    }
}