{
    "Test": {
        "H@1": 0.4934823091247672,
        "H@3": 0.8147113594040968,
        "H@10": 0.9683426443202979,
        "MRR": 0.6686809948896804
    }
}