{
    "Test": {
        "H@1": 0.4975124378109453,
        "H@3": 0.7611940298507462,
        "H@10": 0.9900497512437811,
        "MRR": 0.6539486908889894
    }
}