{
    "Test": {
        "H@1": 0.5098335854765507,
        "H@3": 0.735249621785174,
        "H@10": 0.9122541603630863,
        "MRR": 0.6448544399947197
    }
}