Triple Injection Ratios,0.01,0.02,0.03
Random,0.5497596677188875,0.5169218839274624,0.5012685615437579
PageRank,0.35594958187442033,0.45480714300169084,0.46436485141716416
Harmonic closeness,0.396587853358584,0.42949228211668977,0.49008271276263743
