Triple Injection Ratios,0.01,0.02,0.03
Random,0.4671230319396652,0.5712466257859138,0.4529931538368603
PageRank,0.5173075962502268,0.5663226839424056,0.3868419865582432
Harmonic closeness,0.48145254931027087,0.5115954206219188,0.4157426553788064
