Triple Injection Ratios,0.01,0.02,0.03
Random,0.5163786973159552,0.4489046547571327,0.3849123425073461
PageRank,0.4664189099845389,0.35859785871866484,0.4976179816397965
Harmonic closeness,0.4959194819261653,0.35538500813880636,0.4792150135645296
