{
    "Test": {
        "H@1": 0.3040847201210287,
        "H@3": 0.5234493192133132,
        "H@10": 0.7912254160363086,
        "MRR": 0.45700122034996815
    }
}