{
    "Test": {
        "H@1": 0.4886535552193646,
        "H@3": 0.7186081694402421,
        "H@10": 0.8986384266263238,
        "MRR": 0.6277427333268297
    }
}