{
    "Test": {
        "H@1": 0.5297951582867784,
        "H@3": 0.8240223463687151,
        "H@10": 0.952513966480447,
        "MRR": 0.6892171655496793
    }
}