{
    "Test": {
        "H@1": 0.518910741301059,
        "H@3": 0.8305597579425114,
        "H@10": 0.9319213313161876,
        "MRR": 0.6794537331747416
    }
}