{
    "Test": {
        "H@1": 0.43872919818456885,
        "H@3": 0.7488653555219364,
        "H@10": 0.9273827534039334,
        "MRR": 0.6125321250283152
    }
}