{
    "Test": {
        "H@1": 0.5234493192133132,
        "H@3": 0.8048411497730711,
        "H@10": 0.9636913767019667,
        "MRR": 0.6805896484195869
    }
}