{
    "Test": {
        "H@1": 0.43781094527363185,
        "H@3": 0.7562189054726368,
        "H@10": 0.9950248756218906,
        "MRR": 0.6177722498618021
    }
}