{
    "Test": {
        "H@1": 0.7049924357034796,
        "H@3": 0.9167927382753404,
        "H@10": 0.9803328290468987,
        "MRR": 0.8157435664150091
    }
}