{
    "Train": {
        "H@1": 0.756559220389805,
        "H@3": 0.9688905547226386,
        "H@10": 0.9978448275862069,
        "MRR": 0.862977602092874
    },
    "Val": {
        "H@1": 0.6664110429447853,
        "H@3": 0.9171779141104295,
        "H@10": 0.977760736196319,
        "MRR": 0.7962415621615725
    },
    "Test": {
        "H@1": 0.6724659606656581,
        "H@3": 0.9198184568835098,
        "H@10": 0.9818456883509834,
        "MRR": 0.8011507613655278
    }
}