{
    "Test": {
        "H@1": 0.7488653555219364,
        "H@3": 0.913767019667171,
        "H@10": 0.9757942511346445,
        "MRR": 0.8385363611357038
    }
}