{
    "Test": {
        "H@1": 0.3817504655493482,
        "H@3": 0.611731843575419,
        "H@10": 0.8780260707635009,
        "MRR": 0.5389045831523851
    }
}