{
    "Test": {
        "H@1": 0.42511346444780634,
        "H@3": 0.7745839636913767,
        "H@10": 0.9273827534039334,
        "MRR": 0.6150078677891015
    }
}