{
    "Test": {
        "H@1": 0.47806354009077157,
        "H@3": 0.789712556732224,
        "H@10": 0.9394856278366112,
        "MRR": 0.6490280458738323
    }
}