{
    "Test": {
        "H@1": 0.373134328358209,
        "H@3": 0.7313432835820896,
        "H@10": 0.9651741293532339,
        "MRR": 0.5784092910958583
    }
}