{
    "Test": {
        "H@1": 0.649016641452345,
        "H@3": 0.8260211800302572,
        "H@10": 0.9470499243570348,
        "MRR": 0.753511623534208
    }
}