{
    "Test": {
        "H@1": 0.4826021180030257,
        "H@3": 0.7776096822995462,
        "H@10": 0.9273827534039334,
        "MRR": 0.64823585555734
    }
}