{
    "Test": {
        "H@1": 0.31840796019900497,
        "H@3": 0.6766169154228856,
        "H@10": 0.9601990049751243,
        "MRR": 0.5263587021049707
    }
}