{
    "Test": {
        "H@1": 0.5279878971255674,
        "H@3": 0.8184568835098336,
        "H@10": 0.9546142208774584,
        "MRR": 0.6870344072491922
    }
}