{
    "Test": {
        "H@1": 0.5651769087523277,
        "H@3": 0.819366852886406,
        "H@10": 0.9711359404096834,
        "MRR": 0.709379685349719
    }
}