{
    "Train": {
        "H@1": 0.7082710978342046,
        "H@3": 0.9480955937266616,
        "H@10": 0.9953323375653472,
        "MRR": 0.832003519668549
    },
    "Val": {
        "H@1": 0.6188650306748467,
        "H@3": 0.875,
        "H@10": 0.9647239263803681,
        "MRR": 0.7566827260530171
    },
    "Test": {
        "H@1": 0.6059001512859304,
        "H@3": 0.886535552193646,
        "H@10": 0.9697428139183056,
        "MRR": 0.7541461719645978
    }
}