{
    "Test": {
        "H@1": 0.3659217877094972,
        "H@3": 0.590316573556797,
        "H@10": 0.866852886405959,
        "MRR": 0.5200964628554923
    }
}