{
    "Test": {
        "H@1": 0.6036308623298033,
        "H@3": 0.8714069591527988,
        "H@10": 0.9667170953101362,
        "MRR": 0.743472816732227
    }
}