{
    "Test": {
        "H@1": 0.5869894099848714,
        "H@3": 0.8744326777609682,
        "H@10": 0.9636913767019667,
        "MRR": 0.7371347098366111
    }
}