{
    "Test": {
        "H@1": 0.46444780635400906,
        "H@3": 0.7231467473524962,
        "H@10": 0.9304084720121029,
        "MRR": 0.6190524492817384
    }
}