{
    "Train": {
        "H@1": 0.7370689655172413,
        "H@3": 0.947619940029985,
        "H@10": 0.9954085457271364,
        "MRR": 0.8445312535658112
    },
    "Val": {
        "H@1": 0.6234662576687117,
        "H@3": 0.8535276073619632,
        "H@10": 0.9631901840490797,
        "MRR": 0.7511167904818582
    },
    "Test": {
        "H@1": 0.6369137670196672,
        "H@3": 0.8835098335854765,
        "H@10": 0.9765506807866868,
        "MRR": 0.7689880851361609
    }
}