{
    "Test": {
        "H@1": 0.4886535552193646,
        "H@3": 0.7806354009077155,
        "H@10": 0.9349470499243571,
        "MRR": 0.6499132465454422
    }
}