{
    "Test": {
        "H@1": 0.6006051437216339,
        "H@3": 0.8744326777609682,
        "H@10": 0.9546142208774584,
        "MRR": 0.7456927154152494
    }
}