{
    "Train": {
        "H@1": 0.7330413715989564,
        "H@3": 0.9549012299664554,
        "H@10": 0.9962728289228475,
        "MRR": 0.8463516851207509
    },
    "Val": {
        "H@1": 0.6188650306748467,
        "H@3": 0.875,
        "H@10": 0.9608895705521472,
        "MRR": 0.756765108838523
    },
    "Test": {
        "H@1": 0.594553706505295,
        "H@3": 0.8767019667170953,
        "H@10": 0.9712556732223904,
        "MRR": 0.7450136639974626
    }
}