{
    "Train": {
        "H@1": 0.6550996932515337,
        "H@3": 0.9324194785276073,
        "H@10": 0.9948236196319018,
        "MRR": 0.796309511673373
    },
    "Val": {
        "H@1": 0.5184049079754601,
        "H@3": 0.8374233128834356,
        "H@10": 0.946319018404908,
        "MRR": 0.6882235027885663
    },
    "Test": {
        "H@1": 0.5181543116490166,
        "H@3": 0.8456883509833586,
        "H@10": 0.9636913767019667,
        "MRR": 0.6918216608567183
    }
}