{
    "Test": {
        "H@1": 0.6278366111951589,
        "H@3": 0.8850226928895613,
        "H@10": 0.9652042360060514,
        "MRR": 0.7645561845399224
    }
}