{
    "Test": {
        "H@1": 0.7216338880484114,
        "H@3": 0.9288956127080181,
        "H@10": 0.9757942511346445,
        "MRR": 0.8264030927567908
    }
}