{
    "Test": {
        "H@1": 0.38729198184568836,
        "H@3": 0.7367624810892587,
        "H@10": 0.9107413010590015,
        "MRR": 0.5821117700544622
    }
}