{
    "Train": {
        "H@1": 0.709556057185854,
        "H@3": 0.9504326561324304,
        "H@10": 0.9940744920993227,
        "MRR": 0.8326249624493235
    },
    "Val": {
        "H@1": 0.5927914110429447,
        "H@3": 0.8765337423312883,
        "H@10": 0.950920245398773,
        "MRR": 0.7425588994742273
    },
    "Test": {
        "H@1": 0.6127080181543116,
        "H@3": 0.8714069591527988,
        "H@10": 0.9644478063540091,
        "MRR": 0.754941565719158
    }
}