{
    "Train": {
        "H@1": 0.6990309355199403,
        "H@3": 0.9411106969809915,
        "H@10": 0.9933842713380544,
        "MRR": 0.8251835804765433
    },
    "Val": {
        "H@1": 0.5820552147239264,
        "H@3": 0.8573619631901841,
        "H@10": 0.9501533742331288,
        "MRR": 0.7312486937788031
    },
    "Test": {
        "H@1": 0.594553706505295,
        "H@3": 0.8706505295007564,
        "H@10": 0.9644478063540091,
        "MRR": 0.7450834353609694
    }
}