{
    "Test": {
        "H@1": 0.7125567322239031,
        "H@3": 0.913767019667171,
        "H@10": 0.962178517397882,
        "MRR": 0.8163144362181249
    }
}