{
    "Test": {
        "H@1": 0.5323383084577115,
        "H@3": 0.7960199004975125,
        "H@10": 0.9950248756218906,
        "MRR": 0.6828792545210455
    }
}