{
    "Test": {
        "H@1": 0.4626865671641791,
        "H@3": 0.7512437810945274,
        "H@10": 0.9900497512437811,
        "MRR": 0.6298884366048545
    }
}