{
    "Train": {
        "H@1": 0.7747799464217374,
        "H@3": 0.96699196326062,
        "H@10": 0.9976081132797551,
        "MRR": 0.8707737534404092
    },
    "Val": {
        "H@1": 0.6526073619631901,
        "H@3": 0.8872699386503068,
        "H@10": 0.9746932515337423,
        "MRR": 0.7779800405913376
    },
    "Test": {
        "H@1": 0.6543116490166414,
        "H@3": 0.8986384266263238,
        "H@10": 0.9757942511346445,
        "MRR": 0.784613663981742
    }
}