{
    "Test": {
        "H@1": 0.5537065052950075,
        "H@3": 0.8472012102874432,
        "H@10": 0.9515885022692889,
        "MRR": 0.711654391681244
    }
}