{
    "Test": {
        "H@1": 0.5688350983358548,
        "H@3": 0.8562783661119516,
        "H@10": 0.972768532526475,
        "MRR": 0.7253511761728784
    }
}