{
    "Train": {
        "H@1": 0.663055981595092,
        "H@3": 0.9374041411042945,
        "H@10": 0.9925230061349694,
        "MRR": 0.8004649899199671
    },
    "Val": {
        "H@1": 0.5628834355828221,
        "H@3": 0.8473926380368099,
        "H@10": 0.9555214723926381,
        "MRR": 0.7136775130471342
    },
    "Test": {
        "H@1": 0.5854765506807866,
        "H@3": 0.8721633888048411,
        "H@10": 0.9674735249621785,
        "MRR": 0.7349674655391157
    }
}