{
    "Test": {
        "H@1": 0.5121042830540037,
        "H@3": 0.8072625698324022,
        "H@10": 0.9608938547486033,
        "MRR": 0.6782304322791352
    }
}