{
    "Test": {
        "H@1": 0.6747352496217852,
        "H@3": 0.8986384266263238,
        "H@10": 0.9788199697428139,
        "MRR": 0.7967333980380231
    }
}