{
    "Train": {
        "H@1": 0.7225449775112444,
        "H@3": 0.9508058470764618,
        "H@10": 0.9946589205397302,
        "MRR": 0.8394840218560373
    },
    "Val": {
        "H@1": 0.6004601226993865,
        "H@3": 0.8650306748466258,
        "H@10": 0.9555214723926381,
        "MRR": 0.7428909181886543
    },
    "Test": {
        "H@1": 0.5892586989409985,
        "H@3": 0.8630862329803328,
        "H@10": 0.9674735249621785,
        "MRR": 0.7394706383546246
    }
}