{
    "Test": {
        "H@1": 0.4599092284417549,
        "H@3": 0.7579425113464447,
        "H@10": 0.9304084720121029,
        "MRR": 0.6272524231570513
    }
}