{
    "Test": {
        "H@1": 0.47049924357034795,
        "H@3": 0.7806354009077155,
        "H@10": 0.9455370650529501,
        "MRR": 0.6383574308309594
    }
}