{
    "Test": {
        "H@1": 0.42786069651741293,
        "H@3": 0.746268656716418,
        "H@10": 0.9751243781094527,
        "MRR": 0.6134528130796787
    }
}