{
    "Test": {
        "H@1": 0.4925373134328358,
        "H@3": 0.7562189054726368,
        "H@10": 0.9800995024875622,
        "MRR": 0.6501979640039341
    }
}