{
    "Test": {
        "H@1": 0.48258706467661694,
        "H@3": 0.7910447761194029,
        "H@10": 0.9950248756218906,
        "MRR": 0.6561201926873569
    }
}