{
    "Train": {
        "H@1": 0.6995014771048744,
        "H@3": 0.9307607090103397,
        "H@10": 0.9897525849335302,
        "MRR": 0.8199823004125132
    },
    "Val": {
        "H@1": 0.5996932515337423,
        "H@3": 0.8558282208588958,
        "H@10": 0.9539877300613497,
        "MRR": 0.7389592610359113
    },
    "Test": {
        "H@1": 0.6149773071104387,
        "H@3": 0.886535552193646,
        "H@10": 0.9697428139183056,
        "MRR": 0.7590469076835454
    }
}