{
    "Train": {
        "H@1": 0.20319952305246422,
        "H@3": 0.39333267090620033,
        "H@10": 0.6020965818759937,
        "MRR": 0.33888261473583475
    },
    "Val": {
        "H@1": 0.3044478527607362,
        "H@3": 0.5904907975460123,
        "H@10": 0.8243865030674846,
        "MRR": 0.4813985607701097
    },
    "Test": {
        "H@1": 0.33358547655068077,
        "H@3": 0.6172465960665658,
        "H@10": 0.8623298033282905,
        "MRR": 0.5081502428540343
    }
}