{
    "Test": {
        "H@1": 0.5893854748603352,
        "H@3": 0.8342644320297952,
        "H@10": 0.9692737430167597,
        "MRR": 0.7270596996551435
    }
}