{
    "Train": {
        "H@1": 0.7479229607250756,
        "H@3": 0.9638406344410876,
        "H@10": 0.9967900302114804,
        "MRR": 0.85731834561582
    },
    "Val": {
        "H@1": 0.6380368098159509,
        "H@3": 0.8872699386503068,
        "H@10": 0.9547546012269938,
        "MRR": 0.7681504557252974
    },
    "Test": {
        "H@1": 0.6369137670196672,
        "H@3": 0.8933434190620272,
        "H@10": 0.9682299546142209,
        "MRR": 0.7734365113710436
    }
}