{
    "Train": {
        "H@1": 0.7593226788432268,
        "H@3": 0.9667047184170472,
        "H@10": 0.9976217656012176,
        "MRR": 0.8651165675537547
    },
    "Val": {
        "H@1": 0.6618098159509203,
        "H@3": 0.8941717791411042,
        "H@10": 0.9616564417177914,
        "MRR": 0.7873570404865915
    },
    "Test": {
        "H@1": 0.6762481089258698,
        "H@3": 0.9114977307110439,
        "H@10": 0.9720121028744326,
        "MRR": 0.7986992803436843
    }
}