{
    "Test": {
        "H@1": 0.5446293494704992,
        "H@3": 0.8396369137670197,
        "H@10": 0.9667170953101362,
        "MRR": 0.7034610380367322
    }
}