{
    "Test": {
        "H@1": 0.4527363184079602,
        "H@3": 0.7860696517412935,
        "H@10": 0.9900497512437811,
        "MRR": 0.6393844270709942
    }
}