{
    "Test": {
        "H@1": 0.43781094527363185,
        "H@3": 0.7412935323383084,
        "H@10": 0.9900497512437811,
        "MRR": 0.622398110457812
    }
}