{
    "Test": {
        "H@1": 0.4826021180030257,
        "H@3": 0.8245083207261724,
        "H@10": 0.9546142208774584,
        "MRR": 0.6619898274736544
    }
}