{
    "Test": {
        "H@1": 0.4198184568835098,
        "H@3": 0.6830559757942511,
        "H@10": 0.8895612708018155,
        "MRR": 0.5767828584732039
    }
}