{
    "Train": {
        "H@1": 0.7351418711656442,
        "H@3": 0.964532208588957,
        "H@10": 0.9978911042944786,
        "MRR": 0.8502304964644943
    },
    "Val": {
        "H@1": 0.6142638036809815,
        "H@3": 0.8880368098159509,
        "H@10": 0.9662576687116564,
        "MRR": 0.7578772349988526
    },
    "Test": {
        "H@1": 0.5990922844175491,
        "H@3": 0.8986384266263238,
        "H@10": 0.970499243570348,
        "MRR": 0.7537748211532502
    }
}