{
    "Test": {
        "H@1": 0.4145234493192133,
        "H@3": 0.7881996974281392,
        "H@10": 0.9425113464447806,
        "MRR": 0.6104185911302068
    }
}