{
    "Test": {
        "H@1": 0.4129353233830846,
        "H@3": 0.7512437810945274,
        "H@10": 0.9900497512437811,
        "MRR": 0.6128543788991551
    }
}