{
    "Train": {
        "H@1": 0.7347422289613343,
        "H@3": 0.9601971190295678,
        "H@10": 0.9971569370735406,
        "MRR": 0.8482394571613766
    },
    "Val": {
        "H@1": 0.6280674846625767,
        "H@3": 0.8895705521472392,
        "H@10": 0.9693251533742331,
        "MRR": 0.7667648218863335
    },
    "Test": {
        "H@1": 0.6232980332829047,
        "H@3": 0.9062027231467473,
        "H@10": 0.9750378214826021,
        "MRR": 0.7697348301610951
    }
}