{
    "Test": {
        "H@1": 0.43283582089552236,
        "H@3": 0.736318407960199,
        "H@10": 1.0,
        "MRR": 0.6207573244886677
    }
}