{
    "Test": {
        "H@1": 0.5325264750378215,
        "H@3": 0.8214826021180031,
        "H@10": 0.9561270801815431,
        "MRR": 0.691538551096791
    }
}