{
    "Test": {
        "H@1": 0.5316573556797021,
        "H@3": 0.8054003724394786,
        "H@10": 0.9478584729981379,
        "MRR": 0.6825519076168132
    }
}