{
    "Test": {
        "H@1": 0.4130105900151286,
        "H@3": 0.7065052950075643,
        "H@10": 0.9288956127080181,
        "MRR": 0.5837365476693193
    }
}