{
    "Train": {
        "H@1": 0.6669843690430804,
        "H@3": 0.9311856652687762,
        "H@10": 0.9905642394205109,
        "MRR": 0.8021233957600808
    },
    "Val": {
        "H@1": 0.5866564417177914,
        "H@3": 0.86579754601227,
        "H@10": 0.9593558282208589,
        "MRR": 0.7360362400724183
    },
    "Test": {
        "H@1": 0.5703479576399395,
        "H@3": 0.8789712556732224,
        "H@10": 0.959909228441755,
        "MRR": 0.7321935775577556
    }
}