{
    "Test": {
        "H@1": 0.48714069591527986,
        "H@3": 0.8124054462934948,
        "H@10": 0.9546142208774584,
        "MRR": 0.6611317956189379
    }
}