{
    "Train": {
        "H@1": 0.7486579754601227,
        "H@3": 0.9673121165644172,
        "H@10": 0.9973159509202454,
        "MRR": 0.8592691131215613
    },
    "Val": {
        "H@1": 0.6464723926380368,
        "H@3": 0.8995398773006135,
        "H@10": 0.968558282208589,
        "MRR": 0.7797595676052617
    },
    "Test": {
        "H@1": 0.6270801815431165,
        "H@3": 0.9001512859304085,
        "H@10": 0.9682299546142209,
        "MRR": 0.7716683634922412
    }
}