{
    "Test": {
        "H@1": 0.3761638733705773,
        "H@3": 0.6154562383612663,
        "H@10": 0.8798882681564246,
        "MRR": 0.5358080835517607
    }
}