{
    "Test": {
        "H@1": 0.6369137670196672,
        "H@3": 0.8229954614220878,
        "H@10": 0.9304084720121029,
        "MRR": 0.7421825361497343
    }
}