{
    "Train": {
        "H@1": 0.6390832750174947,
        "H@3": 0.8976557032890133,
        "H@10": 0.9846920923722883,
        "MRR": 0.7767110125827856
    },
    "Val": {
        "H@1": 0.536042944785276,
        "H@3": 0.8282208588957055,
        "H@10": 0.9394171779141104,
        "MRR": 0.6963812110902116
    },
    "Test": {
        "H@1": 0.537821482602118,
        "H@3": 0.840393343419062,
        "H@10": 0.9561270801815431,
        "MRR": 0.70142382914431
    }
}