{
    "Train": {
        "H@1": 0.7461802902979373,
        "H@3": 0.9477654698242933,
        "H@10": 0.9880634071810542,
        "MRR": 0.850679026139322
    },
    "Val": {
        "H@1": 0.6257668711656442,
        "H@3": 0.8542944785276073,
        "H@10": 0.9424846625766872,
        "MRR": 0.750845211849426
    },
    "Test": {
        "H@1": 0.6263237518910741,
        "H@3": 0.8706505295007564,
        "H@10": 0.9493192133131618,
        "MRR": 0.7598167257862791
    }
}