{
    "Test": {
        "H@1": 0.5310136157337367,
        "H@3": 0.7670196671709532,
        "H@10": 0.924357034795764,
        "MRR": 0.6725356427518513
    }
}