{
    "Train": {
        "H@1": 0.46453220858895705,
        "H@3": 0.8026265337423313,
        "H@10": 0.9764187116564417,
        "MRR": 0.650303918054743
    },
    "Val": {
        "H@1": 0.3397239263803681,
        "H@3": 0.6572085889570553,
        "H@10": 0.9263803680981595,
        "MRR": 0.5325400181148683
    },
    "Test": {
        "H@1": 0.38729198184568836,
        "H@3": 0.6936459909228442,
        "H@10": 0.9447806354009077,
        "MRR": 0.5737855357748045
    }
}