{
    "Train": {
        "H@1": 0.044416243654822336,
        "H@3": 0.12481870920957215,
        "H@10": 0.3005801305293691,
        "MRR": 0.13286983822794202
    },
    "Val": {
        "H@1": 0.04984662576687116,
        "H@3": 0.12116564417177914,
        "H@10": 0.2791411042944785,
        "MRR": 0.13333691065277187
    },
    "Test": {
        "H@1": 0.037065052950075644,
        "H@3": 0.11649016641452345,
        "H@10": 0.2972768532526475,
        "MRR": 0.1283429101454083
    }
}