{
    "Train": {
        "H@1": 0.4642446319018405,
        "H@3": 0.8173888036809815,
        "H@10": 0.9791986196319018,
        "MRR": 0.6550296964457847
    },
    "Val": {
        "H@1": 0.3512269938650307,
        "H@3": 0.7101226993865031,
        "H@10": 0.9355828220858896,
        "MRR": 0.5557956649296822
    },
    "Test": {
        "H@1": 0.33963691376701965,
        "H@3": 0.7291981845688351,
        "H@10": 0.953857791225416,
        "MRR": 0.5557746514795949
    }
}