{
    "Test": {
        "H@1": 0.4720121028744327,
        "H@3": 0.762481089258699,
        "H@10": 0.9152798789712556,
        "MRR": 0.6382631973120668
    }
}