{
    "Test": {
        "H@1": 0.46444780635400906,
        "H@3": 0.800302571860817,
        "H@10": 0.9606656580937972,
        "MRR": 0.6515446139511727
    }
}