{
    "Test": {
        "H@1": 0.417910447761194,
        "H@3": 0.7661691542288557,
        "H@10": 0.9850746268656716,
        "MRR": 0.616105853792421
    }
}