{
    "Test": {
        "H@1": 0.583963691376702,
        "H@3": 0.8396369137670197,
        "H@10": 0.9576399394856279,
        "MRR": 0.7241722642056592
    }
}