{
    "Test": {
        "H@1": 0.6187594553706506,
        "H@3": 0.8305597579425114,
        "H@10": 0.9334341906202723,
        "MRR": 0.7375625770507233
    }
}