{
    "Test": {
        "H@1": 0.6142208774583964,
        "H@3": 0.8653555219364599,
        "H@10": 0.9561270801815431,
        "MRR": 0.7422163515673558
    }
}