{
    "Test": {
        "H@1": 0.5325264750378215,
        "H@3": 0.8018154311649016,
        "H@10": 0.9394856278366112,
        "MRR": 0.6854702178039467
    }
}