{
    "Test": {
        "H@1": 0.5865921787709497,
        "H@3": 0.8445065176908753,
        "H@10": 0.9664804469273743,
        "MRR": 0.7256556408426746
    }
}