{
    "Test": {
        "H@1": 0.6913767019667171,
        "H@3": 0.9107413010590015,
        "H@10": 0.9757942511346445,
        "MRR": 0.8068982657792014
    }
}