{
    "Train": {
        "H@1": 0.732210806697108,
        "H@3": 0.9461567732115678,
        "H@10": 0.9959094368340944,
        "MRR": 0.8421557309046932
    },
    "Val": {
        "H@1": 0.6096625766871165,
        "H@3": 0.8680981595092024,
        "H@10": 0.9647239263803681,
        "MRR": 0.7485697171225729
    },
    "Test": {
        "H@1": 0.5983358547655068,
        "H@3": 0.867624810892587,
        "H@10": 0.9682299546142209,
        "MRR": 0.7426683616546902
    }
}