{
    "Test": {
        "H@1": 0.5537065052950075,
        "H@3": 0.8229954614220878,
        "H@10": 0.9379727685325264,
        "MRR": 0.6999943129462796
    }
}