{
    "Test": {
        "H@1": 0.518910741301059,
        "H@3": 0.8124054462934948,
        "H@10": 0.9349470499243571,
        "MRR": 0.6737503729710087
    }
}