{
    "Test": {
        "H@1": 0.4729981378026071,
        "H@3": 0.7793296089385475,
        "H@10": 0.9543761638733705,
        "MRR": 0.643606492634656
    }
}