{
    "Test": {
        "H@1": 0.5098335854765507,
        "H@3": 0.7912254160363086,
        "H@10": 0.9349470499243571,
        "MRR": 0.6641725010269783
    }
}