{
    "Test": {
        "H@1": 0.6142208774583964,
        "H@3": 0.8835098335854765,
        "H@10": 0.9636913767019667,
        "MRR": 0.7538808519623739
    }
}