{
    "Train": {
        "H@1": 0.661624809741248,
        "H@3": 0.9375,
        "H@10": 0.9898211567732116,
        "MRR": 0.8030894950234829
    },
    "Val": {
        "H@1": 0.602760736196319,
        "H@3": 0.8719325153374233,
        "H@10": 0.9555214723926381,
        "MRR": 0.7478370665176747
    },
    "Test": {
        "H@1": 0.5423600605143721,
        "H@3": 0.8827534039334342,
        "H@10": 0.9644478063540091,
        "MRR": 0.7196393705015465
    }
}