{
    "Train": {
        "H@1": 0.713903743315508,
        "H@3": 0.9455691367456074,
        "H@10": 0.9942704354469061,
        "MRR": 0.8324992162056797
    },
    "Val": {
        "H@1": 0.6142638036809815,
        "H@3": 0.8596625766871165,
        "H@10": 0.9578220858895705,
        "MRR": 0.7475439047057573
    },
    "Test": {
        "H@1": 0.6059001512859304,
        "H@3": 0.875945537065053,
        "H@10": 0.9689863842662633,
        "MRR": 0.7497168827345742
    }
}