{
    "Test": {
        "H@1": 0.4527363184079602,
        "H@3": 0.7562189054726368,
        "H@10": 0.9800995024875622,
        "MRR": 0.6339733511375302
    }
}