{
    "Test": {
        "H@1": 0.6520423600605144,
        "H@3": 0.9092284417549168,
        "H@10": 0.983358547655068,
        "MRR": 0.7842142996673953
    }
}