{
    "Train": {
        "H@1": 0.7572833900870223,
        "H@3": 0.9612183125236474,
        "H@10": 0.9973514945138101,
        "MRR": 0.8611611671397016
    },
    "Val": {
        "H@1": 0.6549079754601227,
        "H@3": 0.8987730061349694,
        "H@10": 0.9700920245398773,
        "MRR": 0.7841479314016093
    },
    "Test": {
        "H@1": 0.659606656580938,
        "H@3": 0.8993948562783661,
        "H@10": 0.9742813918305597,
        "MRR": 0.7868201496154521
    }
}