{
    "Test": {
        "H@1": 0.7307110438729199,
        "H@3": 0.9001512859304085,
        "H@10": 0.962178517397882,
        "MRR": 0.8223067160675946
    }
}