{
    "Train": {
        "H@1": 0.6959412176347096,
        "H@3": 0.8899580125962211,
        "H@10": 0.9718334499650105,
        "MRR": 0.8011735740052482
    },
    "Val": {
        "H@1": 0.6311349693251533,
        "H@3": 0.8642638036809815,
        "H@10": 0.963957055214724,
        "MRR": 0.7571117120653356
    },
    "Test": {
        "H@1": 0.6475037821482602,
        "H@3": 0.8638426626323752,
        "H@10": 0.9629349470499243,
        "MRR": 0.765460286184234
    }
}