{
    "Test": {
        "H@1": 0.540090771558245,
        "H@3": 0.7912254160363086,
        "H@10": 0.9425113464447806,
        "MRR": 0.6821322883236238
    }
}