{
    "Test": {
        "H@1": 0.5920398009950248,
        "H@3": 0.8059701492537313,
        "H@10": 0.9850746268656716,
        "MRR": 0.7180330310927325
    }
}