{
    "Test": {
        "H@1": 0.5279878971255674,
        "H@3": 0.7972768532526475,
        "H@10": 0.9455370650529501,
        "MRR": 0.6804769249051347
    }
}