{
    "Test": {
        "H@1": 0.4069591527987897,
        "H@3": 0.7291981845688351,
        "H@10": 0.9258698940998488,
        "MRR": 0.5922283475578505
    }
}