{
    "Test": {
        "H@1": 0.4130105900151286,
        "H@3": 0.7367624810892587,
        "H@10": 0.9364599092284418,
        "MRR": 0.5969038588090674
    }
}