{
    "Test": {
        "H@1": 0.37337057728119183,
        "H@3": 0.61731843575419,
        "H@10": 0.8780260707635009,
        "MRR": 0.5353133578653138
    }
}