{
    "Test": {
        "H@1": 0.6444780635400907,
        "H@3": 0.8124054462934948,
        "H@10": 0.9364599092284418,
        "MRR": 0.7453011010527373
    }
}