{
    "Test": {
        "H@1": 0.3540090771558245,
        "H@3": 0.6944024205748865,
        "H@10": 0.9288956127080181,
        "MRR": 0.5558262406563002
    }
}