{
    "Test": {
        "H@1": 0.4069591527987897,
        "H@3": 0.6853252647503782,
        "H@10": 0.8729198184568835,
        "MRR": 0.5686355281504973
    }
}