{
    "Test": {
        "H@1": 0.6172465960665658,
        "H@3": 0.8350983358547656,
        "H@10": 0.9470499243570348,
        "MRR": 0.7354006059683754
    }
}