{
    "Test": {
        "H@1": 0.5522388059701493,
        "H@3": 0.736318407960199,
        "H@10": 0.9900497512437811,
        "MRR": 0.6835702440180053
    }
}