{
    "Test": {
        "H@1": 0.49162011173184356,
        "H@3": 0.7811918063314711,
        "H@10": 0.952513966480447,
        "MRR": 0.653749877584557
    }
}