{
    "Test": {
        "H@1": 0.5633147113594041,
        "H@3": 0.8305400372439479,
        "H@10": 0.9664804469273743,
        "MRR": 0.7108163969348541
    }
}