{
    "Train": {
        "H@1": 0.6974468878121506,
        "H@3": 0.9273201639955274,
        "H@10": 0.9928251956764815,
        "MRR": 0.816999697612166
    },
    "Val": {
        "H@1": 0.5329754601226994,
        "H@3": 0.8236196319018405,
        "H@10": 0.946319018404908,
        "MRR": 0.6926440317563803
    },
    "Test": {
        "H@1": 0.5612708018154312,
        "H@3": 0.8547655068078669,
        "H@10": 0.9531013615733737,
        "MRR": 0.7174460104950717
    }
}