{
    "Test": {
        "H@1": 0.5552193645990923,
        "H@3": 0.773071104387292,
        "H@10": 0.9077155824508321,
        "MRR": 0.6831052831870564
    }
}