{
    "Test": {
        "H@1": 0.5552193645990923,
        "H@3": 0.8411497730711044,
        "H@10": 0.9561270801815431,
        "MRR": 0.7081976661898246
    }
}