{
    "Train": {
        "H@1": 0.7711880438895194,
        "H@3": 0.9580968596292092,
        "H@10": 0.9969731365872115,
        "MRR": 0.8672045544304126
    },
    "Val": {
        "H@1": 0.6687116564417178,
        "H@3": 0.8918711656441718,
        "H@10": 0.968558282208589,
        "MRR": 0.7894847874453743
    },
    "Test": {
        "H@1": 0.6838124054462935,
        "H@3": 0.905446293494705,
        "H@10": 0.981089258698941,
        "MRR": 0.8024243327984356
    }
}