{
    "Train": {
        "H@1": 0.78125,
        "H@3": 0.9583972392638037,
        "H@10": 0.9919478527607362,
        "MRR": 0.8741118400508127
    },
    "Val": {
        "H@1": 0.7300613496932515,
        "H@3": 0.9141104294478528,
        "H@10": 0.9800613496932515,
        "MRR": 0.8317712129454032
    },
    "Test": {
        "H@1": 0.6913767019667171,
        "H@3": 0.9334341906202723,
        "H@10": 0.9803328290468987,
        "MRR": 0.8175212134446186
    }
}