{
    "Test": {
        "H@1": 0.28895612708018154,
        "H@3": 0.4659606656580938,
        "H@10": 0.6913767019667171,
        "MRR": 0.4189782785368115
    }
}