{
    "Train": {
        "H@1": 0.7338957055214724,
        "H@3": 0.9640529141104295,
        "H@10": 0.9965490797546013,
        "MRR": 0.8486569674443637
    },
    "Val": {
        "H@1": 0.6411042944785276,
        "H@3": 0.8957055214723927,
        "H@10": 0.9693251533742331,
        "MRR": 0.7762442893416673
    },
    "Test": {
        "H@1": 0.6293494704992436,
        "H@3": 0.8956127080181543,
        "H@10": 0.9750378214826021,
        "MRR": 0.7709431597286737
    }
}