{
    "Train": {
        "H@1": 0.6973834988540871,
        "H@3": 0.9474789915966386,
        "H@10": 0.9936974789915967,
        "MRR": 0.8261572529335165
    },
    "Val": {
        "H@1": 0.575920245398773,
        "H@3": 0.8665644171779141,
        "H@10": 0.9631901840490797,
        "MRR": 0.7315336858626773
    },
    "Test": {
        "H@1": 0.596822995461422,
        "H@3": 0.8857791225416036,
        "H@10": 0.9652042360060514,
        "MRR": 0.7485582021229764
    }
}