{
    "Test": {
        "H@1": 0.43116490166414523,
        "H@3": 0.6649016641452344,
        "H@10": 0.8782148260211801,
        "MRR": 0.5779627639954954
    }
}