{
    "Test": {
        "H@1": 0.5385779122541604,
        "H@3": 0.7246596066565809,
        "H@10": 0.9077155824508321,
        "MRR": 0.6595737462624475
    }
}