{
    "Test": {
        "H@1": 0.6898638426626323,
        "H@3": 0.8819969742813918,
        "H@10": 0.9712556732223904,
        "MRR": 0.7955040365356365
    }
}