{
    "Test": {
        "H@1": 0.5234493192133132,
        "H@3": 0.8184568835098336,
        "H@10": 0.9531013615733737,
        "MRR": 0.6799367403019977
    }
}