{
    "Test": {
        "H@1": 0.4583963691376702,
        "H@3": 0.6747352496217852,
        "H@10": 0.8819969742813918,
        "MRR": 0.6010054450938972
    }
}