{
    "Train": {
        "H@1": 0.7404422788605697,
        "H@3": 0.9433095952023988,
        "H@10": 0.9930659670164917,
        "MRR": 0.8465413595810659
    },
    "Val": {
        "H@1": 0.6380368098159509,
        "H@3": 0.8665644171779141,
        "H@10": 0.9501533742331288,
        "MRR": 0.7628845789292559
    },
    "Test": {
        "H@1": 0.6664145234493192,
        "H@3": 0.8850226928895613,
        "H@10": 0.9682299546142209,
        "MRR": 0.7858184154438977
    }
}