{
    "Test": {
        "H@1": 0.6232980332829047,
        "H@3": 0.8139183055975794,
        "H@10": 0.9304084720121029,
        "MRR": 0.7329348321124033
    }
}