{
    "Test": {
        "H@1": 0.5582450832072617,
        "H@3": 0.8078668683812406,
        "H@10": 0.9334341906202723,
        "MRR": 0.6974471914329434
    }
}