{
    "Test": {
        "H@1": 0.3994413407821229,
        "H@3": 0.6312849162011173,
        "H@10": 0.8919925512104283,
        "MRR": 0.5558424254649492
    }
}