{
    "Test": {
        "H@1": 0.7034795763993948,
        "H@3": 0.924357034795764,
        "H@10": 0.9682299546142209,
        "MRR": 0.8180958909782624
    }
}