{
    "Test": {
        "H@1": 0.527363184079602,
        "H@3": 0.8009950248756219,
        "H@10": 0.9850746268656716,
        "MRR": 0.6815943730122834
    }
}