{
    "Train": {
        "H@1": 0.671251846381093,
        "H@3": 0.9457163958641064,
        "H@10": 0.9951070901033974,
        "MRR": 0.811216919274798
    },
    "Val": {
        "H@1": 0.5613496932515337,
        "H@3": 0.8895705521472392,
        "H@10": 0.9677914110429447,
        "MRR": 0.7314932317105743
    },
    "Test": {
        "H@1": 0.5590015128593041,
        "H@3": 0.8872919818456884,
        "H@10": 0.9674735249621785,
        "MRR": 0.7306131355825045
    }
}