{
    "Test": {
        "H@1": 0.4735249621785174,
        "H@3": 0.773071104387292,
        "H@10": 0.924357034795764,
        "MRR": 0.6376713451206153
    }
}