{
    "Test": {
        "H@1": 0.5174129353233831,
        "H@3": 0.7711442786069652,
        "H@10": 1.0,
        "MRR": 0.6717128642501776
    }
}