{
    "Test": {
        "H@1": 0.367624810892587,
        "H@3": 0.6459909228441755,
        "H@10": 0.8789712556732224,
        "MRR": 0.5407577027657883
    }
}