{
    "Test": {
        "H@1": 0.5310136157337367,
        "H@3": 0.7866868381240545,
        "H@10": 0.9379727685325264,
        "MRR": 0.6767023960336245
    }
}