{
    "Test": {
        "H@1": 0.3781094527363184,
        "H@3": 0.7014925373134329,
        "H@10": 0.9701492537313433,
        "MRR": 0.5715721398557219
    }
}