{
    "Test": {
        "H@1": 0.4145234493192133,
        "H@3": 0.651285930408472,
        "H@10": 0.8638426626323752,
        "MRR": 0.5648999317459295
    }
}