{
    "Train": {
        "H@1": 0.7536287242169595,
        "H@3": 0.961707410236822,
        "H@10": 0.9963712757830405,
        "MRR": 0.8590545675506437
    },
    "Val": {
        "H@1": 0.6595092024539877,
        "H@3": 0.8911042944785276,
        "H@10": 0.9593558282208589,
        "MRR": 0.7830938973355983
    },
    "Test": {
        "H@1": 0.6369137670196672,
        "H@3": 0.9009077155824509,
        "H@10": 0.9735249621785174,
        "MRR": 0.7759459456961212
    }
}