{
    "Test": {
        "H@1": 0.5325264750378215,
        "H@3": 0.762481089258699,
        "H@10": 0.9152798789712556,
        "MRR": 0.669409675284005
    }
}