{
    "Test": {
        "H@1": 0.42208774583963693,
        "H@3": 0.7972768532526475,
        "H@10": 0.9440242057488654,
        "MRR": 0.6195024785158258
    }
}