Triple Injection Ratios,0.01,0.02,0.03
Random,0.8222906481990615,0.8132027151206112,0.7777818149810231
Closeness,0.8329288462836001,0.7945165525303948,0.8442396784090459
Betweenness,0.8272199110551594,0.8475643732169966,0.8224031745538053
