Triple Injection Ratios,0.01,0.02,0.03
Random,0.8218901374141234,0.8069290827263357,0.8006844865924096
Closeness,0.8461190369574125,0.7906301150582017,0.8453315631643539
Betweenness,0.8315870792215387,0.8335209665103167,0.8212525727593275
