Triple Injection Ratios,0.01,0.02,0.03
Random,0.8178155438689835,0.7934880714335687,0.7775061424060892
Closeness,0.8429722719103466,0.8018040196282407,0.8360021916208272
Betweenness,0.8439172014182922,0.8307610210067844,0.8299740932398
