{
    "Train": {
        "H@1": 0.683090490797546,
        "H@3": 0.9480444785276073,
        "H@10": 0.995207055214724,
        "MRR": 0.8158569128863322
    },
    "Val": {
        "H@1": 0.5498466257668712,
        "H@3": 0.8765337423312883,
        "H@10": 0.9631901840490797,
        "MRR": 0.7182500736805592
    },
    "Test": {
        "H@1": 0.546142208774584,
        "H@3": 0.8774583963691377,
        "H@10": 0.9636913767019667,
        "MRR": 0.7168680317627728
    }
}