{
    "Test": {
        "H@1": 0.5605214152700186,
        "H@3": 0.8156424581005587,
        "H@10": 0.9664804469273743,
        "MRR": 0.702542148792521
    }
}