{
    "Test": {
        "H@1": 0.6191806331471136,
        "H@3": 0.8519553072625698,
        "H@10": 0.9692737430167597,
        "MRR": 0.750770820025854
    }
}