{
    "Train": {
        "H@1": 0.6690536620739667,
        "H@3": 0.9283901377810008,
        "H@10": 0.9912980420594634,
        "MRR": 0.8040638509290481
    },
    "Val": {
        "H@1": 0.5774539877300614,
        "H@3": 0.8642638036809815,
        "H@10": 0.9578220858895705,
        "MRR": 0.7315191325567829
    },
    "Test": {
        "H@1": 0.5627836611195158,
        "H@3": 0.8850226928895613,
        "H@10": 0.970499243570348,
        "MRR": 0.7296616374118606
    }
}