{
    "Test": {
        "H@1": 0.670196671709531,
        "H@3": 0.8275340393343419,
        "H@10": 0.924357034795764,
        "MRR": 0.7617771634030617
    }
}