{
    "Test": {
        "H@1": 0.5446293494704992,
        "H@3": 0.8502269288956127,
        "H@10": 0.9636913767019667,
        "MRR": 0.7026894425442902
    }
}