{
    "Test": {
        "H@1": 0.19818456883509833,
        "H@3": 0.3691376701966717,
        "H@10": 0.6172465960665658,
        "MRR": 0.32904396222726884
    }
}