{
    "Train": {
        "H@1": 0.7721565731166913,
        "H@3": 0.9457163958641064,
        "H@10": 0.9931683899556869,
        "MRR": 0.8622860014648684
    },
    "Val": {
        "H@1": 0.6717791411042945,
        "H@3": 0.8849693251533742,
        "H@10": 0.963957055214724,
        "MRR": 0.7890205779316274
    },
    "Test": {
        "H@1": 0.6633888048411498,
        "H@3": 0.8857791225416036,
        "H@10": 0.970499243570348,
        "MRR": 0.7839348599089325
    }
}