{
    "Train": {
        "H@1": 0.6578655834564254,
        "H@3": 0.9198670605612999,
        "H@10": 0.9895679468242246,
        "MRR": 0.7936207335331595
    },
    "Val": {
        "H@1": 0.5636503067484663,
        "H@3": 0.8381901840490797,
        "H@10": 0.9539877300613497,
        "MRR": 0.713587948456709
    },
    "Test": {
        "H@1": 0.5242057488653555,
        "H@3": 0.8282904689863843,
        "H@10": 0.9523449319213313,
        "MRR": 0.6906840554005373
    }
}