{
    "Test": {
        "H@1": 0.5148975791433892,
        "H@3": 0.8091247672253259,
        "H@10": 0.9599627560521415,
        "MRR": 0.6801586823633817
    }
}