{
    "Test": {
        "H@1": 0.574487895716946,
        "H@3": 0.8268156424581006,
        "H@10": 0.962756052141527,
        "MRR": 0.7170149903752276
    }
}