{
    "Test": {
        "H@1": 0.5472636815920398,
        "H@3": 0.7711442786069652,
        "H@10": 0.9850746268656716,
        "MRR": 0.6846463928553481
    }
}