{
    "Test": {
        "H@1": 0.6202723146747352,
        "H@3": 0.8789712556732224,
        "H@10": 0.9531013615733737,
        "MRR": 0.7586330032683829
    }
}