{
    "Test": {
        "H@1": 0.49813780260707635,
        "H@3": 0.8091247672253259,
        "H@10": 0.9646182495344506,
        "MRR": 0.6694859095385111
    }
}