{
    "Test": {
        "H@1": 0.4626865671641791,
        "H@3": 0.8308457711442786,
        "H@10": 0.9850746268656716,
        "MRR": 0.6574584343241059
    }
}