Triple Injection Ratios,0.01,0.02,0.03
Random,0.2709500882146359,0.2614855507278453,0.29339979740366795
PageRank,0.2685348064332411,0.2633402134762126,0.2860403259307411
Harmonic closeness,0.25821471745954194,0.24973309555540724,0.24711602892145296
