Triple Injection Ratios,0.01,0.02,0.03
Random,0.26204237456249047,0.27496762181695794,0.26425231347087125
PageRank,0.27242906153031154,0.2757817508394843,0.26892055283974997
Harmonic closeness,0.22941156824993922,0.2617077556215806,0.2474445844834112
