Triple Injection Ratios,0.01,0.02,0.03
Random,0.2699241752351081,0.26299650217517884,0.272022719822639
PageRank,0.2790659002282561,0.27802278634925465,0.2837876955702138
Harmonic closeness,0.241008588084385,0.2530614378004785,0.2430990177378768
