{
    "Test": {
        "H@1": 0.5794251134644478,
        "H@3": 0.7987897125567323,
        "H@10": 0.9364599092284418,
        "MRR": 0.7064984967685161
    }
}