{
    "Test": {
        "H@1": 0.5572139303482587,
        "H@3": 0.7661691542288557,
        "H@10": 0.9850746268656716,
        "MRR": 0.6920895163432477
    }
}