{
    "Test": {
        "H@1": 0.6096822995461422,
        "H@3": 0.7957639939485628,
        "H@10": 0.9167927382753404,
        "MRR": 0.7229042057561854
    }
}