{
    "Test": {
        "H@1": 0.3482587064676617,
        "H@3": 0.736318407960199,
        "H@10": 0.9800995024875622,
        "MRR": 0.5595988864645581
    }
}