{
    "Test": {
        "H@1": 0.5506807866868382,
        "H@3": 0.8275340393343419,
        "H@10": 0.9500756429652042,
        "MRR": 0.7010977216122392
    }
}