{
    "Test": {
        "H@1": 0.4977307110438729,
        "H@3": 0.8426626323751891,
        "H@10": 0.9757942511346445,
        "MRR": 0.6854030503990269
    }
}