{
    "Test": {
        "H@1": 0.611731843575419,
        "H@3": 0.8500931098696461,
        "H@10": 0.9739292364990689,
        "MRR": 0.7454364337468098
    }
}