{
    "Test": {
        "H@1": 0.4145234493192133,
        "H@3": 0.708018154311649,
        "H@10": 0.9334341906202723,
        "MRR": 0.590672552581386
    }
}