{
    "Train": {
        "H@1": 0.7831050228310502,
        "H@3": 0.9755517503805176,
        "H@10": 0.9987633181126332,
        "MRR": 0.8805982256623253
    },
    "Val": {
        "H@1": 0.6825153374233128,
        "H@3": 0.9248466257668712,
        "H@10": 0.9754601226993865,
        "MRR": 0.8081084077409033
    },
    "Test": {
        "H@1": 0.6664145234493192,
        "H@3": 0.9167927382753404,
        "H@10": 0.9765506807866868,
        "MRR": 0.7977126172893748
    }
}