{
    "Test": {
        "H@1": 0.3407821229050279,
        "H@3": 0.5716945996275605,
        "H@10": 0.8472998137802608,
        "MRR": 0.5027471885362468
    }
}