{
    "Test": {
        "H@1": 0.3582089552238806,
        "H@3": 0.6965174129353234,
        "H@10": 0.9601990049751243,
        "MRR": 0.5634464623270594
    }
}