{
    "Test": {
        "H@1": 0.5975794251134644,
        "H@3": 0.8139183055975794,
        "H@10": 0.9349470499243571,
        "MRR": 0.7211719598310378
    }
}