{
    "Test": {
        "H@1": 0.5204236006051437,
        "H@3": 0.8048411497730711,
        "H@10": 0.9273827534039334,
        "MRR": 0.6721711119483186
    }
}