{
    "Train": {
        "H@1": 0.5473449684366877,
        "H@3": 0.8200891199405868,
        "H@10": 0.9617526921648719,
        "MRR": 0.7010282710453428
    },
    "Val": {
        "H@1": 0.4838957055214724,
        "H@3": 0.7492331288343558,
        "H@10": 0.8957055214723927,
        "MRR": 0.6385335734696389
    },
    "Test": {
        "H@1": 0.48184568835098335,
        "H@3": 0.7503782148260212,
        "H@10": 0.9228441754916793,
        "MRR": 0.6383537351613656
    }
}