{
    "Test": {
        "H@1": 0.5297951582867784,
        "H@3": 0.8258845437616388,
        "H@10": 0.962756052141527,
        "MRR": 0.689832238712866
    }
}