{
    "Train": {
        "H@1": 0.723458904109589,
        "H@3": 0.9378805175038052,
        "H@10": 0.9931506849315068,
        "MRR": 0.8341807462017251
    },
    "Val": {
        "H@1": 0.656441717791411,
        "H@3": 0.8788343558282209,
        "H@10": 0.973159509202454,
        "MRR": 0.7781784572768863
    },
    "Test": {
        "H@1": 0.6119515885022693,
        "H@3": 0.8706505295007564,
        "H@10": 0.9720121028744326,
        "MRR": 0.7531177914596162
    }
}