{
    "Test": {
        "H@1": 0.39303482587064675,
        "H@3": 0.7014925373134329,
        "H@10": 0.9701492537313433,
        "MRR": 0.5762970169686588
    }
}