{
    "Test": {
        "H@1": 0.649016641452345,
        "H@3": 0.8789712556732224,
        "H@10": 0.9546142208774584,
        "MRR": 0.7722875603591655
    }
}