{
    "Test": {
        "H@1": 0.4084720121028744,
        "H@3": 0.6732223903177005,
        "H@10": 0.903177004538578,
        "MRR": 0.572043905662898
    }
}