{
    "Test": {
        "H@1": 0.632375189107413,
        "H@3": 0.886535552193646,
        "H@10": 0.972768532526475,
        "MRR": 0.7675817337495235
    }
}