{
    "Test": {
        "H@1": 0.4712556732223903,
        "H@3": 0.7216338880484114,
        "H@10": 0.9145234493192134,
        "MRR": 0.6211235060760774
    }
}