{
    "Test": {
        "H@1": 0.5537065052950075,
        "H@3": 0.8396369137670197,
        "H@10": 0.9485627836611196,
        "MRR": 0.7064306472811887
    }
}