{
    "Test": {
        "H@1": 0.5671641791044776,
        "H@3": 0.8109452736318408,
        "H@10": 0.9800995024875622,
        "MRR": 0.7115122439749305
    }
}