{
    "Train": {
        "H@1": 0.6421587423312883,
        "H@3": 0.926667944785276,
        "H@10": 0.9959739263803681,
        "MRR": 0.7855307270786992
    },
    "Val": {
        "H@1": 0.5138036809815951,
        "H@3": 0.8236196319018405,
        "H@10": 0.9555214723926381,
        "MRR": 0.6806728049060745
    },
    "Test": {
        "H@1": 0.5302571860816944,
        "H@3": 0.8532526475037822,
        "H@10": 0.9614220877458396,
        "MRR": 0.6977396188034699
    }
}