{
    "Test": {
        "H@1": 0.6641452344931922,
        "H@3": 0.8124054462934948,
        "H@10": 0.9258698940998488,
        "MRR": 0.7571477449485033
    }
}