{
    "Train": {
        "H@1": 0.7547384382107657,
        "H@3": 0.9577331311599697,
        "H@10": 0.9971569370735406,
        "MRR": 0.8578066568787346
    },
    "Val": {
        "H@1": 0.61579754601227,
        "H@3": 0.8535276073619632,
        "H@10": 0.9409509202453987,
        "MRR": 0.7439146064876055
    },
    "Test": {
        "H@1": 0.6006051437216339,
        "H@3": 0.8585476550680786,
        "H@10": 0.9636913767019667,
        "MRR": 0.7427831464100552
    }
}