{
    "Test": {
        "H@1": 0.686838124054463,
        "H@3": 0.9213313161875946,
        "H@10": 0.9682299546142209,
        "MRR": 0.8088495061661715
    }
}