{
    "Test": {
        "H@1": 0.5521936459909228,
        "H@3": 0.8426626323751891,
        "H@10": 0.9500756429652042,
        "MRR": 0.7065164866227269
    }
}