{
    "Test": {
        "H@1": 0.5195530726256983,
        "H@3": 0.8100558659217877,
        "H@10": 0.9534450651769087,
        "MRR": 0.6783574074399756
    }
}