{
    "Test": {
        "H@1": 0.5658093797276853,
        "H@3": 0.8229954614220878,
        "H@10": 0.9515885022692889,
        "MRR": 0.7107948091757591
    }
}