{
    "Test": {
        "H@1": 0.5679702048417132,
        "H@3": 0.8249534450651769,
        "H@10": 0.9674115456238361,
        "MRR": 0.7135301827536653
    }
}