{
    "Test": {
        "H@1": 0.5703479576399395,
        "H@3": 0.8214826021180031,
        "H@10": 0.9515885022692889,
        "MRR": 0.7128511288666307
    }
}