{
    "Train": {
        "H@1": 0.7286234662576687,
        "H@3": 0.9608895705521472,
        "H@10": 0.9984662576687117,
        "MRR": 0.8454880587451267
    },
    "Val": {
        "H@1": 0.6311349693251533,
        "H@3": 0.8964723926380368,
        "H@10": 0.9723926380368099,
        "MRR": 0.7696100427797893
    },
    "Test": {
        "H@1": 0.5983358547655068,
        "H@3": 0.8986384266263238,
        "H@10": 0.9757942511346445,
        "MRR": 0.7534639807132372
    }
}