{
    "Train": {
        "H@1": 0.725451467268623,
        "H@3": 0.965293453724605,
        "H@10": 0.997084273890143,
        "MRR": 0.8450480696939409
    },
    "Val": {
        "H@1": 0.6165644171779141,
        "H@3": 0.8911042944785276,
        "H@10": 0.9631901840490797,
        "MRR": 0.7614898419086176
    },
    "Test": {
        "H@1": 0.602874432677761,
        "H@3": 0.9069591527987897,
        "H@10": 0.983358547655068,
        "MRR": 0.7591871859588198
    }
}