{
    "Test": {
        "H@1": 0.56732223903177,
        "H@3": 0.7987897125567323,
        "H@10": 0.9425113464447806,
        "MRR": 0.7024262281704067
    }
}