{
    "Test": {
        "H@1": 0.6611195158850227,
        "H@3": 0.8245083207261724,
        "H@10": 0.9273827534039334,
        "MRR": 0.7575314539809636
    }
}