{
    "Test": {
        "H@1": 0.417910447761194,
        "H@3": 0.7213930348258707,
        "H@10": 0.9850746268656716,
        "MRR": 0.6082172112022858
    }
}