{
    "Test": {
        "H@1": 0.472636815920398,
        "H@3": 0.7910447761194029,
        "H@10": 0.9900497512437811,
        "MRR": 0.6500811239617209
    }
}