{
    "Test": {
        "H@1": 0.573373676248109,
        "H@3": 0.7927382753403933,
        "H@10": 0.9258698940998488,
        "MRR": 0.7012261155854833
    }
}