{
    "Test": {
        "H@1": 0.6762481089258698,
        "H@3": 0.8880484114977307,
        "H@10": 0.9576399394856279,
        "MRR": 0.78774683109692
    }
}