{
    "Test": {
        "H@1": 0.5612708018154312,
        "H@3": 0.8335854765506808,
        "H@10": 0.972768532526475,
        "MRR": 0.7146462060473274
    }
}