{
    "Test": {
        "H@1": 0.5007564296520424,
        "H@3": 0.8169440242057489,
        "H@10": 0.9485627836611196,
        "MRR": 0.6726935792338825
    }
}