{
    "Test": {
        "H@1": 0.491679273827534,
        "H@3": 0.8245083207261724,
        "H@10": 0.9379727685325264,
        "MRR": 0.6639083691377607
    }
}