{
    "Test": {
        "H@1": 0.3947858472998138,
        "H@3": 0.6247672253258846,
        "H@10": 0.8780260707635009,
        "MRR": 0.5489230737583142
    }
}