Triple Injection Ratios,0.01,0.02,0.03
Random,0.49965861402869494,0.5098807990861284,0.5056345383736194
PageRank,0.5186204882301488,0.49569767407938514,0.5201522422325723
Harmonic closeness,0.5387276071475645,0.5063715137299928,0.6675254801115892
