Triple Injection Ratios,0.01,0.02,0.03
Random,0.49500405444423956,0.49847528376483924,0.5239099724929953
PageRank,0.5166586038330105,0.5303349737221508,0.5027959451326942
Harmonic closeness,0.5414375319980039,0.5175398342805683,0.49220005620153756
