Triple Injection Ratios,0.01,0.02,0.03
Random,0.502375300155253,0.5007202055250789,0.48006283100377256
PageRank,0.6909516985612097,0.7307658884618549,0.48710088992448913
Harmonic closeness,0.7384747770735449,0.7166284568823365,0.48413800709823995
