{
    "Test": {
        "H@1": 0.5173978819969742,
        "H@3": 0.8260211800302572,
        "H@10": 0.9546142208774584,
        "MRR": 0.6807980324838452
    }
}