{
    "Test": {
        "H@1": 0.7125567322239031,
        "H@3": 0.9077155824508321,
        "H@10": 0.972768532526475,
        "MRR": 0.8169779582548933
    }
}