{
    "Test": {
        "H@1": 0.4583963691376702,
        "H@3": 0.762481089258699,
        "H@10": 0.9228441754916793,
        "MRR": 0.6300607563979869
    }
}