{
    "Train": {
        "H@1": 0.7466449386503068,
        "H@3": 0.9591641104294478,
        "H@10": 0.9969325153374233,
        "MRR": 0.8548925705389525
    },
    "Val": {
        "H@1": 0.6449386503067485,
        "H@3": 0.8757668711656442,
        "H@10": 0.9693251533742331,
        "MRR": 0.771954903562648
    },
    "Test": {
        "H@1": 0.6399394856278366,
        "H@3": 0.8827534039334342,
        "H@10": 0.9682299546142209,
        "MRR": 0.7711763126433381
    }
}