{
    "Train": {
        "H@1": 0.6206863496932515,
        "H@3": 0.910467791411043,
        "H@10": 0.9868673312883436,
        "MRR": 0.7689074300272801
    },
    "Val": {
        "H@1": 0.5391104294478528,
        "H@3": 0.8274539877300614,
        "H@10": 0.9570552147239264,
        "MRR": 0.6963439657708861
    },
    "Test": {
        "H@1": 0.5173978819969742,
        "H@3": 0.8456883509833586,
        "H@10": 0.9644478063540091,
        "MRR": 0.688181666305004
    }
}