{
    "Test": {
        "H@1": 0.582089552238806,
        "H@3": 0.7761194029850746,
        "H@10": 0.9950248756218906,
        "MRR": 0.7072970285656853
    }
}