{
    "Test": {
        "H@1": 0.5249621785173979,
        "H@3": 0.8063540090771558,
        "H@10": 0.9531013615733737,
        "MRR": 0.6824708108622841
    }
}