{
    "Train": {
        "H@1": 0.6144156752974108,
        "H@3": 0.8840972708187543,
        "H@10": 0.9833799860041987,
        "MRR": 0.7563801753959916
    },
    "Val": {
        "H@1": 0.522239263803681,
        "H@3": 0.8059815950920245,
        "H@10": 0.950920245398773,
        "MRR": 0.6800736664780632
    },
    "Test": {
        "H@1": 0.5136157337367625,
        "H@3": 0.8237518910741302,
        "H@10": 0.9659606656580938,
        "MRR": 0.6811569106153159
    }
}