{
    "Train": {
        "H@1": 0.7355805958747135,
        "H@3": 0.9573147440794499,
        "H@10": 0.9962757830404889,
        "MRR": 0.8488485232267466
    },
    "Val": {
        "H@1": 0.63420245398773,
        "H@3": 0.8811349693251533,
        "H@10": 0.9647239263803681,
        "MRR": 0.7673996008597538
    },
    "Test": {
        "H@1": 0.632375189107413,
        "H@3": 0.8933434190620272,
        "H@10": 0.9720121028744326,
        "MRR": 0.770396938102517
    }
}