Triple Injection Ratios,0.01,0.02,0.03
Random,0.6221398844410645,0.6874687535676444,0.6602322621573806
Closeness,0.6543588222627678,0.2595303676976261,0.6554292484698718
Betweenness,0.7146031608783149,0.5954022853708827,0.616165833018987
