Triple Injection Ratios,0.01,0.02,0.03
Random,0.703408602078536,0.6695212074647846,0.6348949996581039
Closeness,0.6285234124176464,0.2749516548652116,0.6997879643470802
Betweenness,0.6844789463123391,0.653074182836467,0.6688879534008548
