Triple Injection Ratios,0.01,0.02,0.03
Random,0.7297637519543657,0.6439275891693083,0.6786735221074024
Closeness,0.6202504893127352,0.3648114231913703,0.6853287526506208
Betweenness,0.7571129864716853,0.685790870798809,0.6845927385867864
