{
    "Test": {
        "H@1": 0.3780260707635009,
        "H@3": 0.6070763500931099,
        "H@10": 0.87243947858473,
        "MRR": 0.532858772436542
    }
}