{
    "Test": {
        "H@1": 0.4281391830559758,
        "H@3": 0.7367624810892587,
        "H@10": 0.9258698940998488,
        "MRR": 0.6062450509154276
    }
}