{
    "Test": {
        "H@1": 0.7019667170953101,
        "H@3": 0.8320726172465961,
        "H@10": 0.9425113464447806,
        "MRR": 0.7830774597905609
    }
}