{
    "Test": {
        "H@1": 0.3808193668528864,
        "H@3": 0.595903165735568,
        "H@10": 0.8770949720670391,
        "MRR": 0.5301178580519941
    }
}