{
    "Train": {
        "H@1": 0.7109318346627991,
        "H@3": 0.9224981870920957,
        "H@10": 0.9914793328498912,
        "MRR": 0.8225920946693704
    },
    "Val": {
        "H@1": 0.6111963190184049,
        "H@3": 0.8397239263803681,
        "H@10": 0.9516871165644172,
        "MRR": 0.740193264528281
    },
    "Test": {
        "H@1": 0.6096822995461422,
        "H@3": 0.8623298033282905,
        "H@10": 0.9644478063540091,
        "MRR": 0.7469827012987547
    }
}