Triple Injection Ratios,0.01,0.02,0.03
Random,0.46455103797575625,0.42554749622783833,0.4570970669663525
Closeness,0.48432527812965304,0.43558104853731916,0.44296507647052796
Betweenness,0.4537736235982348,0.4454057665505646,0.4180504297244733
