Triple Injection Ratios,0.01,0.02,0.03
Random,0.43149692668636247,0.4275169852116023,0.4300634111081792
Closeness,0.46894338755971143,0.4445773597477797,0.426615034243171
Betweenness,0.4175029030287317,0.4733954939401097,0.4114829991902156
