Triple Injection Ratios,0.01,0.02,0.03
Random,0.43863949488856213,0.4375375788710516,0.45434384250290655
Closeness,0.45066729590255855,0.4682873831872759,0.46619868686490173
Betweenness,0.4168140660041585,0.41919786077910576,0.4508026278738956
