{
    "Test": {
        "H@1": 0.659606656580938,
        "H@3": 0.8411497730711044,
        "H@10": 0.9304084720121029,
        "MRR": 0.7559947390238895
    }
}