{
    "Test": {
        "H@1": 0.27860696517412936,
        "H@3": 0.6318407960199005,
        "H@10": 0.9502487562189055,
        "MRR": 0.48764193241805176
    }
}