{
    "Test": {
        "H@1": 0.3681592039800995,
        "H@3": 0.7313432835820896,
        "H@10": 0.9552238805970149,
        "MRR": 0.5740287766407169
    }
}