{
    "Test": {
        "H@1": 0.5422885572139303,
        "H@3": 0.7860696517412935,
        "H@10": 0.9751243781094527,
        "MRR": 0.6855805747596793
    }
}