{
    "Test": {
        "H@1": 0.4527363184079602,
        "H@3": 0.736318407960199,
        "H@10": 1.0,
        "MRR": 0.6239556187317381
    }
}