{
    "Test": {
        "H@1": 0.6293494704992436,
        "H@3": 0.8804841149773072,
        "H@10": 0.9803328290468987,
        "MRR": 0.7658149354883949
    }
}