Triple Injection Ratios,0.01,0.02,0.03
Random,0.35510963306702126,0.3548361754732716,0.3437568387615929
Closeness,0.36088923911062615,0.36165333673991945,0.3595335720378567
Betweenness,0.35517168952584943,0.3582306063036606,0.35300292091377056
