Triple Injection Ratios,0.01,0.02,0.03
Random,0.35913260916585255,0.345718981531949,0.35040503372681164
Closeness,0.36567913787920014,0.36283729221132216,0.3578554758068403
Betweenness,0.36386875360155,0.3607999201455726,0.3521777336903588
