Triple Injection Ratios,0.01,0.02,0.03
Random,0.3536018448489688,0.35006986140071156,0.3521667107700221
Closeness,0.3574817630463091,0.3622151354387803,0.3590358240064323
Betweenness,0.3553651389087207,0.35358679419042466,0.35750568650991815
