{
    "Train": {
        "H@1": 0.7831993876769996,
        "H@3": 0.9606773823191733,
        "H@10": 0.9955032529659396,
        "MRR": 0.8729591266233118
    },
    "Val": {
        "H@1": 0.656441717791411,
        "H@3": 0.8719325153374233,
        "H@10": 0.9555214723926381,
        "MRR": 0.7721681298882481
    },
    "Test": {
        "H@1": 0.6565809379727685,
        "H@3": 0.8872919818456884,
        "H@10": 0.9689863842662633,
        "MRR": 0.7777261753417102
    }
}