{
    "Test": {
        "H@1": 0.6061452513966481,
        "H@3": 0.8324022346368715,
        "H@10": 0.9683426443202979,
        "MRR": 0.7370533715280051
    }
}