{
    "Test": {
        "H@1": 0.31840796019900497,
        "H@3": 0.6766169154228856,
        "H@10": 0.9800995024875622,
        "MRR": 0.5373113343262597
    }
}