{
    "Train": {
        "H@1": 0.7562198291867805,
        "H@3": 0.9559970293353138,
        "H@10": 0.9962866691422205,
        "MRR": 0.8586331892693781
    },
    "Val": {
        "H@1": 0.6395705521472392,
        "H@3": 0.8895705521472392,
        "H@10": 0.9624233128834356,
        "MRR": 0.7713034012790811
    },
    "Test": {
        "H@1": 0.6452344931921331,
        "H@3": 0.897125567322239,
        "H@10": 0.9689863842662633,
        "MRR": 0.7771957838063754
    }
}