{
    "Test": {
        "H@1": 0.4626865671641791,
        "H@3": 0.7562189054726368,
        "H@10": 0.9800995024875622,
        "MRR": 0.6406833630714227
    }
}