{
    "Train": {
        "H@1": 0.6582957110609481,
        "H@3": 0.9214635063957863,
        "H@10": 0.9889014296463506,
        "MRR": 0.7958635948914782
    },
    "Val": {
        "H@1": 0.5728527607361963,
        "H@3": 0.843558282208589,
        "H@10": 0.950920245398773,
        "MRR": 0.720050679894798
    },
    "Test": {
        "H@1": 0.5605143721633888,
        "H@3": 0.846444780635401,
        "H@10": 0.9629349470499243,
        "MRR": 0.7164581045959597
    }
}