{
    "Train": {
        "H@1": 0.6046186144156753,
        "H@3": 0.875962211336599,
        "H@10": 0.972183344996501,
        "MRR": 0.7501077227980901
    },
    "Val": {
        "H@1": 0.5245398773006135,
        "H@3": 0.8136503067484663,
        "H@10": 0.9325153374233128,
        "MRR": 0.6843475622623723
    },
    "Test": {
        "H@1": 0.5370650529500757,
        "H@3": 0.829803328290469,
        "H@10": 0.9372163388804842,
        "MRR": 0.6949483790210541
    }
}