{
    "Train": {
        "H@1": 0.7764032496307238,
        "H@3": 0.9644571639586411,
        "H@10": 0.9972304283604135,
        "MRR": 0.8720037964832351
    },
    "Val": {
        "H@1": 0.6633435582822086,
        "H@3": 0.901840490797546,
        "H@10": 0.9693251533742331,
        "MRR": 0.7882694844822608
    },
    "Test": {
        "H@1": 0.6588502269288956,
        "H@3": 0.9077155824508321,
        "H@10": 0.9742813918305597,
        "MRR": 0.7903358420383108
    }
}