{
    "Test": {
        "H@1": 0.4750378214826021,
        "H@3": 0.7866868381240545,
        "H@10": 0.9062027231467473,
        "MRR": 0.6423036433963508
    }
}