{
    "Test": {
        "H@1": 0.4129353233830846,
        "H@3": 0.7263681592039801,
        "H@10": 0.9900497512437811,
        "MRR": 0.599313138492243
    }
}