{
    "Test": {
        "H@1": 0.48714069591527986,
        "H@3": 0.8139183055975794,
        "H@10": 0.9576399394856279,
        "MRR": 0.6600342793130156
    }
}