{
    "Train": {
        "H@1": 0.7172069355446664,
        "H@3": 0.9477007161703732,
        "H@10": 0.9967018469656992,
        "MRR": 0.8362717318575484
    },
    "Val": {
        "H@1": 0.625,
        "H@3": 0.8726993865030674,
        "H@10": 0.9608895705521472,
        "MRR": 0.7610922551818652
    },
    "Test": {
        "H@1": 0.5998487140695915,
        "H@3": 0.8918305597579426,
        "H@10": 0.970499243570348,
        "MRR": 0.7533489425099018
    }
}