{
    "Test": {
        "H@1": 0.510590015128593,
        "H@3": 0.7344931921331316,
        "H@10": 0.913767019667171,
        "MRR": 0.6481162023212083
    }
}