{
    "Test": {
        "H@1": 0.5325264750378215,
        "H@3": 0.7639939485627837,
        "H@10": 0.9122541603630863,
        "MRR": 0.6658214171227704
    }
}