{
    "Test": {
        "H@1": 0.5968342644320298,
        "H@3": 0.8417132216014898,
        "H@10": 0.962756052141527,
        "MRR": 0.7309123652553815
    }
}