{
    "Test": {
        "H@1": 0.5865921787709497,
        "H@3": 0.8370577281191807,
        "H@10": 0.9655493482309124,
        "MRR": 0.7250941421567371
    }
}