{
    "Test": {
        "H@1": 0.5522388059701493,
        "H@3": 0.8109452736318408,
        "H@10": 0.9850746268656716,
        "MRR": 0.7011630160883892
    }
}