{
    "Test": {
        "H@1": 0.2835820895522388,
        "H@3": 0.6019900497512438,
        "H@10": 0.9651741293532339,
        "MRR": 0.49142060261463255
    }
}