{
    "Test": {
        "H@1": 0.6536312849162011,
        "H@3": 0.8733705772811918,
        "H@10": 0.9748603351955307,
        "MRR": 0.7754518393861248
    }
}