{
    "Train": {
        "H@1": 0.7545053680981595,
        "H@3": 0.8865989263803681,
        "H@10": 0.9523581288343558,
        "MRR": 0.828897652384261
    },
    "Val": {
        "H@1": 0.598159509202454,
        "H@3": 0.7906441717791411,
        "H@10": 0.8964723926380368,
        "MRR": 0.7075718688449588
    },
    "Test": {
        "H@1": 0.6043872919818457,
        "H@3": 0.7934947049924357,
        "H@10": 0.905446293494705,
        "MRR": 0.7135706568994267
    }
}