{
    "Train": {
        "H@1": 0.7316341829085458,
        "H@3": 0.9580209895052474,
        "H@10": 0.9956896551724138,
        "MRR": 0.8465986933908142
    },
    "Val": {
        "H@1": 0.6457055214723927,
        "H@3": 0.901840490797546,
        "H@10": 0.9762269938650306,
        "MRR": 0.7807395196807786
    },
    "Test": {
        "H@1": 0.642965204236006,
        "H@3": 0.9092284417549168,
        "H@10": 0.9750378214826021,
        "MRR": 0.7816628258198443
    }
}