{
    "Test": {
        "H@1": 0.6838124054462935,
        "H@3": 0.9046898638426626,
        "H@10": 0.9667170953101362,
        "MRR": 0.799840470844487
    }
}