{
    "Test": {
        "H@1": 0.5418994413407822,
        "H@3": 0.8268156424581006,
        "H@10": 0.9636871508379888,
        "MRR": 0.6997697077175676
    }
}