{
    "Test": {
        "H@1": 0.4228441754916793,
        "H@3": 0.6611195158850227,
        "H@10": 0.8691376701966718,
        "MRR": 0.5753503794840585
    }
}