{
    "Test": {
        "H@1": 0.5809379727685325,
        "H@3": 0.8441754916792739,
        "H@10": 0.9500756429652042,
        "MRR": 0.7219009700313763
    }
}