{
    "Train": {
        "H@1": 0.6413161711385061,
        "H@3": 0.9000181290790428,
        "H@10": 0.978788977519942,
        "MRR": 0.7776577559971137
    },
    "Val": {
        "H@1": 0.5590490797546013,
        "H@3": 0.843558282208589,
        "H@10": 0.9455521472392638,
        "MRR": 0.7128349202031673
    },
    "Test": {
        "H@1": 0.5514372163388804,
        "H@3": 0.8426626323751891,
        "H@10": 0.9583963691376702,
        "MRR": 0.7117370823859259
    }
}