{
    "Test": {
        "H@1": 0.35195530726256985,
        "H@3": 0.5865921787709497,
        "H@10": 0.8696461824953445,
        "MRR": 0.5095815801986527
    }
}