{
    "Test": {
        "H@1": 0.4493192133131619,
        "H@3": 0.7186081694402421,
        "H@10": 0.9167927382753404,
        "MRR": 0.6131470619946284
    }
}