{
    "Test": {
        "H@1": 0.5627836611195158,
        "H@3": 0.8366111951588502,
        "H@10": 0.9258698940998488,
        "MRR": 0.7065243873626751
    }
}