{
    "Test": {
        "H@1": 0.48756218905472637,
        "H@3": 0.8059701492537313,
        "H@10": 0.9950248756218906,
        "MRR": 0.6640228345452226
    }
}