{
    "Test": {
        "H@1": 0.49924357034795763,
        "H@3": 0.81089258698941,
        "H@10": 0.9364599092284418,
        "MRR": 0.6651576300802191
    }
}