{
    "Test": {
        "H@1": 0.5416036308623298,
        "H@3": 0.8441754916792739,
        "H@10": 0.9576399394856279,
        "MRR": 0.7024167690559407
    }
}