{
    "Test": {
        "H@1": 0.5695915279878971,
        "H@3": 0.7390317700453858,
        "H@10": 0.9145234493192134,
        "MRR": 0.6820178081981493
    }
}