{
    "Test": {
        "H@1": 0.5627836611195158,
        "H@3": 0.8350983358547656,
        "H@10": 0.9515885022692889,
        "MRR": 0.7062645583728017
    }
}