{
    "Test": {
        "H@1": 0.4228855721393035,
        "H@3": 0.7562189054726368,
        "H@10": 0.9701492537313433,
        "MRR": 0.6120278836696748
    }
}