{
    "Test": {
        "H@1": 0.5422885572139303,
        "H@3": 0.7910447761194029,
        "H@10": 0.9950248756218906,
        "MRR": 0.6895168816810608
    }
}