{
    "Test": {
        "H@1": 0.6021180030257186,
        "H@3": 0.8940998487140696,
        "H@10": 0.9712556732223904,
        "MRR": 0.7544478997637091
    }
}