Triple Injection Ratios,0.01,0.02,0.03
Random,0.3709714354461158,0.3695180705960098,0.36355399396288596
Closeness,0.36518895027752135,0.3649704100691559,0.36484975741158665
Betweenness,0.3741964334224382,0.37300676193813465,0.3687736786299818
