Triple Injection Ratios,0.01,0.02,0.03
Random,0.36674534982109264,0.36629495416836266,0.3599779236040416
Closeness,0.37022671163798726,0.3656272340771072,0.36973966020508
Betweenness,0.370281360739335,0.3675954686231443,0.36787020871068754
