Triple Injection Ratios,0.01,0.02,0.03
Random,0.3710856213831985,0.36717428479240816,0.36114201880722946
Closeness,0.37488645253476943,0.36966030226173857,0.3675408207658762
Betweenness,0.3713663532317696,0.37350123653472955,0.3683089182357932
