Triple Injection Ratios,0.01,0.02,0.03
Random,0.258589379230678,0.24310388987086254,0.25955191873758987
PageRank,0.2808749446244538,0.24588659184656567,0.23389673442466022
Harmonic closeness,0.28301156604608313,0.25288651065609846,0.2707414963363948
