Triple Injection Ratios,0.01,0.02,0.03
Random,0.2440114468238415,0.241709363389434,0.2592085053316252
PageRank,0.28058700354026006,0.2500410170464054,0.2787771639108
Harmonic closeness,0.27291631444582426,0.2669346816805047,0.26920296035656466
