Triple Injection Ratios,0.01,0.02,0.03
Random,0.24249955926134895,0.2597064987915741,0.26283803152442275
PageRank,0.2439516866383299,0.2869417877277146,0.24078167233626765
Harmonic closeness,0.24195278717945112,0.25805564976438733,0.24072778109605758
