{
    "Test": {
        "H@1": 0.5735567970204841,
        "H@3": 0.8324022346368715,
        "H@10": 0.9702048417132216,
        "MRR": 0.7171679009921278
    }
}