{
    "Test": {
        "H@1": 0.5491679273827534,
        "H@3": 0.848714069591528,
        "H@10": 0.9561270801815431,
        "MRR": 0.7059558531283006
    }
}