{
    "Test": {
        "H@1": 0.4689863842662632,
        "H@3": 0.7655068078668684,
        "H@10": 0.9379727685325264,
        "MRR": 0.6334237380022149
    }
}