{
    "Test": {
        "H@1": 0.6671709531013615,
        "H@3": 0.9016641452344932,
        "H@10": 0.9757942511346445,
        "MRR": 0.7899294989236205
    }
}