{
    "Test": {
        "H@1": 0.4577114427860697,
        "H@3": 0.7661691542288557,
        "H@10": 0.9900497512437811,
        "MRR": 0.6312031114269921
    }
}