{
    "Test": {
        "H@1": 0.5824508320726173,
        "H@3": 0.7851739788199698,
        "H@10": 0.9198184568835098,
        "MRR": 0.7026151492009685
    }
}