{
    "Train": {
        "H@1": 0.7254601226993865,
        "H@3": 0.9698044478527608,
        "H@10": 0.9971242331288344,
        "MRR": 0.846864781962915
    },
    "Val": {
        "H@1": 0.5966257668711656,
        "H@3": 0.8811349693251533,
        "H@10": 0.9593558282208589,
        "MRR": 0.7444169680426326
    },
    "Test": {
        "H@1": 0.5937972768532527,
        "H@3": 0.8978819969742814,
        "H@10": 0.9659606656580938,
        "MRR": 0.7502975316197338
    }
}