{
    "Test": {
        "H@1": 0.4856278366111952,
        "H@3": 0.7927382753403933,
        "H@10": 0.9485627836611196,
        "MRR": 0.6564640361372918
    }
}