{
    "Test": {
        "H@1": 0.4626865671641791,
        "H@3": 0.7512437810945274,
        "H@10": 0.9800995024875622,
        "MRR": 0.6366685691312557
    }
}