{
    "Test": {
        "H@1": 0.653555219364599,
        "H@3": 0.897125567322239,
        "H@10": 0.9667170953101362,
        "MRR": 0.7836265820841886
    }
}