{
    "Train": {
        "H@1": 0.24344238137341587,
        "H@3": 0.4188525395421947,
        "H@10": 0.6146969250417527,
        "MRR": 0.37087208798354565
    },
    "Val": {
        "H@1": 0.3351226993865031,
        "H@3": 0.6142638036809815,
        "H@10": 0.8243865030674846,
        "MRR": 0.5064560705974422
    },
    "Test": {
        "H@1": 0.3668683812405446,
        "H@3": 0.6580937972768532,
        "H@10": 0.8744326777609682,
        "MRR": 0.5472046298321851
    }
}