{
    "Test": {
        "H@1": 0.5355521936459909,
        "H@3": 0.783661119515885,
        "H@10": 0.9258698940998488,
        "MRR": 0.6771074240225913
    }
}