{
    "Train": {
        "H@1": 0.7352659778032913,
        "H@3": 0.953310371220819,
        "H@10": 0.9973210868733257,
        "MRR": 0.8475322163790129
    },
    "Val": {
        "H@1": 0.6065950920245399,
        "H@3": 0.8803680981595092,
        "H@10": 0.9662576687116564,
        "MRR": 0.7533163304310417
    },
    "Test": {
        "H@1": 0.6270801815431165,
        "H@3": 0.8782148260211801,
        "H@10": 0.9697428139183056,
        "MRR": 0.7632940075836063
    }
}