{
    "Train": {
        "H@1": 0.7282031842304776,
        "H@3": 0.9502463987869598,
        "H@10": 0.9941243366186505,
        "MRR": 0.8417589420313856
    },
    "Val": {
        "H@1": 0.6111963190184049,
        "H@3": 0.879601226993865,
        "H@10": 0.9608895705521472,
        "MRR": 0.7530207314116641
    },
    "Test": {
        "H@1": 0.6142208774583964,
        "H@3": 0.8782148260211801,
        "H@10": 0.959909228441755,
        "MRR": 0.7539306087882424
    }
}