{
    "Test": {
        "H@1": 0.4236006051437216,
        "H@3": 0.7125567322239031,
        "H@10": 0.8956127080181543,
        "MRR": 0.5935387513612363
    }
}