{
    "Test": {
        "H@1": 0.590316573556797,
        "H@3": 0.8547486033519553,
        "H@10": 0.9636871508379888,
        "MRR": 0.7330936448471769
    }
}