{
    "Train": {
        "H@1": 0.7460045662100456,
        "H@3": 0.9725076103500762,
        "H@10": 0.9987633181126332,
        "MRR": 0.860224625662334
    },
    "Val": {
        "H@1": 0.6042944785276073,
        "H@3": 0.8742331288343558,
        "H@10": 0.9654907975460123,
        "MRR": 0.7504770345991107
    },
    "Test": {
        "H@1": 0.6195158850226928,
        "H@3": 0.8940998487140696,
        "H@10": 0.970499243570348,
        "MRR": 0.7667152691144082
    }
}