{
    "Train": {
        "H@1": 0.7212887740029542,
        "H@3": 0.9397156573116692,
        "H@10": 0.9917836041358936,
        "MRR": 0.8344149985689197
    },
    "Val": {
        "H@1": 0.6273006134969326,
        "H@3": 0.8742331288343558,
        "H@10": 0.9677914110429447,
        "MRR": 0.7617561493736154
    },
    "Test": {
        "H@1": 0.6142208774583964,
        "H@3": 0.8668683812405447,
        "H@10": 0.9689863842662633,
        "MRR": 0.7527697057438663
    }
}