{
    "Test": {
        "H@1": 0.5975794251134644,
        "H@3": 0.8668683812405447,
        "H@10": 0.962178517397882,
        "MRR": 0.7374309996704169
    }
}