{
    "Test": {
        "H@1": 0.44175491679273826,
        "H@3": 0.7685325264750378,
        "H@10": 0.9394856278366112,
        "MRR": 0.6195442765061228
    }
}