{
    "Test": {
        "H@1": 0.6217851739788199,
        "H@3": 0.8850226928895613,
        "H@10": 0.9757942511346445,
        "MRR": 0.7606703137724008
    }
}