{
    "Test": {
        "H@1": 0.6913767019667171,
        "H@3": 0.8925869894099848,
        "H@10": 0.9576399394856279,
        "MRR": 0.8015730029539156
    }
}