{
    "Train": {
        "H@1": 1.0,
        "H@3": 1.0,
        "H@10": 1.0,
        "MRR": 1.0
    },
    "Val": {
        "H@1": 0.4815950920245399,
        "H@3": 0.6986196319018405,
        "H@10": 0.8957055214723927,
        "MRR": 0.6194827252039224
    },
    "Test": {
        "H@1": 0.4886535552193646,
        "H@3": 0.7118003025718608,
        "H@10": 0.9069591527987897,
        "MRR": 0.626040118726946
    }
}