{
    "Train": {
        "H@1": 0.6722358292512246,
        "H@3": 0.9164625612316305,
        "H@10": 0.9890657802659202,
        "MRR": 0.801733839195962
    },
    "Val": {
        "H@1": 0.5843558282208589,
        "H@3": 0.8650306748466258,
        "H@10": 0.9570552147239264,
        "MRR": 0.7362943693111608
    },
    "Test": {
        "H@1": 0.6013615733736762,
        "H@3": 0.8797276853252648,
        "H@10": 0.9682299546142209,
        "MRR": 0.7507423416856347
    }
}