{
    "Train": {
        "H@1": 0.6621260683760684,
        "H@3": 0.9130163817663818,
        "H@10": 0.9887820512820513,
        "MRR": 0.7947467063185439
    },
    "Val": {
        "H@1": 0.5283742331288344,
        "H@3": 0.8205521472392638,
        "H@10": 0.9363496932515337,
        "MRR": 0.6893329232785064
    },
    "Test": {
        "H@1": 0.5537065052950075,
        "H@3": 0.8229954614220878,
        "H@10": 0.9470499243570348,
        "MRR": 0.7058381258214985
    }
}