{
    "Test": {
        "H@1": 0.6111951588502269,
        "H@3": 0.8078668683812406,
        "H@10": 0.9394856278366112,
        "MRR": 0.7286969146549
    }
}