{
    "Train": {
        "H@1": 0.7178462709284628,
        "H@3": 0.9609969558599696,
        "H@10": 0.996765601217656,
        "MRR": 0.8415082909632531
    },
    "Val": {
        "H@1": 0.6073619631901841,
        "H@3": 0.870398773006135,
        "H@10": 0.9616564417177914,
        "MRR": 0.7499962307456653
    },
    "Test": {
        "H@1": 0.5953101361573374,
        "H@3": 0.8895612708018155,
        "H@10": 0.962178517397882,
        "MRR": 0.7491467410924578
    }
}