{
    "Test": {
        "H@1": 0.527363184079602,
        "H@3": 0.7313432835820896,
        "H@10": 0.9950248756218906,
        "MRR": 0.6716220484877201
    }
}