{
    "Train": {
        "H@1": 0.7689437428243399,
        "H@3": 0.966035208572522,
        "H@10": 0.9973210868733257,
        "MRR": 0.8700176134769504
    },
    "Val": {
        "H@1": 0.6748466257668712,
        "H@3": 0.9010736196319018,
        "H@10": 0.9631901840490797,
        "MRR": 0.7951936118832064
    },
    "Test": {
        "H@1": 0.6626323751891074,
        "H@3": 0.905446293494705,
        "H@10": 0.9652042360060514,
        "MRR": 0.7920853937410239
    }
}