{
    "Test": {
        "H@1": 0.5968342644320298,
        "H@3": 0.8445065176908753,
        "H@10": 0.9655493482309124,
        "MRR": 0.7356877640904146
    }
}