{
    "Train": {
        "H@1": 0.7652415644171779,
        "H@3": 0.9700920245398773,
        "H@10": 0.9968366564417178,
        "MRR": 0.8675699538191702
    },
    "Val": {
        "H@1": 0.6180981595092024,
        "H@3": 0.8834355828220859,
        "H@10": 0.9624233128834356,
        "MRR": 0.7602924741918039
    },
    "Test": {
        "H@1": 0.6354009077155824,
        "H@3": 0.9069591527987897,
        "H@10": 0.9720121028744326,
        "MRR": 0.7754025837564485
    }
}