{
    "Test": {
        "H@1": 0.4523449319213313,
        "H@3": 0.7957639939485628,
        "H@10": 0.9515885022692889,
        "MRR": 0.6371216542166764
    }
}