{
    "Test": {
        "H@1": 0.6202723146747352,
        "H@3": 0.8154311649016641,
        "H@10": 0.9258698940998488,
        "MRR": 0.7311659892630185
    }
}