{
    "Train": {
        "H@1": 0.7542645943896892,
        "H@3": 0.9617134192570129,
        "H@10": 0.9965883244882486,
        "MRR": 0.8599498603324927
    },
    "Val": {
        "H@1": 0.651840490797546,
        "H@3": 0.8865030674846626,
        "H@10": 0.9662576687116564,
        "MRR": 0.7780181694786967
    },
    "Test": {
        "H@1": 0.6270801815431165,
        "H@3": 0.9046898638426626,
        "H@10": 0.9795763993948563,
        "MRR": 0.7724727551789279
    }
}