{
    "Test": {
        "H@1": 0.653555219364599,
        "H@3": 0.8154311649016641,
        "H@10": 0.924357034795764,
        "MRR": 0.7502490837010681
    }
}