{
    "Train": {
        "H@1": 0.6946752265861027,
        "H@3": 0.9350453172205438,
        "H@10": 0.9885762839879154,
        "MRR": 0.8193841272364971
    },
    "Val": {
        "H@1": 0.6004601226993865,
        "H@3": 0.8834355828220859,
        "H@10": 0.9647239263803681,
        "MRR": 0.7516581002894572
    },
    "Test": {
        "H@1": 0.5990922844175491,
        "H@3": 0.8842662632375189,
        "H@10": 0.9667170953101362,
        "MRR": 0.749003858399048
    }
}