{
    "Test": {
        "H@1": 0.3426443202979516,
        "H@3": 0.5716945996275605,
        "H@10": 0.8575418994413407,
        "MRR": 0.5032903277789218
    }
}