{
    "Test": {
        "H@1": 0.43283582089552236,
        "H@3": 0.7512437810945274,
        "H@10": 0.9850746268656716,
        "MRR": 0.6224395698276295
    }
}