{
    "Test": {
        "H@1": 0.5279329608938548,
        "H@3": 0.8007448789571695,
        "H@10": 0.9618249534450651,
        "MRR": 0.6811883794075705
    }
}