{
    "Train": {
        "H@1": 0.704727411361037,
        "H@3": 0.9413839115516585,
        "H@10": 0.9951391536408692,
        "MRR": 0.8263056716665014
    },
    "Val": {
        "H@1": 0.6042944785276073,
        "H@3": 0.8550613496932515,
        "H@10": 0.9662576687116564,
        "MRR": 0.7428147322851795
    },
    "Test": {
        "H@1": 0.5718608169440242,
        "H@3": 0.8547655068078669,
        "H@10": 0.9765506807866868,
        "MRR": 0.726459529850488
    }
}