{
    "Test": {
        "H@1": 0.6626323751891074,
        "H@3": 0.913767019667171,
        "H@10": 0.9788199697428139,
        "MRR": 0.7881959186456357
    }
}