{
    "Test": {
        "H@1": 0.39303482587064675,
        "H@3": 0.7960199004975125,
        "H@10": 0.9950248756218906,
        "MRR": 0.6104655294953802
    }
}