{
    "Train": {
        "H@1": 0.20503243562020837,
        "H@3": 0.39522311775113034,
        "H@10": 0.6017790446235503,
        "MRR": 0.3416690431766472
    },
    "Val": {
        "H@1": 0.294478527607362,
        "H@3": 0.6035276073619632,
        "H@10": 0.8358895705521472,
        "MRR": 0.4828878752704501
    },
    "Test": {
        "H@1": 0.31164901664145234,
        "H@3": 0.6187594553706506,
        "H@10": 0.8229954614220878,
        "MRR": 0.49426053816876075
    }
}