{
    "Test": {
        "H@1": 0.5219364599092284,
        "H@3": 0.7745839636913767,
        "H@10": 0.9198184568835098,
        "MRR": 0.664701025576551
    }
}