{
    "Test": {
        "H@1": 0.6792738275340393,
        "H@3": 0.8245083207261724,
        "H@10": 0.924357034795764,
        "MRR": 0.7673584325381895
    }
}