{
    "Test": {
        "H@1": 0.17700453857791226,
        "H@3": 0.4341906202723147,
        "H@10": 0.7322239031770046,
        "MRR": 0.3560682450703042
    }
}