{
    "Train": {
        "H@1": 0.23034373765310154,
        "H@3": 0.4108060055314105,
        "H@10": 0.6078131173449229,
        "MRR": 0.36034399241312176
    },
    "Val": {
        "H@1": 0.3427914110429448,
        "H@3": 0.5874233128834356,
        "H@10": 0.816717791411043,
        "MRR": 0.5008075693671749
    },
    "Test": {
        "H@1": 0.3555219364599092,
        "H@3": 0.6172465960665658,
        "H@10": 0.8373676248108926,
        "MRR": 0.5180461734890863
    }
}