{
    "Test": {
        "H@1": 0.6369137670196672,
        "H@3": 0.8744326777609682,
        "H@10": 0.9531013615733737,
        "MRR": 0.7657221004289437
    }
}