{
    "Test": {
        "H@1": 0.6550680786686838,
        "H@3": 0.8895612708018155,
        "H@10": 0.9561270801815431,
        "MRR": 0.7771928568915968
    }
}