{
    "Test": {
        "H@1": 0.5522388059701493,
        "H@3": 0.8258706467661692,
        "H@10": 0.9950248756218906,
        "MRR": 0.7060729900282138
    }
}