{
    "Test": {
        "H@1": 0.5975794251134644,
        "H@3": 0.8381240544629349,
        "H@10": 0.9409984871406959,
        "MRR": 0.728709100391138
    }
}