{
    "Test": {
        "H@1": 0.5422885572139303,
        "H@3": 0.8308457711442786,
        "H@10": 0.9800995024875622,
        "MRR": 0.701549845952831
    }
}