{
    "Test": {
        "H@1": 0.735249621785174,
        "H@3": 0.9046898638426626,
        "H@10": 0.972768532526475,
        "MRR": 0.829102306089382
    }
}