{
    "Test": {
        "H@1": 0.659606656580938,
        "H@3": 0.8895612708018155,
        "H@10": 0.9636913767019667,
        "MRR": 0.7798265371682257
    }
}