{
    "Train": {
        "H@1": 0.70548989706443,
        "H@3": 0.9413839115516585,
        "H@10": 0.9931376286694624,
        "MRR": 0.8273926993800663
    },
    "Val": {
        "H@1": 0.6104294478527608,
        "H@3": 0.8826687116564417,
        "H@10": 0.9624233128834356,
        "MRR": 0.7537223166532766
    },
    "Test": {
        "H@1": 0.586232980332829,
        "H@3": 0.859304084720121,
        "H@10": 0.9629349470499243,
        "MRR": 0.7360469097006117
    }
}