{
    "Test": {
        "H@1": 0.6248108925869894,
        "H@3": 0.8320726172465961,
        "H@10": 0.9485627836611196,
        "MRR": 0.7371414273819421
    }
}