{
    "Test": {
        "H@1": 0.38640595903165736,
        "H@3": 0.6284916201117319,
        "H@10": 0.8761638733705773,
        "MRR": 0.5427773761444062
    }
}