{
    "Test": {
        "H@1": 0.38308457711442784,
        "H@3": 0.7313432835820896,
        "H@10": 0.9900497512437811,
        "MRR": 0.5843420537450388
    }
}