{
    "Test": {
        "H@1": 0.6520423600605144,
        "H@3": 0.8093797276853253,
        "H@10": 0.9349470499243571,
        "MRR": 0.749722871422595
    }
}