{
    "Test": {
        "H@1": 0.6580937972768532,
        "H@3": 0.8260211800302572,
        "H@10": 0.9319213313161876,
        "MRR": 0.7558618865812138
    }
}