{
    "Test": {
        "H@1": 0.3715083798882682,
        "H@3": 0.5921787709497207,
        "H@10": 0.8798882681564246,
        "MRR": 0.5261372323269315
    }
}