{
    "Train": {
        "H@1": 0.7307323619631901,
        "H@3": 0.9564800613496932,
        "H@10": 0.995207055214724,
        "MRR": 0.843311165772575
    },
    "Val": {
        "H@1": 0.5720858895705522,
        "H@3": 0.8757668711656442,
        "H@10": 0.9593558282208589,
        "MRR": 0.7275753485329411
    },
    "Test": {
        "H@1": 0.5998487140695915,
        "H@3": 0.8842662632375189,
        "H@10": 0.9689863842662633,
        "MRR": 0.746361215898207
    }
}