{
    "Test": {
        "H@1": 0.6191806331471136,
        "H@3": 0.8519553072625698,
        "H@10": 0.9702048417132216,
        "MRR": 0.7480555115679415
    }
}