{
    "Test": {
        "H@1": 0.5113464447806354,
        "H@3": 0.81089258698941,
        "H@10": 0.9500756429652042,
        "MRR": 0.6766129860356765
    }
}