Triple Injection Ratios,0.01,0.02,0.03
Random,0.36138830987162424,0.3631830796249031,0.3540227696910134
PageRank,0.36288060910364334,0.36457852043558236,0.35721627473146167
Harmonic closeness,0.35956854061149895,0.35106914466721645,0.35913117682440865
