Triple Injection Ratios,0.01,0.02,0.03
Random,0.35221466811020685,0.3597461563439944,0.3624499971567473
PageRank,0.3591419760711485,0.3640334091800838,0.3670477367392876
Harmonic closeness,0.35750302458217953,0.3543517169448883,0.364962590995402
