Triple Injection Ratios,0.01,0.02,0.03
Random,0.3584608131467227,0.36461351621439353,0.354279060219462
PageRank,0.3565049999317633,0.35527221650169827,0.3582709080266915
Harmonic closeness,0.35268102192107653,0.35982233569603617,0.3599579925695405
