{
    "Train": {
        "H@1": 0.7516233766233766,
        "H@3": 0.9601795263559969,
        "H@10": 0.9957028265851795,
        "MRR": 0.8581742327062359
    },
    "Val": {
        "H@1": 0.6326687116564417,
        "H@3": 0.8711656441717791,
        "H@10": 0.9539877300613497,
        "MRR": 0.7619361301385136
    },
    "Test": {
        "H@1": 0.6157337367624811,
        "H@3": 0.8857791225416036,
        "H@10": 0.962178517397882,
        "MRR": 0.7589479716167015
    }
}