{
    "Train": {
        "H@1": 0.6948811349693251,
        "H@3": 0.9392254601226994,
        "H@10": 0.9939608895705522,
        "MRR": 0.8186992811618388
    },
    "Val": {
        "H@1": 0.5812883435582822,
        "H@3": 0.8757668711656442,
        "H@10": 0.9624233128834356,
        "MRR": 0.7328978502574918
    },
    "Test": {
        "H@1": 0.573373676248109,
        "H@3": 0.867624810892587,
        "H@10": 0.9652042360060514,
        "MRR": 0.7314031976289763
    }
}