{
    "Test": {
        "H@1": 0.7201210287443268,
        "H@3": 0.9183055975794251,
        "H@10": 0.9788199697428139,
        "MRR": 0.8259424596818448
    }
}