{
    "Train": {
        "H@1": 0.41995782208588955,
        "H@3": 0.7495207055214724,
        "H@10": 0.9532208588957055,
        "MRR": 0.6058834802030201
    },
    "Val": {
        "H@1": 0.3366564417177914,
        "H@3": 0.6411042944785276,
        "H@10": 0.8911042944785276,
        "MRR": 0.5190456286752573
    },
    "Test": {
        "H@1": 0.35930408472012104,
        "H@3": 0.6785173978819969,
        "H@10": 0.9069591527987897,
        "MRR": 0.5453241210817549
    }
}