{
    "Train": {
        "H@1": 0.995398773006135,
        "H@3": 0.9990414110429447,
        "H@10": 1.0,
        "MRR": 0.9973223415132924
    },
    "Val": {
        "H@1": 0.691717791411043,
        "H@3": 0.8634969325153374,
        "H@10": 0.946319018404908,
        "MRR": 0.7858145284162054
    },
    "Test": {
        "H@1": 0.6838124054462935,
        "H@3": 0.848714069591528,
        "H@10": 0.9531013615733737,
        "MRR": 0.7799260035900769
    }
}