{
    "Train": {
        "H@1": 0.6928934010152284,
        "H@3": 0.9352791878172588,
        "H@10": 0.9928390137781,
        "MRR": 0.8168934521136625
    },
    "Val": {
        "H@1": 0.6012269938650306,
        "H@3": 0.8581288343558282,
        "H@10": 0.9493865030674846,
        "MRR": 0.737519541889326
    },
    "Test": {
        "H@1": 0.5900151285930408,
        "H@3": 0.8585476550680786,
        "H@10": 0.9614220877458396,
        "MRR": 0.7359851321420257
    }
}