{
    "Test": {
        "H@1": 0.4527363184079602,
        "H@3": 0.7512437810945274,
        "H@10": 0.9850746268656716,
        "MRR": 0.6317975418721687
    }
}