{
    "Test": {
        "H@1": 0.4856278366111952,
        "H@3": 0.7927382753403933,
        "H@10": 0.9515885022692889,
        "MRR": 0.6549947310024244
    }
}