{
    "Test": {
        "H@1": 0.5810055865921788,
        "H@3": 0.8333333333333334,
        "H@10": 0.9646182495344506,
        "MRR": 0.7248621953960898
    }
}