{
    "Test": {
        "H@1": 0.5370650529500757,
        "H@3": 0.8124054462934948,
        "H@10": 0.9379727685325264,
        "MRR": 0.6895606998687794
    }
}