{
    "Test": {
        "H@1": 0.4934823091247672,
        "H@3": 0.8044692737430168,
        "H@10": 0.9599627560521415,
        "MRR": 0.6655681266351339
    }
}