{
    "Test": {
        "H@1": 0.6066565809379728,
        "H@3": 0.8819969742813918,
        "H@10": 0.9712556732223904,
        "MRR": 0.751656696037561
    }
}