{
    "Test": {
        "H@1": 0.540090771558245,
        "H@3": 0.8124054462934948,
        "H@10": 0.9440242057488654,
        "MRR": 0.6922784833141341
    }
}