{
    "Test": {
        "H@1": 0.4281391830559758,
        "H@3": 0.7579425113464447,
        "H@10": 0.9485627836611196,
        "MRR": 0.6148995381693022
    }
}