{
    "Test": {
        "H@1": 0.6232980332829047,
        "H@3": 0.8895612708018155,
        "H@10": 0.9742813918305597,
        "MRR": 0.7574063467135581
    }
}