{
    "Test": {
        "H@1": 0.44776119402985076,
        "H@3": 0.7164179104477612,
        "H@10": 0.9800995024875622,
        "MRR": 0.6167519186175903
    }
}