{
    "Test": {
        "H@1": 0.47761194029850745,
        "H@3": 0.7761194029850746,
        "H@10": 0.9950248756218906,
        "MRR": 0.6464993409023259
    }
}