{
    "Test": {
        "H@1": 0.4977307110438729,
        "H@3": 0.7049924357034796,
        "H@10": 0.8956127080181543,
        "MRR": 0.628252737675363
    }
}