{
    "Test": {
        "H@1": 0.31840796019900497,
        "H@3": 0.6218905472636815,
        "H@10": 0.9751243781094527,
        "MRR": 0.5129566122103436
    }
}