{
    "Train": {
        "H@1": 0.1847413620930697,
        "H@3": 0.3744757339724386,
        "H@10": 0.5980127821050529,
        "MRR": 0.324234262798121
    },
    "Val": {
        "H@1": 0.27223926380368096,
        "H@3": 0.5498466257668712,
        "H@10": 0.7914110429447853,
        "MRR": 0.45122396914431584
    },
    "Test": {
        "H@1": 0.27685325264750377,
        "H@3": 0.5892586989409985,
        "H@10": 0.8328290468986385,
        "MRR": 0.4687351715017518
    }
}