{
    "Test": {
        "H@1": 0.47806354009077157,
        "H@3": 0.8048411497730711,
        "H@10": 0.9334341906202723,
        "MRR": 0.6524031910945467
    }
}