{
    "Test": {
        "H@1": 0.5506807866868382,
        "H@3": 0.8290468986384266,
        "H@10": 0.9455370650529501,
        "MRR": 0.7034833107655953
    }
}