{
    "Test": {
        "H@1": 0.4856278366111952,
        "H@3": 0.773071104387292,
        "H@10": 0.9304084720121029,
        "MRR": 0.6459883970999397
    }
}