{
    "Train": {
        "H@1": 0.31758052147239263,
        "H@3": 0.5439033742331288,
        "H@10": 0.7989838957055214,
        "MRR": 0.4737578681942955
    },
    "Val": {
        "H@1": 0.30368098159509205,
        "H@3": 0.5276073619631901,
        "H@10": 0.7837423312883436,
        "MRR": 0.46064032300904856
    },
    "Test": {
        "H@1": 0.291981845688351,
        "H@3": 0.516641452344932,
        "H@10": 0.7859304084720121,
        "MRR": 0.4502588894531942
    }
}