{
    "Test": {
        "H@1": 0.5491679273827534,
        "H@3": 0.7685325264750378,
        "H@10": 0.9107413010590015,
        "MRR": 0.6755451742530098
    }
}