{
    "Test": {
        "H@1": 0.5763500931098696,
        "H@3": 0.8249534450651769,
        "H@10": 0.9655493482309124,
        "MRR": 0.7154594675749828
    }
}