{
    "Test": {
        "H@1": 0.4129353233830846,
        "H@3": 0.7313432835820896,
        "H@10": 0.9751243781094527,
        "MRR": 0.5985788948475516
    }
}