{
    "Test": {
        "H@1": 0.5612708018154312,
        "H@3": 0.848714069591528,
        "H@10": 0.9757942511346445,
        "MRR": 0.7177203794530229
    }
}