{
    "Test": {
        "H@1": 0.33434190620272314,
        "H@3": 0.6232980332829047,
        "H@10": 0.8426626323751891,
        "MRR": 0.5079984238693319
    }
}