{
    "Train": {
        "H@1": 0.6937543736878936,
        "H@3": 0.9208362491252624,
        "H@10": 0.9895031490552834,
        "MRR": 0.8131900494011294
    },
    "Val": {
        "H@1": 0.6058282208588958,
        "H@3": 0.86579754601227,
        "H@10": 0.9455521472392638,
        "MRR": 0.7430600353984039
    },
    "Test": {
        "H@1": 0.602874432677761,
        "H@3": 0.8691376701966718,
        "H@10": 0.9591527987897126,
        "MRR": 0.7459669319014858
    }
}