{
    "Test": {
        "H@1": 0.6898638426626323,
        "H@3": 0.8456883509833586,
        "H@10": 0.9485627836611196,
        "MRR": 0.7801870916848349
    }
}