{
    "Test": {
        "H@1": 0.6202723146747352,
        "H@3": 0.8714069591527988,
        "H@10": 0.9546142208774584,
        "MRR": 0.7517253241885676
    }
}