{
    "Train": {
        "H@1": 0.17659425367904696,
        "H@3": 0.3743617979777756,
        "H@10": 0.6034638101912103,
        "MRR": 0.319186614299046
    },
    "Val": {
        "H@1": 0.25690184049079756,
        "H@3": 0.5391104294478528,
        "H@10": 0.8228527607361963,
        "MRR": 0.4413538934358867
    },
    "Test": {
        "H@1": 0.2594553706505295,
        "H@3": 0.56732223903177,
        "H@10": 0.8282904689863843,
        "MRR": 0.45065564361670407
    }
}