{
    "Test": {
        "H@1": 0.5143721633888049,
        "H@3": 0.848714069591528,
        "H@10": 0.9515885022692889,
        "MRR": 0.6867361674224256
    }
}