{
    "Test": {
        "H@1": 0.5068078668683812,
        "H@3": 0.783661119515885,
        "H@10": 0.9349470499243571,
        "MRR": 0.6655534148561567
    }
}