{
    "Test": {
        "H@1": 0.41527001862197394,
        "H@3": 0.6312849162011173,
        "H@10": 0.8780260707635009,
        "MRR": 0.5604416120083158
    }
}