{
    "Train": {
        "H@1": 0.779029793735676,
        "H@3": 0.9664820473644004,
        "H@10": 0.9981856378915203,
        "MRR": 0.8742395045423612
    },
    "Val": {
        "H@1": 0.647239263803681,
        "H@3": 0.8826687116564417,
        "H@10": 0.9585889570552147,
        "MRR": 0.7743648778879493
    },
    "Test": {
        "H@1": 0.6618759455370651,
        "H@3": 0.9062027231467473,
        "H@10": 0.9765506807866868,
        "MRR": 0.7897200945257549
    }
}