{
    "Test": {
        "H@1": 0.572139303482587,
        "H@3": 0.7761194029850746,
        "H@10": 0.9701492537313433,
        "MRR": 0.698017723017723
    }
}