{
    "Test": {
        "H@1": 0.35098335854765506,
        "H@3": 0.56732223903177,
        "H@10": 0.7715582450832073,
        "MRR": 0.4895155509239353
    }
}