{
    "Test": {
        "H@1": 0.5572139303482587,
        "H@3": 0.7910447761194029,
        "H@10": 0.9950248756218906,
        "MRR": 0.695984543372603
    }
}