{
    "Test": {
        "H@1": 0.5837988826815642,
        "H@3": 0.8528864059590316,
        "H@10": 0.9692737430167597,
        "MRR": 0.7274863052106058
    }
}