{
    "Train": {
        "H@1": 0.5701687116564417,
        "H@3": 0.8810391104294478,
        "H@10": 0.9912768404907976,
        "MRR": 0.7320299733092778
    },
    "Val": {
        "H@1": 0.4424846625766871,
        "H@3": 0.7753067484662577,
        "H@10": 0.9455521472392638,
        "MRR": 0.6250051989447832
    },
    "Test": {
        "H@1": 0.44478063540090773,
        "H@3": 0.7753403933434191,
        "H@10": 0.9553706505295008,
        "MRR": 0.6284857020224148
    }
}