{
    "Train": {
        "H@1": 0.7366122293961261,
        "H@3": 0.9630649449297379,
        "H@10": 0.9970565894417015,
        "MRR": 0.8515180703765145
    },
    "Val": {
        "H@1": 0.6019938650306749,
        "H@3": 0.8911042944785276,
        "H@10": 0.9631901840490797,
        "MRR": 0.7544295280344507
    },
    "Test": {
        "H@1": 0.5854765506807866,
        "H@3": 0.8827534039334342,
        "H@10": 0.9689863842662633,
        "MRR": 0.7448124653699616
    }
}