{
    "Test": {
        "H@1": 0.582089552238806,
        "H@3": 0.8009950248756219,
        "H@10": 0.9850746268656716,
        "MRR": 0.7194462944462945
    }
}