{
    "Test": {
        "H@1": 0.5007564296520424,
        "H@3": 0.8547655068078669,
        "H@10": 0.9470499243570348,
        "MRR": 0.684430672508838
    }
}