{
    "Test": {
        "H@1": 0.5340393343419062,
        "H@3": 0.8184568835098336,
        "H@10": 0.9515885022692889,
        "MRR": 0.6902027287892752
    }
}