{
    "Train": {
        "H@1": 0.716545245398773,
        "H@3": 0.9615605828220859,
        "H@10": 0.9972200920245399,
        "MRR": 0.8390358998410393
    },
    "Val": {
        "H@1": 0.5881901840490797,
        "H@3": 0.8757668711656442,
        "H@10": 0.9624233128834356,
        "MRR": 0.7386883243193653
    },
    "Test": {
        "H@1": 0.6006051437216339,
        "H@3": 0.8880484114977307,
        "H@10": 0.9667170953101362,
        "MRR": 0.752306906185436
    }
}