{
    "Test": {
        "H@1": 0.6191806331471136,
        "H@3": 0.8649906890130353,
        "H@10": 0.9757914338919925,
        "MRR": 0.750789323086208
    }
}