{
    "Train": {
        "H@1": 0.7547186609686609,
        "H@3": 0.9314458689458689,
        "H@10": 0.9894052706552706,
        "MRR": 0.8489444375639366
    },
    "Val": {
        "H@1": 0.6809815950920245,
        "H@3": 0.8995398773006135,
        "H@10": 0.9654907975460123,
        "MRR": 0.7958740464303847
    },
    "Test": {
        "H@1": 0.6853252647503782,
        "H@3": 0.8948562783661119,
        "H@10": 0.9720121028744326,
        "MRR": 0.799287858871656
    }
}