{
    "Train": {
        "H@1": 0.15275054185158427,
        "H@3": 0.3442047682939416,
        "H@10": 0.5904634121168335,
        "MRR": 0.29567104398172744
    },
    "Val": {
        "H@1": 0.23696319018404907,
        "H@3": 0.5168711656441718,
        "H@10": 0.8075153374233128,
        "MRR": 0.41842099893962015
    },
    "Test": {
        "H@1": 0.2140695915279879,
        "H@3": 0.5037821482602118,
        "H@10": 0.81089258698941,
        "MRR": 0.4045245976235179
    }
}