{
    "Test": {
        "H@1": 0.4972067039106145,
        "H@3": 0.7960893854748603,
        "H@10": 0.9562383612662942,
        "MRR": 0.6636061017502425
    }
}