{
    "Test": {
        "H@1": 0.6565809379727685,
        "H@3": 0.8411497730711044,
        "H@10": 0.9349470499243571,
        "MRR": 0.7557131867129928
    }
}