{
    "Train": {
        "H@1": 0.7538989974006683,
        "H@3": 0.9616598588934274,
        "H@10": 0.9964723356851095,
        "MRR": 0.8607007031943986
    },
    "Val": {
        "H@1": 0.6265337423312883,
        "H@3": 0.8888036809815951,
        "H@10": 0.9700920245398773,
        "MRR": 0.7680904294272887
    },
    "Test": {
        "H@1": 0.6232980332829047,
        "H@3": 0.897125567322239,
        "H@10": 0.9735249621785174,
        "MRR": 0.7717496858313012
    }
}