{
    "Train": {
        "H@1": 0.7484159522922103,
        "H@3": 0.9603056280283265,
        "H@10": 0.9961796496459188,
        "MRR": 0.8571427015954269
    },
    "Val": {
        "H@1": 0.6418711656441718,
        "H@3": 0.88420245398773,
        "H@10": 0.9601226993865031,
        "MRR": 0.7742545180322784
    },
    "Test": {
        "H@1": 0.6285930408472012,
        "H@3": 0.903177004538578,
        "H@10": 0.981089258698941,
        "MRR": 0.7745218483237247
    }
}