{
    "Test": {
        "H@1": 0.5340393343419062,
        "H@3": 0.8199697428139183,
        "H@10": 0.9409984871406959,
        "MRR": 0.6850233769287964
    }
}