{
    "Test": {
        "H@1": 0.7443267776096822,
        "H@3": 0.9046898638426626,
        "H@10": 0.9697428139183056,
        "MRR": 0.8313869261106793
    }
}