{
    "Test": {
        "H@1": 0.6989409984871406,
        "H@3": 0.9334341906202723,
        "H@10": 0.9788199697428139,
        "MRR": 0.8162262699928844
    }
}