{
    "Test": {
        "H@1": 0.5310136157337367,
        "H@3": 0.8350983358547656,
        "H@10": 0.9515885022692889,
        "MRR": 0.6960491804462219
    }
}