{
    "Test": {
        "H@1": 0.6822995461422088,
        "H@3": 0.8789712556732224,
        "H@10": 0.9591527987897126,
        "MRR": 0.7866061358569834
    }
}