{
    "Test": {
        "H@1": 0.3146747352496218,
        "H@3": 0.5491679273827534,
        "H@10": 0.7791225416036308,
        "MRR": 0.4707593652835137
    }
}