{
    "Test": {
        "H@1": 0.6424581005586593,
        "H@3": 0.8528864059590316,
        "H@10": 0.9711359404096834,
        "MRR": 0.7609261202468411
    }
}