{
    "Test": {
        "H@1": 0.4114977307110439,
        "H@3": 0.6898638426626323,
        "H@10": 0.8744326777609682,
        "MRR": 0.5736521124173051
    }
}