{
    "Train": {
        "H@1": 0.7729182582123758,
        "H@3": 0.9558823529411765,
        "H@10": 0.9960847975553858,
        "MRR": 0.8662317020150475
    },
    "Val": {
        "H@1": 0.6641104294478528,
        "H@3": 0.8680981595092024,
        "H@10": 0.9516871165644172,
        "MRR": 0.7764066575310028
    },
    "Test": {
        "H@1": 0.6520423600605144,
        "H@3": 0.8751891074130106,
        "H@10": 0.9712556732223904,
        "MRR": 0.7763170626795983
    }
}