{
    "Test": {
        "H@1": 0.40998487140695916,
        "H@3": 0.680786686838124,
        "H@10": 0.875945537065053,
        "MRR": 0.5744805276401297
    }
}