{
    "Test": {
        "H@1": 0.7019667170953101,
        "H@3": 0.9092284417549168,
        "H@10": 0.9697428139183056,
        "MRR": 0.8115637996872717
    }
}