{
    "Test": {
        "H@1": 0.529500756429652,
        "H@3": 0.8124054462934948,
        "H@10": 0.9500756429652042,
        "MRR": 0.6803164483661437
    }
}