{
    "Train": {
        "H@1": 0.6176103988603988,
        "H@3": 0.8488247863247863,
        "H@10": 0.9614494301994302,
        "MRR": 0.7475172738299392
    },
    "Val": {
        "H@1": 0.5329754601226994,
        "H@3": 0.8021472392638037,
        "H@10": 0.9348159509202454,
        "MRR": 0.6847147503591638
    },
    "Test": {
        "H@1": 0.5416036308623298,
        "H@3": 0.829803328290469,
        "H@10": 0.9478063540090772,
        "MRR": 0.6992094859187603
    }
}