{
    "Train": {
        "H@1": 0.7221161191749427,
        "H@3": 0.9603705118411001,
        "H@10": 0.9976126814362108,
        "MRR": 0.8432892381381749
    },
    "Val": {
        "H@1": 0.6165644171779141,
        "H@3": 0.8934049079754601,
        "H@10": 0.9746932515337423,
        "MRR": 0.7642300300769642
    },
    "Test": {
        "H@1": 0.6369137670196672,
        "H@3": 0.9107413010590015,
        "H@10": 0.9788199697428139,
        "MRR": 0.778827180854022
    }
}