{
    "Train": {
        "H@1": 0.7776502104860313,
        "H@3": 0.9684270952927669,
        "H@10": 0.9986605434366629,
        "MRR": 0.8746396881021263
    },
    "Val": {
        "H@1": 0.6717791411042945,
        "H@3": 0.897239263803681,
        "H@10": 0.9670245398773006,
        "MRR": 0.7923505833521223
    },
    "Test": {
        "H@1": 0.6444780635400907,
        "H@3": 0.9009077155824509,
        "H@10": 0.9674735249621785,
        "MRR": 0.7786892460732731
    }
}