{
    "Test": {
        "H@1": 0.573373676248109,
        "H@3": 0.8335854765506808,
        "H@10": 0.9470499243570348,
        "MRR": 0.7150527864282056
    }
}