{
    "Train": {
        "H@1": 0.18063902243589744,
        "H@3": 0.3718449519230769,
        "H@10": 0.5901943108974359,
        "MRR": 0.3188514214525728
    },
    "Val": {
        "H@1": 0.2523006134969325,
        "H@3": 0.531441717791411,
        "H@10": 0.7914110429447853,
        "MRR": 0.43128332574659173
    },
    "Test": {
        "H@1": 0.2723146747352496,
        "H@3": 0.5620272314674736,
        "H@10": 0.8199697428139183,
        "MRR": 0.4537127928452126
    }
}