{
    "Train": {
        "H@1": 0.6925133689839572,
        "H@3": 0.9310542398777693,
        "H@10": 0.9873949579831933,
        "MRR": 0.8165831121365563
    },
    "Val": {
        "H@1": 0.6311349693251533,
        "H@3": 0.8711656441717791,
        "H@10": 0.9516871165644172,
        "MRR": 0.759904483067862
    },
    "Test": {
        "H@1": 0.6172465960665658,
        "H@3": 0.8721633888048411,
        "H@10": 0.9614220877458396,
        "MRR": 0.7556049399544645
    }
}