{
    "Test": {
        "H@1": 0.34823091247672255,
        "H@3": 0.5819366852886406,
        "H@10": 0.861266294227188,
        "MRR": 0.5068933412085386
    }
}