{
    "Test": {
        "H@1": 0.5597579425113465,
        "H@3": 0.8214826021180031,
        "H@10": 0.9425113464447806,
        "MRR": 0.7054592629503134
    }
}