{
    "Test": {
        "H@1": 0.686838124054463,
        "H@3": 0.9016641452344932,
        "H@10": 0.9667170953101362,
        "MRR": 0.801542826283127
    }
}