{
    "Test": {
        "H@1": 0.6006051437216339,
        "H@3": 0.8547655068078669,
        "H@10": 0.962178517397882,
        "MRR": 0.7387648517556028
    }
}