{
    "Test": {
        "H@1": 0.39334341906202724,
        "H@3": 0.6838124054462935,
        "H@10": 0.9273827534039334,
        "MRR": 0.5736716014570968
    }
}