{
    "Test": {
        "H@1": 0.4228855721393035,
        "H@3": 0.7810945273631841,
        "H@10": 1.0,
        "MRR": 0.6215766406064914
    }
}