{
    "Train": {
        "H@1": 0.6875235582359593,
        "H@3": 0.92254052016585,
        "H@10": 0.990859404447795,
        "MRR": 0.8108220047888056
    },
    "Val": {
        "H@1": 0.5728527607361963,
        "H@3": 0.8297546012269938,
        "H@10": 0.9524539877300614,
        "MRR": 0.7185174623210688
    },
    "Test": {
        "H@1": 0.5726172465960666,
        "H@3": 0.8449319213313162,
        "H@10": 0.9644478063540091,
        "MRR": 0.7216227656928014
    }
}