{
    "Test": {
        "H@1": 0.4886535552193646,
        "H@3": 0.75642965204236,
        "H@10": 0.9273827534039334,
        "MRR": 0.6425707115451917
    }
}