{
    "Test": {
        "H@1": 0.4720121028744327,
        "H@3": 0.800302571860817,
        "H@10": 0.9697428139183056,
        "MRR": 0.6512258466096118
    }
}