{
    "Test": {
        "H@1": 0.47761194029850745,
        "H@3": 0.7860696517412935,
        "H@10": 1.0,
        "MRR": 0.6552890310352997
    }
}