{
    "Test": {
        "H@1": 0.34543761638733705,
        "H@3": 0.5828677839851024,
        "H@10": 0.8752327746741154,
        "MRR": 0.5082177512229271
    }
}