{
    "Test": {
        "H@1": 0.4856278366111952,
        "H@3": 0.8078668683812406,
        "H@10": 0.9546142208774584,
        "MRR": 0.6614743368914167
    }
}