{
    "Test": {
        "H@1": 0.5143721633888049,
        "H@3": 0.8018154311649016,
        "H@10": 0.9757942511346445,
        "MRR": 0.6776543303864602
    }
}