{
    "Test": {
        "H@1": 0.6554934823091247,
        "H@3": 0.8547486033519553,
        "H@10": 0.9683426443202979,
        "MRR": 0.7691237351086491
    }
}