{
    "Test": {
        "H@1": 0.5373134328358209,
        "H@3": 0.8159203980099502,
        "H@10": 1.0,
        "MRR": 0.7009555397615099
    }
}