{
    "Test": {
        "H@1": 0.572139303482587,
        "H@3": 0.8109452736318408,
        "H@10": 1.0,
        "MRR": 0.7116046750375108
    }
}