{
    "Test": {
        "H@1": 0.49016641452344933,
        "H@3": 0.8063540090771558,
        "H@10": 0.9425113464447806,
        "MRR": 0.6563866758512049
    }
}