{
    "Test": {
        "H@1": 0.40298507462686567,
        "H@3": 0.7164179104477612,
        "H@10": 0.9701492537313433,
        "MRR": 0.5901608479966689
    }
}