{
    "Test": {
        "H@1": 0.5718608169440242,
        "H@3": 0.8562783661119516,
        "H@10": 0.9667170953101362,
        "MRR": 0.7207902303116381
    }
}