{
    "Test": {
        "H@1": 0.5809379727685325,
        "H@3": 0.7866868381240545,
        "H@10": 0.9198184568835098,
        "MRR": 0.7042759846069192
    }
}