{
    "Test": {
        "H@1": 0.5121042830540037,
        "H@3": 0.8026070763500931,
        "H@10": 0.957169459962756,
        "MRR": 0.6736690676464965
    }
}