{
    "Test": {
        "H@1": 0.5422885572139303,
        "H@3": 0.8159203980099502,
        "H@10": 0.9800995024875622,
        "MRR": 0.6922671993567515
    }
}