{
    "Test": {
        "H@1": 0.35323383084577115,
        "H@3": 0.6517412935323383,
        "H@10": 0.9601990049751243,
        "MRR": 0.543364457543562
    }
}