{
    "Test": {
        "H@1": 0.5065176908752328,
        "H@3": 0.8026070763500931,
        "H@10": 0.962756052141527,
        "MRR": 0.670540115916462
    }
}