{
    "Test": {
        "H@1": 0.3767019667170953,
        "H@3": 0.6611195158850227,
        "H@10": 0.859304084720121,
        "MRR": 0.5476096522523949
    }
}