{
    "Test": {
        "H@1": 0.4009077155824508,
        "H@3": 0.6331316187594553,
        "H@10": 0.8585476550680786,
        "MRR": 0.5505976801440627
    }
}