{
    "Test": {
        "H@1": 0.5422885572139303,
        "H@3": 0.8059701492537313,
        "H@10": 0.9850746268656716,
        "MRR": 0.6940714895938775
    }
}