{
    "Test": {
        "H@1": 0.5949720670391061,
        "H@3": 0.8286778398510242,
        "H@10": 0.9562383612662942,
        "MRR": 0.7235682601024142
    }
}