Triple Injection Ratios,0.01,0.02,0.03
Random,0.2758959777385629,0.2663234518034874,0.26295289510558517
Closeness,0.2657570426052279,0.25995915585447166,0.2550123095715251
Betweenness,0.2770630281906133,0.2728615278400306,0.25202518099521454
