Triple Injection Ratios,0.01,0.02,0.03
Random,0.2593104068326046,0.2550533451326276,0.2563507929994575
Closeness,0.25406510230826285,0.2713370164559882,0.26101887426091724
Betweenness,0.27460955150390365,0.28797294106622023,0.25501776439291995
