Triple Injection Ratios,0.01,0.02,0.03
Random,0.25718714144907684,0.25738440975354726,0.26215053927420917
Closeness,0.27298655589093374,0.2725006768573905,0.2566290425525454
Betweenness,0.26909607279916004,0.2781464919757917,0.26362463668028424
