{
    "Test": {
        "H@1": 0.4568835098335855,
        "H@3": 0.7276853252647504,
        "H@10": 0.9016641452344932,
        "MRR": 0.6134831329256045
    }
}