{
    "Test": {
        "H@1": 0.5930408472012103,
        "H@3": 0.886535552193646,
        "H@10": 0.9697428139183056,
        "MRR": 0.747539773729635
    }
}