{
    "Test": {
        "H@1": 0.4925373134328358,
        "H@3": 0.7860696517412935,
        "H@10": 0.9850746268656716,
        "MRR": 0.6652968921625638
    }
}