{
    "Test": {
        "H@1": 0.5173978819969742,
        "H@3": 0.7307110438729199,
        "H@10": 0.897125567322239,
        "MRR": 0.6494789739338914
    }
}