{
    "Test": {
        "H@1": 0.5195530726256983,
        "H@3": 0.813780260707635,
        "H@10": 0.957169459962756,
        "MRR": 0.6840181556751189
    }
}