{
    "Test": {
        "H@1": 0.4925373134328358,
        "H@3": 0.7761194029850746,
        "H@10": 0.9850746268656716,
        "MRR": 0.6573605637038473
    }
}