{
    "Train": {
        "H@1": 0.6217117804041175,
        "H@3": 0.9128860083873427,
        "H@10": 0.9865611894776973,
        "MRR": 0.7724462058088396
    },
    "Val": {
        "H@1": 0.566717791411043,
        "H@3": 0.8504601226993865,
        "H@10": 0.9539877300613497,
        "MRR": 0.7196462676018182
    },
    "Test": {
        "H@1": 0.5665658093797277,
        "H@3": 0.8630862329803328,
        "H@10": 0.9652042360060514,
        "MRR": 0.7260912558539782
    }
}