{
    "Train": {
        "H@1": 0.6925083861349236,
        "H@3": 0.9410175177040626,
        "H@10": 0.9925456578456952,
        "MRR": 0.8208582587643934
    },
    "Val": {
        "H@1": 0.5958588957055214,
        "H@3": 0.8811349693251533,
        "H@10": 0.9601226993865031,
        "MRR": 0.7461565504280232
    },
    "Test": {
        "H@1": 0.6142208774583964,
        "H@3": 0.8819969742813918,
        "H@10": 0.9667170953101362,
        "MRR": 0.7585603570018112
    }
}