{
    "Test": {
        "H@1": 0.34328358208955223,
        "H@3": 0.6318407960199005,
        "H@10": 0.9601990049751243,
        "MRR": 0.5390472435248554
    }
}