{
    "Train": {
        "H@1": 0.7016248153618907,
        "H@3": 0.9366691285081241,
        "H@10": 0.9916912850812407,
        "MRR": 0.8237118527084032
    },
    "Val": {
        "H@1": 0.5820552147239264,
        "H@3": 0.8420245398773006,
        "H@10": 0.9593558282208589,
        "MRR": 0.727366582574834
    },
    "Test": {
        "H@1": 0.5915279878971256,
        "H@3": 0.8630862329803328,
        "H@10": 0.9591527987897126,
        "MRR": 0.7378885452968996
    }
}