{
    "Test": {
        "H@1": 0.6520423600605144,
        "H@3": 0.8033282904689864,
        "H@10": 0.924357034795764,
        "MRR": 0.7469433543909918
    }
}