{
    "Test": {
        "H@1": 0.5772811918063314,
        "H@3": 0.851024208566108,
        "H@10": 0.9674115456238361,
        "MRR": 0.726379405520378
    }
}