{
    "Test": {
        "H@1": 0.659606656580938,
        "H@3": 0.8789712556732224,
        "H@10": 0.9591527987897126,
        "MRR": 0.7794588426988904
    }
}