{
    "Test": {
        "H@1": 0.6928895612708018,
        "H@3": 0.8411497730711044,
        "H@10": 0.9470499243570348,
        "MRR": 0.7810655142134719
    }
}