{
    "Test": {
        "H@1": 0.4599092284417549,
        "H@3": 0.8154311649016641,
        "H@10": 0.9531013615733737,
        "MRR": 0.6495772340368348
    }
}