{
    "Train": {
        "H@1": 0.7470283742331288,
        "H@3": 0.9649156441717791,
        "H@10": 0.9979869631901841,
        "MRR": 0.8559655725093227
    },
    "Val": {
        "H@1": 0.6357361963190185,
        "H@3": 0.8911042944785276,
        "H@10": 0.9662576687116564,
        "MRR": 0.768662623275816
    },
    "Test": {
        "H@1": 0.6376701966717095,
        "H@3": 0.8910741301059002,
        "H@10": 0.970499243570348,
        "MRR": 0.772429341610797
    }
}