{
    "Test": {
        "H@1": 0.49016641452344933,
        "H@3": 0.8320726172465961,
        "H@10": 0.9682299546142209,
        "MRR": 0.6663319019910144
    }
}