{
    "Train": {
        "H@1": 0.9119056748466258,
        "H@3": 0.9924271472392638,
        "H@10": 0.9986579754601227,
        "MRR": 0.9523456968004064
    },
    "Val": {
        "H@1": 0.7269938650306749,
        "H@3": 0.9194785276073619,
        "H@10": 0.973159509202454,
        "MRR": 0.830519276105938
    },
    "Test": {
        "H@1": 0.7284417549167927,
        "H@3": 0.9394856278366112,
        "H@10": 0.9803328290468987,
        "MRR": 0.8347235421197986
    }
}