{
    "Train": {
        "H@1": 0.714041095890411,
        "H@3": 0.9571917808219178,
        "H@10": 0.9969558599695586,
        "MRR": 0.8373940066168647
    },
    "Val": {
        "H@1": 0.5874233128834356,
        "H@3": 0.8872699386503068,
        "H@10": 0.9647239263803681,
        "MRR": 0.7428266218860803
    },
    "Test": {
        "H@1": 0.6074130105900152,
        "H@3": 0.8872919818456884,
        "H@10": 0.9773071104387292,
        "MRR": 0.7577210769097209
    }
}