{
    "Train": {
        "H@1": 0.7319675226586103,
        "H@3": 0.9403323262839879,
        "H@10": 0.9881986404833837,
        "MRR": 0.8404843221535809
    },
    "Val": {
        "H@1": 0.6411042944785276,
        "H@3": 0.8773006134969326,
        "H@10": 0.9631901840490797,
        "MRR": 0.7701952463912963
    },
    "Test": {
        "H@1": 0.6210287443267776,
        "H@3": 0.8736762481089259,
        "H@10": 0.9606656580937972,
        "MRR": 0.7587860435582585
    }
}