{
    "Test": {
        "H@1": 0.4001512859304085,
        "H@3": 0.6739788199697428,
        "H@10": 0.8895612708018155,
        "MRR": 0.5650544246770075
    }
}