{
    "Test": {
        "H@1": 0.6747352496217852,
        "H@3": 0.8335854765506808,
        "H@10": 0.9440242057488654,
        "MRR": 0.7670286059035745
    }
}