Triple Injection Ratios,0.01,0.02,0.03
Random,0.35478291611101154,0.32846309559534825,0.3522804937256199
PageRank,0.347500950277504,0.35241904808723207,0.3519097753601103
Harmonic closeness,0.3484034250451752,0.36171421835841366,0.3557401613782517
