Triple Injection Ratios,0.01,0.02,0.03
Random,0.344689681286638,0.34660218811945204,0.3421367560815839
PageRank,0.3410336636365109,0.3525367035013499,0.34724780246064924
Harmonic closeness,0.3624206655618713,0.36371208945711286,0.35817576141772056
