Triple Injection Ratios,0.01,0.02,0.03
Random,0.3567214498679032,0.34361631966078043,0.34996531166273276
PageRank,0.34946424755080197,0.3391911774529937,0.345166877619068
Harmonic closeness,0.3536028389336271,0.35651590111574116,0.3601010872839647
