{
    "Test": {
        "H@1": 0.6717095310136157,
        "H@3": 0.8350983358547656,
        "H@10": 0.9546142208774584,
        "MRR": 0.7670194154576305
    }
}