{
    "Train": {
        "H@1": 0.7769289533995416,
        "H@3": 0.966100076394194,
        "H@10": 0.9967532467532467,
        "MRR": 0.872985596615151
    },
    "Val": {
        "H@1": 0.661042944785276,
        "H@3": 0.8949386503067485,
        "H@10": 0.9700920245398773,
        "MRR": 0.786012241900712
    },
    "Test": {
        "H@1": 0.6777609682299546,
        "H@3": 0.913767019667171,
        "H@10": 0.972768532526475,
        "MRR": 0.8025733965125391
    }
}