{
    "Test": {
        "H@1": 0.4114977307110439,
        "H@3": 0.7140695915279879,
        "H@10": 0.903177004538578,
        "MRR": 0.585471249342381
    }
}