{
    "Test": {
        "H@1": 0.6021180030257186,
        "H@3": 0.859304084720121,
        "H@10": 0.9712556732223904,
        "MRR": 0.740092479222866
    }
}