{
    "Test": {
        "H@1": 0.6853252647503782,
        "H@3": 0.8260211800302572,
        "H@10": 0.9364599092284418,
        "MRR": 0.770452888439784
    }
}