{
    "Train": {
        "H@1": 0.625191717791411,
        "H@3": 0.9167944785276073,
        "H@10": 0.9949194785276073,
        "MRR": 0.773819839951243
    },
    "Val": {
        "H@1": 0.4700920245398773,
        "H@3": 0.7952453987730062,
        "H@10": 0.9378834355828221,
        "MRR": 0.6463637968809051
    },
    "Test": {
        "H@1": 0.49924357034795763,
        "H@3": 0.8222390317700454,
        "H@10": 0.9583963691376702,
        "MRR": 0.6728863333813948
    }
}