{
    "Test": {
        "H@1": 0.5870646766169154,
        "H@3": 0.7761194029850746,
        "H@10": 0.9800995024875622,
        "MRR": 0.7108780246839947
    }
}