{
    "Test": {
        "H@1": 0.6853252647503782,
        "H@3": 0.8517397881996974,
        "H@10": 0.9425113464447806,
        "MRR": 0.7765171118286693
    }
}