{
    "Test": {
        "H@1": 0.6550680786686838,
        "H@3": 0.8305597579425114,
        "H@10": 0.9470499243570348,
        "MRR": 0.7585337811531653
    }
}