{
    "Test": {
        "H@1": 0.5121042830540037,
        "H@3": 0.8044692737430168,
        "H@10": 0.957169459962756,
        "MRR": 0.6735046273292399
    }
}