{
    "Train": {
        "H@1": 0.5428489263803681,
        "H@3": 0.8607170245398773,
        "H@10": 0.9880176380368099,
        "MRR": 0.7103653573281248
    },
    "Val": {
        "H@1": 0.4325153374233129,
        "H@3": 0.75920245398773,
        "H@10": 0.9394171779141104,
        "MRR": 0.6111594652966835
    },
    "Test": {
        "H@1": 0.4236006051437216,
        "H@3": 0.7617246596066566,
        "H@10": 0.9523449319213313,
        "MRR": 0.6114603214342553
    }
}