{
    "Test": {
        "H@1": 0.2885572139303483,
        "H@3": 0.6567164179104478,
        "H@10": 0.9751243781094527,
        "MRR": 0.510525475077714
    }
}