{
    "Test": {
        "H@1": 0.5370650529500757,
        "H@3": 0.8093797276853253,
        "H@10": 0.9349470499243571,
        "MRR": 0.6868448593955476
    }
}