{
    "Test": {
        "H@1": 0.6232980332829047,
        "H@3": 0.869894099848714,
        "H@10": 0.9652042360060514,
        "MRR": 0.7583862599295133
    }
}