{
    "Test": {
        "H@1": 0.44776119402985076,
        "H@3": 0.7263681592039801,
        "H@10": 0.9751243781094527,
        "MRR": 0.6202901437976065
    }
}