{
    "Test": {
        "H@1": 0.5900151285930408,
        "H@3": 0.7957639939485628,
        "H@10": 0.913767019667171,
        "MRR": 0.7119525583548181
    }
}