{
    "Test": {
        "H@1": 0.4553072625698324,
        "H@3": 0.7858472998137802,
        "H@10": 0.9459962756052142,
        "MRR": 0.6371752536640781
    }
}