{
    "Train": {
        "H@1": 0.2321446114549563,
        "H@3": 0.4252382355830632,
        "H@10": 0.6159740642499263,
        "MRR": 0.36633948322753734
    },
    "Val": {
        "H@1": 0.3504601226993865,
        "H@3": 0.661042944785276,
        "H@10": 0.8381901840490797,
        "MRR": 0.5276220937952237
    },
    "Test": {
        "H@1": 0.33963691376701965,
        "H@3": 0.6399394856278366,
        "H@10": 0.8517397881996974,
        "MRR": 0.5209834526773415
    }
}