{
    "Test": {
        "H@1": 0.2042360060514372,
        "H@3": 0.37065052950075644,
        "H@10": 0.6202723146747352,
        "MRR": 0.3359642189999929
    }
}