{
    "Test": {
        "H@1": 0.583963691376702,
        "H@3": 0.8683812405446294,
        "H@10": 0.972768532526475,
        "MRR": 0.7352502460212946
    }
}