{
    "Test": {
        "H@1": 0.6217851739788199,
        "H@3": 0.7987897125567323,
        "H@10": 0.9288956127080181,
        "MRR": 0.7313751756022172
    }
}