{
    "Test": {
        "H@1": 0.45623836126629425,
        "H@3": 0.7718808193668529,
        "H@10": 0.9459962756052142,
        "MRR": 0.6333735581775544
    }
}