{
    "Test": {
        "H@1": 0.680786686838124,
        "H@3": 0.8350983358547656,
        "H@10": 0.9394856278366112,
        "MRR": 0.7698761398947179
    }
}