{
    "Train": {
        "H@1": 0.7817577548005908,
        "H@3": 0.9613183161004432,
        "H@10": 0.9948301329394387,
        "MRR": 0.8738072172366744
    },
    "Val": {
        "H@1": 0.6871165644171779,
        "H@3": 0.8987730061349694,
        "H@10": 0.963957055214724,
        "MRR": 0.7982043604757119
    },
    "Test": {
        "H@1": 0.7087745839636914,
        "H@3": 0.9213313161875946,
        "H@10": 0.972768532526475,
        "MRR": 0.8196420767363596
    }
}