{
    "Train": {
        "H@1": 0.2482802672955975,
        "H@3": 0.41312893081761004,
        "H@10": 0.6076061320754716,
        "MRR": 0.3708874969299647
    },
    "Val": {
        "H@1": 0.37576687116564417,
        "H@3": 0.6303680981595092,
        "H@10": 0.8228527607361963,
        "MRR": 0.530535521609885
    },
    "Test": {
        "H@1": 0.36232980332829046,
        "H@3": 0.6278366111951589,
        "H@10": 0.8252647503782148,
        "MRR": 0.5245094168654958
    }
}