{
    "Test": {
        "H@1": 0.6268656716417911,
        "H@3": 0.845771144278607,
        "H@10": 0.9751243781094527,
        "MRR": 0.7490389516508918
    }
}