{
    "Train": {
        "H@1": 0.20589994020330876,
        "H@3": 0.4018337651983257,
        "H@10": 0.6113215068766195,
        "MRR": 0.34507919515709223
    },
    "Val": {
        "H@1": 0.28450920245398775,
        "H@3": 0.6058282208588958,
        "H@10": 0.8151840490797546,
        "MRR": 0.4714179031438778
    },
    "Test": {
        "H@1": 0.3086232980332829,
        "H@3": 0.6066565809379728,
        "H@10": 0.8426626323751891,
        "MRR": 0.49237554243189746
    }
}