{
    "Test": {
        "H@1": 0.6096822995461422,
        "H@3": 0.8260211800302572,
        "H@10": 0.9425113464447806,
        "MRR": 0.7309059860866463
    }
}