{
    "Test": {
        "H@1": 0.4402420574886536,
        "H@3": 0.7428139183055976,
        "H@10": 0.9304084720121029,
        "MRR": 0.614373779996054
    }
}