{
    "Test": {
        "H@1": 0.4795158286778399,
        "H@3": 0.7830540037243948,
        "H@10": 0.9450651769087524,
        "MRR": 0.651250597158442
    }
}