{
    "Train": {
        "H@1": 0.2717599693251534,
        "H@3": 0.5445743865030674,
        "H@10": 0.7978335889570553,
        "MRR": 0.4474727815566903
    },
    "Val": {
        "H@1": 0.25996932515337423,
        "H@3": 0.5260736196319018,
        "H@10": 0.7837423312883436,
        "MRR": 0.4313344529312135
    },
    "Test": {
        "H@1": 0.22239031770045387,
        "H@3": 0.5,
        "H@10": 0.7723146747352496,
        "MRR": 0.40514128979608177
    }
}