{
    "Test": {
        "H@1": 0.5671641791044776,
        "H@3": 0.8109452736318408,
        "H@10": 0.9900497512437811,
        "MRR": 0.7107243364706051
    }
}