Triple Injection Ratios,0.01,0.02,0.03
Random,0.23880773400009023,0.24849211595216822,0.23908667728478117
PageRank,0.23938367267336358,0.236403267859346,0.24171026291917885
Harmonic closeness,0.24218150911977274,0.24746000943822644,0.22810821045724033
