Triple Injection Ratios,0.01,0.02,0.03
Random,0.24655592026885598,0.23174963268353835,0.23153083656228052
PageRank,0.24536900039693765,0.2435645431848392,0.24002615673461825
Harmonic closeness,0.24361864651608423,0.23846130559397288,0.23548952824478256
