Triple Injection Ratios,0.01,0.02,0.03
Random,0.2512191889612215,0.23652060154287974,0.2430692277258446
PageRank,0.2392992209955118,0.25040340175755255,0.25037329887366055
Harmonic closeness,0.25361248891126176,0.24044637564295337,0.23896151513748592
