{
    "Test": {
        "H@1": 0.4402420574886536,
        "H@3": 0.800302571860817,
        "H@10": 0.9591527987897126,
        "MRR": 0.6285520311012932
    }
}