{
    "Test": {
        "H@1": 0.6006051437216339,
        "H@3": 0.8819969742813918,
        "H@10": 0.9712556732223904,
        "MRR": 0.7475899136502271
    }
}