{
    "Test": {
        "H@1": 0.5960665658093798,
        "H@3": 0.8729198184568835,
        "H@10": 0.9485627836611196,
        "MRR": 0.7395050149571983
    }
}