{
    "Test": {
        "H@1": 0.6944024205748865,
        "H@3": 0.9258698940998488,
        "H@10": 0.9818456883509834,
        "MRR": 0.8126645382277337
    }
}