{
    "Test": {
        "H@1": 0.443267776096823,
        "H@3": 0.7065052950075643,
        "H@10": 0.8925869894099848,
        "MRR": 0.5997480577680212
    }
}