{
    "Train": {
        "H@1": 0.6600812407680945,
        "H@3": 0.9267909896602659,
        "H@10": 0.9890140324963073,
        "MRR": 0.799930056088463
    },
    "Val": {
        "H@1": 0.5636503067484663,
        "H@3": 0.8680981595092024,
        "H@10": 0.9578220858895705,
        "MRR": 0.7255126507447247
    },
    "Test": {
        "H@1": 0.5695915279878971,
        "H@3": 0.8744326777609682,
        "H@10": 0.9591527987897126,
        "MRR": 0.7302114134048587
    }
}