{
    "Test": {
        "H@1": 0.47806354009077157,
        "H@3": 0.8472012102874432,
        "H@10": 0.9697428139183056,
        "MRR": 0.6677850504945542
    }
}