{
    "Test": {
        "H@1": 0.4856278366111952,
        "H@3": 0.7034795763993948,
        "H@10": 0.897125567322239,
        "MRR": 0.6231921288206355
    }
}