{
    "Test": {
        "H@1": 0.417910447761194,
        "H@3": 0.7562189054726368,
        "H@10": 0.9701492537313433,
        "MRR": 0.6106886756140487
    }
}