{
    "Test": {
        "H@1": 0.5885022692889561,
        "H@3": 0.875945537065053,
        "H@10": 0.9712556732223904,
        "MRR": 0.7387329837244347
    }
}