{
    "Test": {
        "H@1": 0.583963691376702,
        "H@3": 0.8169440242057489,
        "H@10": 0.9349470499243571,
        "MRR": 0.717046543886084
    }
}