{
    "Train": {
        "H@1": 0.7416912850812407,
        "H@3": 0.9508862629246676,
        "H@10": 0.9955686853766618,
        "MRR": 0.8485908111636771
    },
    "Val": {
        "H@1": 0.6288343558282209,
        "H@3": 0.8865030674846626,
        "H@10": 0.963957055214724,
        "MRR": 0.7654176084778823
    },
    "Test": {
        "H@1": 0.6270801815431165,
        "H@3": 0.8842662632375189,
        "H@10": 0.9735249621785174,
        "MRR": 0.7663526034467898
    }
}