{
    "Test": {
        "H@1": 0.5167597765363129,
        "H@3": 0.8072625698324022,
        "H@10": 0.9655493482309124,
        "MRR": 0.6779123929946818
    }
}