{
    "Train": {
        "H@1": 0.7400298173686172,
        "H@3": 0.952664927320164,
        "H@10": 0.9957137532612746,
        "MRR": 0.8491659482098648
    },
    "Val": {
        "H@1": 0.6487730061349694,
        "H@3": 0.8742331288343558,
        "H@10": 0.9516871165644172,
        "MRR": 0.7699635328362203
    },
    "Test": {
        "H@1": 0.6603630862329803,
        "H@3": 0.8872919818456884,
        "H@10": 0.9712556732223904,
        "MRR": 0.7833940678232502
    }
}