{
    "Test": {
        "H@1": 0.5970149253731343,
        "H@3": 0.8009950248756219,
        "H@10": 0.9950248756218906,
        "MRR": 0.724521926387598
    }
}