{
    "Test": {
        "H@1": 0.642965204236006,
        "H@3": 0.8608169440242057,
        "H@10": 0.9652042360060514,
        "MRR": 0.7635443957159722
    }
}