{
    "Test": {
        "H@1": 0.5385779122541604,
        "H@3": 0.8472012102874432,
        "H@10": 0.9682299546142209,
        "MRR": 0.7046549194658956
    }
}