{
    "Test": {
        "H@1": 0.39334341906202724,
        "H@3": 0.6717095310136157,
        "H@10": 0.8835098335854765,
        "MRR": 0.5644429201354382
    }
}