{
    "Test": {
        "H@1": 0.5658093797276853,
        "H@3": 0.7806354009077155,
        "H@10": 0.9152798789712556,
        "MRR": 0.6891481392709932
    }
}