{
    "Test": {
        "H@1": 0.7125567322239031,
        "H@3": 0.9122541603630863,
        "H@10": 0.9757942511346445,
        "MRR": 0.8200276685819271
    }
}