{
    "Test": {
        "H@1": 0.4689863842662632,
        "H@3": 0.7972768532526475,
        "H@10": 0.9652042360060514,
        "MRR": 0.6519699618211076
    }
}