{
    "Test": {
        "H@1": 0.45385779122541603,
        "H@3": 0.7125567322239031,
        "H@10": 0.8804841149773072,
        "MRR": 0.6068542950821186
    }
}