{
    "Test": {
        "H@1": 0.4114977307110439,
        "H@3": 0.7125567322239031,
        "H@10": 0.9198184568835098,
        "MRR": 0.5862510796080854
    }
}