{
    "Test": {
        "H@1": 0.49441340782122906,
        "H@3": 0.8091247672253259,
        "H@10": 0.9562383612662942,
        "MRR": 0.6642883972723647
    }
}