{
    "Train": {
        "H@1": 0.581308919506889,
        "H@3": 0.8532451051486585,
        "H@10": 0.9669144307469181,
        "MRR": 0.7277737831634898
    },
    "Val": {
        "H@1": 0.49233128834355827,
        "H@3": 0.7898773006134969,
        "H@10": 0.9348159509202454,
        "MRR": 0.657190498311845
    },
    "Test": {
        "H@1": 0.4939485627836611,
        "H@3": 0.7881996974281392,
        "H@10": 0.9364599092284418,
        "MRR": 0.6578148188020154
    }
}