{
    "Train": {
        "H@1": 0.6430214723926381,
        "H@3": 0.9377875766871165,
        "H@10": 0.9951111963190185,
        "MRR": 0.7918274972650249
    },
    "Val": {
        "H@1": 0.5329754601226994,
        "H@3": 0.8504601226993865,
        "H@10": 0.9562883435582822,
        "MRR": 0.6990942079367134
    },
    "Test": {
        "H@1": 0.5416036308623298,
        "H@3": 0.8623298033282905,
        "H@10": 0.9652042360060514,
        "MRR": 0.7116645013712319
    }
}