{
    "Test": {
        "H@1": 0.6263237518910741,
        "H@3": 0.8018154311649016,
        "H@10": 0.9349470499243571,
        "MRR": 0.7322510336225843
    }
}