{
    "Test": {
        "H@1": 0.556732223903177,
        "H@3": 0.8093797276853253,
        "H@10": 0.9440242057488654,
        "MRR": 0.7019040181668444
    }
}