{
    "Test": {
        "H@1": 0.6944024205748865,
        "H@3": 0.9016641452344932,
        "H@10": 0.9803328290468987,
        "MRR": 0.8103489188155855
    }
}