{
    "Test": {
        "H@1": 0.540090771558245,
        "H@3": 0.783661119515885,
        "H@10": 0.9319213313161876,
        "MRR": 0.6797611390376636
    }
}