{
    "Test": {
        "H@1": 0.6792738275340393,
        "H@3": 0.897125567322239,
        "H@10": 0.9697428139183056,
        "MRR": 0.7929894655271696
    }
}