{
    "Test": {
        "H@1": 0.6263237518910741,
        "H@3": 0.8940998487140696,
        "H@10": 0.9636913767019667,
        "MRR": 0.7633767511708351
    }
}