{
    "Test": {
        "H@1": 0.5491679273827534,
        "H@3": 0.8305597579425114,
        "H@10": 0.9334341906202723,
        "MRR": 0.6953419860421738
    }
}