Triple Injection Ratios,0.01,0.02,0.03
Random,0.272668573358897,0.25532085134420424,0.26400687127236705
Closeness,0.22412708365372344,0.24602734206809448,0.2537119955088519
Betweenness,0.23801448320301824,0.2800207259867159,0.2665668070396804
