Triple Injection Ratios,0.01,0.02,0.03
Random,0.2249279634145497,0.2749891406212983,0.2560785791617102
Closeness,0.24526549827415925,0.20052345170394537,0.2594437052936589
Betweenness,0.2503745299826475,0.268262643877987,0.2351545690584695
