Triple Injection Ratios,0.01,0.02,0.03
Random,0.24204619894198723,0.24140792588220905,0.2536297721517275
Closeness,0.26587613492792755,0.2552612363918984,0.2341825668533539
Betweenness,0.2725289023531875,0.26647442273763267,0.25284322146971705
