{
    "Train": {
        "H@1": 0.3735621165644172,
        "H@3": 0.6196319018404908,
        "H@10": 0.8225651840490797,
        "MRR": 0.527338776746313
    },
    "Val": {
        "H@1": 0.34202453987730064,
        "H@3": 0.5835889570552147,
        "H@10": 0.8075153374233128,
        "MRR": 0.49596693766021327
    },
    "Test": {
        "H@1": 0.33661119515885024,
        "H@3": 0.5809379727685325,
        "H@10": 0.8048411497730711,
        "MRR": 0.49262428593125446
    }
}