{
    "Train": {
        "H@1": 0.6955521472392638,
        "H@3": 0.8489263803680982,
        "H@10": 0.9263803680981595,
        "MRR": 0.785464516187755
    },
    "Val": {
        "H@1": 0.6702453987730062,
        "H@3": 0.8113496932515337,
        "H@10": 0.9141104294478528,
        "MRR": 0.7598659449462895
    },
    "Test": {
        "H@1": 0.6172465960665658,
        "H@3": 0.8048411497730711,
        "H@10": 0.924357034795764,
        "MRR": 0.7301159727214276
    }
}