{
    "Test": {
        "H@1": 0.7216338880484114,
        "H@3": 0.9198184568835098,
        "H@10": 0.9712556732223904,
        "MRR": 0.8247238699155187
    }
}