{
    "Test": {
        "H@1": 0.5893854748603352,
        "H@3": 0.8482309124767226,
        "H@10": 0.9692737430167597,
        "MRR": 0.7307957729873402
    }
}