{
    "Test": {
        "H@1": 0.5595903165735568,
        "H@3": 0.8221601489757915,
        "H@10": 0.9636871508379888,
        "MRR": 0.7054811442287036
    }
}