{
    "Test": {
        "H@1": 0.44175491679273826,
        "H@3": 0.7087745839636914,
        "H@10": 0.9016641452344932,
        "MRR": 0.6032999489145097
    }
}