{
    "Test": {
        "H@1": 0.48940998487140697,
        "H@3": 0.699697428139183,
        "H@10": 0.8895612708018155,
        "MRR": 0.6222583814619689
    }
}