{
    "Test": {
        "H@1": 0.6219739292364991,
        "H@3": 0.8687150837988827,
        "H@10": 0.9683426443202979,
        "MRR": 0.7552712544691118
    }
}