Triple Injection Ratios,0.01,0.02,0.03
Random,0.30061216137688285,0.3100217771886724,0.31296329392842814
PageRank,0.30590172090460604,0.2957678096622748,0.29536873426853394
Harmonic closeness,0.30822605637470085,0.31029746956044646,0.3116017242267478
