Triple Injection Ratios,0.01,0.02,0.03
Random,0.30816732992897905,0.3116813082561876,0.3070964582758171
PageRank,0.2987587093546733,0.2979547371522175,0.29848668577942583
Harmonic closeness,0.30456785088825783,0.30497496064866175,0.30513531167785807
