Triple Injection Ratios,0.01,0.02,0.03
Random,0.30949931911972517,0.30806172750403965,0.3071634739955733
PageRank,0.30357170028909797,0.3020115524360629,0.29368515444920024
Harmonic closeness,0.31037092214837225,0.30646756221762994,0.30745174728190616
