{
    "Test": {
        "H@1": 0.6641452344931922,
        "H@3": 0.8986384266263238,
        "H@10": 0.9667170953101362,
        "MRR": 0.7882942938140363
    }
}