{
    "Test": {
        "H@1": 0.4972067039106145,
        "H@3": 0.7998137802607076,
        "H@10": 0.9608938547486033,
        "MRR": 0.6665240834029826
    }
}