{
    "Test": {
        "H@1": 0.4129353233830846,
        "H@3": 0.7114427860696517,
        "H@10": 0.9800995024875622,
        "MRR": 0.5980788006907409
    }
}