{
    "Test": {
        "H@1": 0.49162011173184356,
        "H@3": 0.7988826815642458,
        "H@10": 0.952513966480447,
        "MRR": 0.6604802892218652
    }
}