{
    "Test": {
        "H@1": 0.6762481089258698,
        "H@3": 0.8835098335854765,
        "H@10": 0.9667170953101362,
        "MRR": 0.7875021301549049
    }
}