{
    "Test": {
        "H@1": 0.41906202723146746,
        "H@3": 0.7534039334341907,
        "H@10": 0.9304084720121029,
        "MRR": 0.6035985228171857
    }
}