{
    "Test": {
        "H@1": 0.6565809379727685,
        "H@3": 0.8789712556732224,
        "H@10": 0.9515885022692889,
        "MRR": 0.7747501853323178
    }
}