{
    "Test": {
        "H@1": 0.6384266263237519,
        "H@3": 0.8925869894099848,
        "H@10": 0.9682299546142209,
        "MRR": 0.769201470554364
    }
}