{
    "Train": {
        "H@1": 0.7666793025018954,
        "H@3": 0.9673995451099318,
        "H@10": 0.9974412433661866,
        "MRR": 0.8679649568540281
    },
    "Val": {
        "H@1": 0.6510736196319018,
        "H@3": 0.9049079754601227,
        "H@10": 0.9662576687116564,
        "MRR": 0.7830842259786014
    },
    "Test": {
        "H@1": 0.6664145234493192,
        "H@3": 0.8963691376701967,
        "H@10": 0.9795763993948563,
        "MRR": 0.790551748363501
    }
}