{
    "Test": {
        "H@1": 0.6656580937972768,
        "H@3": 0.8154311649016641,
        "H@10": 0.9273827534039334,
        "MRR": 0.757779156727308
    }
}