{
    "Test": {
        "H@1": 0.5794251134644478,
        "H@3": 0.875945537065053,
        "H@10": 0.9591527987897126,
        "MRR": 0.7328517078668926
    }
}