Triple Injection Ratios,0.01,0.02,0.03
Random,0.44443098687356464,0.44854290998350665,0.43292828973892655
PageRank,0.4675504476917075,0.4453193814744308,0.45715017419066317
Harmonic closeness,0.46460294435530225,0.4375179822894989,0.46276333603970654
