Triple Injection Ratios,0.01,0.02,0.03
Random,0.4650664779167252,0.4388228960258475,0.4567866227867724
PageRank,0.43814556668176713,0.4721773776921581,0.4537931853343321
Harmonic closeness,0.4268308723276851,0.4366663658640251,0.42435338038437254
