Triple Injection Ratios,0.01,0.02,0.03
Random,0.43840683254209567,0.4452397119341299,0.4479200594898833
PageRank,0.4641496648925413,0.4694913968341037,0.4631108771183033
Harmonic closeness,0.4255555946216995,0.4500285657373999,0.44932663913698134
