{
    "Test": {
        "H@1": 0.46766169154228854,
        "H@3": 0.7810945273631841,
        "H@10": 0.9900497512437811,
        "MRR": 0.6465726920950802
    }
}