{
    "Test": {
        "H@1": 0.4886535552193646,
        "H@3": 0.8456883509833586,
        "H@10": 0.972768532526475,
        "MRR": 0.6787803550678152
    }
}