{
    "Train": {
        "H@1": 0.6909682357443552,
        "H@3": 0.9378109452736318,
        "H@10": 0.9866054343666284,
        "MRR": 0.8178808125864653
    },
    "Val": {
        "H@1": 0.6188650306748467,
        "H@3": 0.8642638036809815,
        "H@10": 0.946319018404908,
        "MRR": 0.7529937843016362
    },
    "Test": {
        "H@1": 0.6021180030257186,
        "H@3": 0.8736762481089259,
        "H@10": 0.9561270801815431,
        "MRR": 0.7479999860767749
    }
}