{
    "Train": {
        "H@1": 0.7335082458770614,
        "H@3": 0.9445277361319341,
        "H@10": 0.9949400299850075,
        "MRR": 0.8418380823676834
    },
    "Val": {
        "H@1": 0.6265337423312883,
        "H@3": 0.8573619631901841,
        "H@10": 0.946319018404908,
        "MRR": 0.7506836004898053
    },
    "Test": {
        "H@1": 0.6232980332829047,
        "H@3": 0.8721633888048411,
        "H@10": 0.9591527987897126,
        "MRR": 0.7570449666938549
    }
}