{
    "Test": {
        "H@1": 0.5484114977307111,
        "H@3": 0.735249621785174,
        "H@10": 0.9001512859304085,
        "MRR": 0.665331525888802
    }
}