{
    "Test": {
        "H@1": 0.6898638426626323,
        "H@3": 0.9092284417549168,
        "H@10": 0.9682299546142209,
        "MRR": 0.8038726384989751
    }
}