Triple Injection Ratios,0.01,0.02,0.03
Random,0.7340528888253284,0.7717599169086706,0.698755575534604
PageRank,0.7377056915467419,0.6820559592100466,0.7124533640394406
Harmonic closeness,0.7122870415078679,0.6911151167781608,0.7018120581488067
