Triple Injection Ratios,0.01,0.02,0.03
Random,0.6602846247392977,0.6956655310387354,0.669920270944234
PageRank,0.7245643234510817,0.709989815290626,0.7267301567298342
Harmonic closeness,0.6732703847231503,0.6871642203173846,0.7096158826309803
