Triple Injection Ratios,0.01,0.02,0.03
Random,0.6601192875397744,0.7096917114404807,0.6547215074044483
PageRank,0.6641001977036695,0.6420274011764237,0.6388714791127226
Harmonic closeness,0.6958757836357247,0.6386603505211906,0.6365044433639522
