{
    "Train": {
        "H@1": 0.6006518404907976,
        "H@3": 0.8917753067484663,
        "H@10": 0.9873466257668712,
        "MRR": 0.7523523779261956
    },
    "Val": {
        "H@1": 0.4946319018404908,
        "H@3": 0.8121165644171779,
        "H@10": 0.9455521472392638,
        "MRR": 0.667066290147216
    },
    "Test": {
        "H@1": 0.47579425113464446,
        "H@3": 0.81089258698941,
        "H@10": 0.9568835098335855,
        "MRR": 0.6548734517701388
    }
}