{
    "Test": {
        "H@1": 0.41906202723146746,
        "H@3": 0.7609682299546142,
        "H@10": 0.9288956127080181,
        "MRR": 0.6062373621085907
    }
}