{
    "Train": {
        "H@1": 0.7601963746223565,
        "H@3": 0.9599697885196374,
        "H@10": 0.997356495468278,
        "MRR": 0.8627636334452804
    },
    "Val": {
        "H@1": 0.6541411042944786,
        "H@3": 0.8880368098159509,
        "H@10": 0.9670245398773006,
        "MRR": 0.7806086509902679
    },
    "Test": {
        "H@1": 0.6527987897125568,
        "H@3": 0.8918305597579426,
        "H@10": 0.9682299546142209,
        "MRR": 0.7808002199206333
    }
}