{
    "Test": {
        "H@1": 0.5204841713221602,
        "H@3": 0.8091247672253259,
        "H@10": 0.9590316573556797,
        "MRR": 0.6811059195097661
    }
}