{
    "Test": {
        "H@1": 0.4909228441754917,
        "H@3": 0.697428139183056,
        "H@10": 0.8993948562783661,
        "MRR": 0.6267733030677631
    }
}