{
    "Test": {
        "H@1": 0.49016641452344933,
        "H@3": 0.8018154311649016,
        "H@10": 0.962178517397882,
        "MRR": 0.6592008231935306
    }
}