{
    "Test": {
        "H@1": 0.6414523449319214,
        "H@3": 0.8925869894099848,
        "H@10": 0.9742813918305597,
        "MRR": 0.7734457347000538
    }
}