{
    "Train": {
        "H@1": 0.6649731595092024,
        "H@3": 0.8009010736196319,
        "H@10": 0.9013611963190185,
        "MRR": 0.7483905251123815
    },
    "Val": {
        "H@1": 0.526840490797546,
        "H@3": 0.691717791411043,
        "H@10": 0.8312883435582822,
        "MRR": 0.6335593849692743
    },
    "Test": {
        "H@1": 0.5068078668683812,
        "H@3": 0.6822995461422088,
        "H@10": 0.8350983358547656,
        "MRR": 0.6183521840876537
    }
}