{
    "Test": {
        "H@1": 0.574487895716946,
        "H@3": 0.8202979515828678,
        "H@10": 0.9515828677839852,
        "MRR": 0.7100312614156563
    }
}