{
    "Test": {
        "H@1": 0.6278366111951589,
        "H@3": 0.8819969742813918,
        "H@10": 0.9515885022692889,
        "MRR": 0.7610659663221385
    }
}