{
    "Train": {
        "H@1": 0.7279718951766047,
        "H@3": 0.9540448157994683,
        "H@10": 0.9967717432586404,
        "MRR": 0.84182491815686
    },
    "Val": {
        "H@1": 0.5820552147239264,
        "H@3": 0.8581288343558282,
        "H@10": 0.9585889570552147,
        "MRR": 0.7287683749231508
    },
    "Test": {
        "H@1": 0.6043872919818457,
        "H@3": 0.867624810892587,
        "H@10": 0.9757942511346445,
        "MRR": 0.7479857956706474
    }
}