{
    "Train": {
        "H@1": 0.7166728902165795,
        "H@3": 0.9372666168782674,
        "H@10": 0.9889843166542196,
        "MRR": 0.8307225533203194
    },
    "Val": {
        "H@1": 0.5996932515337423,
        "H@3": 0.8604294478527608,
        "H@10": 0.9570552147239264,
        "MRR": 0.7419128180293059
    },
    "Test": {
        "H@1": 0.613464447806354,
        "H@3": 0.875945537065053,
        "H@10": 0.9644478063540091,
        "MRR": 0.7542163039288011
    }
}