{
    "Test": {
        "H@1": 0.6505295007564297,
        "H@3": 0.8729198184568835,
        "H@10": 0.9636913767019667,
        "MRR": 0.7691048607731822
    }
}