{
    "Test": {
        "H@1": 0.6822995461422088,
        "H@3": 0.9122541603630863,
        "H@10": 0.9697428139183056,
        "MRR": 0.802015413023406
    }
}