{
    "Test": {
        "H@1": 0.5920398009950248,
        "H@3": 0.7960199004975125,
        "H@10": 0.9900497512437811,
        "MRR": 0.7266281534938251
    }
}