{
    "Test": {
        "H@1": 0.5068078668683812,
        "H@3": 0.7594553706505295,
        "H@10": 0.9213313161875946,
        "MRR": 0.6539307598453543
    }
}