{
    "Test": {
        "H@1": 0.3582089552238806,
        "H@3": 0.6965174129353234,
        "H@10": 0.9651741293532339,
        "MRR": 0.551335190514295
    }
}