{
    "Test": {
        "H@1": 0.6883509833585476,
        "H@3": 0.9016641452344932,
        "H@10": 0.9742813918305597,
        "MRR": 0.7989325614830973
    }
}