{
    "Test": {
        "H@1": 0.39334341906202724,
        "H@3": 0.697428139183056,
        "H@10": 0.9258698940998488,
        "MRR": 0.5700909027938428
    }
}