{
    "Test": {
        "H@1": 0.5111731843575419,
        "H@3": 0.819366852886406,
        "H@10": 0.9618249534450651,
        "MRR": 0.676107337052158
    }
}