{
    "Test": {
        "H@1": 0.649016641452345,
        "H@3": 0.8986384266263238,
        "H@10": 0.972768532526475,
        "MRR": 0.7764012891635377
    }
}