{
    "Test": {
        "H@1": 0.6414523449319214,
        "H@3": 0.9077155824508321,
        "H@10": 0.9697428139183056,
        "MRR": 0.7791167439644773
    }
}