{
    "Test": {
        "H@1": 0.43872919818456885,
        "H@3": 0.7655068078668684,
        "H@10": 0.9198184568835098,
        "MRR": 0.6175215170273649
    }
}