{
    "Test": {
        "H@1": 0.5223880597014925,
        "H@3": 0.8009950248756219,
        "H@10": 1.0,
        "MRR": 0.6792051646529259
    }
}