{
    "Train": {
        "H@1": 0.6543691080493111,
        "H@3": 0.9069978245105149,
        "H@10": 0.9866751269035533,
        "MRR": 0.7876267298298087
    },
    "Val": {
        "H@1": 0.5720858895705522,
        "H@3": 0.8604294478527608,
        "H@10": 0.9601226993865031,
        "MRR": 0.7256095059296984
    },
    "Test": {
        "H@1": 0.5559757942511346,
        "H@3": 0.8555219364599093,
        "H@10": 0.9720121028744326,
        "MRR": 0.7163342200666879
    }
}