Triple Injection Ratios,0.01,0.02,0.03
Random,0.36419148778589167,0.37147307240040495,0.3674012902924256
PageRank,0.3683011717768664,0.35893642652304036,0.36607103630600263
Harmonic closeness,0.363243095757574,0.36759072426214073,0.3639319707501494
