Triple Injection Ratios,0.01,0.02,0.03
Random,0.3659164909732793,0.36798818077424633,0.3644278657692179
PageRank,0.36609228217224554,0.3664748606587122,0.3682396731701348
Harmonic closeness,0.3698848908112035,0.36438845477193815,0.3617200146773104
