Triple Injection Ratios,0.01,0.02,0.03
Random,0.3650677386588498,0.36620030275846327,0.3688891518258384
PageRank,0.36643759493948286,0.3674945075106705,0.36656348395418453
Harmonic closeness,0.3651428641234404,0.3655084572832804,0.3660237686947161
