{
    "Train": {
        "H@1": 0.6444978632478633,
        "H@3": 0.8775819088319088,
        "H@10": 0.9757834757834758,
        "MRR": 0.7704230761859193
    },
    "Val": {
        "H@1": 0.5743865030674846,
        "H@3": 0.8266871165644172,
        "H@10": 0.9470858895705522,
        "MRR": 0.7123513687634143
    },
    "Test": {
        "H@1": 0.5794251134644478,
        "H@3": 0.8562783661119516,
        "H@10": 0.9614220877458396,
        "MRR": 0.7253605668113705
    }
}