{
    "Test": {
        "H@1": 0.5476550680786687,
        "H@3": 0.7866868381240545,
        "H@10": 0.9077155824508321,
        "MRR": 0.6842952109648269
    }
}