{
    "Train": {
        "H@1": 0.7429051530993278,
        "H@3": 0.9513629574309186,
        "H@10": 0.9950522778192681,
        "MRR": 0.8499767947013346
    },
    "Val": {
        "H@1": 0.6180981595092024,
        "H@3": 0.8673312883435583,
        "H@10": 0.9578220858895705,
        "MRR": 0.7540162477010858
    },
    "Test": {
        "H@1": 0.6293494704992436,
        "H@3": 0.8857791225416036,
        "H@10": 0.9659606656580938,
        "MRR": 0.767786912659949
    }
}