{
    "Train": {
        "H@1": 0.6654202279202279,
        "H@3": 0.927261396011396,
        "H@10": 0.989761396011396,
        "MRR": 0.8017364675784019
    },
    "Val": {
        "H@1": 0.5590490797546013,
        "H@3": 0.8504601226993865,
        "H@10": 0.9455521472392638,
        "MRR": 0.7158242574696644
    },
    "Test": {
        "H@1": 0.5771558245083207,
        "H@3": 0.8600605143721634,
        "H@10": 0.9606656580937972,
        "MRR": 0.7296484709746035
    }
}