{
    "Test": {
        "H@1": 0.5083207261724659,
        "H@3": 0.7609682299546142,
        "H@10": 0.9062027231467473,
        "MRR": 0.6479720085441697
    }
}