{
    "Test": {
        "H@1": 0.5586592178770949,
        "H@3": 0.8212290502793296,
        "H@10": 0.9562383612662942,
        "MRR": 0.7052597583937079
    }
}