{
    "Test": {
        "H@1": 0.4939485627836611,
        "H@3": 0.7246596066565809,
        "H@10": 0.9130105900151286,
        "MRR": 0.6361157696559389
    }
}