{
    "Test": {
        "H@1": 0.39636913767019666,
        "H@3": 0.6853252647503782,
        "H@10": 0.9077155824508321,
        "MRR": 0.5696420404797096
    }
}