{
    "Test": {
        "H@1": 0.6066565809379728,
        "H@3": 0.8139183055975794,
        "H@10": 0.9228441754916793,
        "MRR": 0.7232732212443738
    }
}