{
    "Test": {
        "H@1": 0.417910447761194,
        "H@3": 0.746268656716418,
        "H@10": 0.9900497512437811,
        "MRR": 0.6030736124019705
    }
}