{
    "Test": {
        "H@1": 0.49813780260707635,
        "H@3": 0.8119180633147114,
        "H@10": 0.9646182495344506,
        "MRR": 0.6686395393881565
    }
}