{
    "Test": {
        "H@1": 0.5024875621890548,
        "H@3": 0.8159203980099502,
        "H@10": 1.0,
        "MRR": 0.672208402432283
    }
}