{
    "Train": {
        "H@1": 0.5472741136103698,
        "H@3": 0.8142394205108654,
        "H@10": 0.9442432329393824,
        "MRR": 0.6956159369679846
    },
    "Val": {
        "H@1": 0.4647239263803681,
        "H@3": 0.7423312883435583,
        "H@10": 0.9033742331288344,
        "MRR": 0.6233303708881112
    },
    "Test": {
        "H@1": 0.4795763993948563,
        "H@3": 0.764750378214826,
        "H@10": 0.9251134644478064,
        "MRR": 0.6409657884938437
    }
}