{
    "Train": {
        "H@1": 0.6918136503067485,
        "H@3": 0.9572469325153374,
        "H@10": 0.9960697852760736,
        "MRR": 0.8240252533927495
    },
    "Val": {
        "H@1": 0.5766871165644172,
        "H@3": 0.8803680981595092,
        "H@10": 0.9654907975460123,
        "MRR": 0.7326571862904034
    },
    "Test": {
        "H@1": 0.5854765506807866,
        "H@3": 0.9001512859304085,
        "H@10": 0.972768532526475,
        "MRR": 0.7471852792548206
    }
}