{
    "Test": {
        "H@1": 0.529500756429652,
        "H@3": 0.8214826021180031,
        "H@10": 0.9531013615733737,
        "MRR": 0.6894097725470589
    }
}