{
    "Test": {
        "H@1": 0.4568835098335855,
        "H@3": 0.7806354009077155,
        "H@10": 0.9334341906202723,
        "MRR": 0.6336999658762937
    }
}