{
    "Test": {
        "H@1": 0.5772811918063314,
        "H@3": 0.8389199255121043,
        "H@10": 0.9636871508379888,
        "MRR": 0.720789323372793
    }
}