{
    "Train": {
        "H@1": 0.22691513423148785,
        "H@3": 0.4170026551283312,
        "H@10": 0.6120070803422165,
        "MRR": 0.3614544549452902
    },
    "Val": {
        "H@1": 0.3366564417177914,
        "H@3": 0.625,
        "H@10": 0.8358895705521472,
        "MRR": 0.5146847835821775
    },
    "Test": {
        "H@1": 0.3388804841149773,
        "H@3": 0.649016641452345,
        "H@10": 0.8494704992435703,
        "MRR": 0.5205425911705112
    }
}