{
    "Test": {
        "H@1": 0.6959152798789713,
        "H@3": 0.9167927382753404,
        "H@10": 0.9757942511346445,
        "MRR": 0.8119439238610598
    }
}