{
    "Test": {
        "H@1": 0.5007564296520424,
        "H@3": 0.8472012102874432,
        "H@10": 0.9636913767019667,
        "MRR": 0.6813786165634104
    }
}