{
    "Test": {
        "H@1": 0.5537065052950075,
        "H@3": 0.8426626323751891,
        "H@10": 0.9440242057488654,
        "MRR": 0.705229048170623
    }
}