{
    "Train": {
        "H@1": 0.6928680981595092,
        "H@3": 0.9518788343558282,
        "H@10": 0.9937691717791411,
        "MRR": 0.8227375816534701
    },
    "Val": {
        "H@1": 0.5858895705521472,
        "H@3": 0.8803680981595092,
        "H@10": 0.9624233128834356,
        "MRR": 0.7405865955535231
    },
    "Test": {
        "H@1": 0.5998487140695915,
        "H@3": 0.8835098335854765,
        "H@10": 0.9629349470499243,
        "MRR": 0.7489917060924081
    }
}