{
    "Test": {
        "H@1": 0.5124378109452736,
        "H@3": 0.835820895522388,
        "H@10": 0.9850746268656716,
        "MRR": 0.6751046355523967
    }
}