{
    "Test": {
        "H@1": 0.43283582089552236,
        "H@3": 0.7512437810945274,
        "H@10": 0.9900497512437811,
        "MRR": 0.6219497749348496
    }
}