{
    "Test": {
        "H@1": 0.5065176908752328,
        "H@3": 0.8202979515828678,
        "H@10": 0.9562383612662942,
        "MRR": 0.6735791223333731
    }
}