{
    "Test": {
        "H@1": 0.34450651769087526,
        "H@3": 0.5912476722532588,
        "H@10": 0.8873370577281192,
        "MRR": 0.5098347501232214
    }
}