{
    "Train": {
        "H@1": 0.7690030557677616,
        "H@3": 0.9663865546218487,
        "H@10": 0.9976126814362108,
        "MRR": 0.8683869864645333
    },
    "Val": {
        "H@1": 0.6717791411042945,
        "H@3": 0.8857361963190185,
        "H@10": 0.9700920245398773,
        "MRR": 0.7891080519317362
    },
    "Test": {
        "H@1": 0.6649016641452344,
        "H@3": 0.9092284417549168,
        "H@10": 0.9742813918305597,
        "MRR": 0.792412775218846
    }
}