{
    "Train": {
        "H@1": 0.2421658072193574,
        "H@3": 0.42274890916303054,
        "H@10": 0.6163228877429592,
        "MRR": 0.3707800862303918
    },
    "Val": {
        "H@1": 0.3374233128834356,
        "H@3": 0.6380368098159509,
        "H@10": 0.8450920245398773,
        "MRR": 0.5183669126125967
    },
    "Test": {
        "H@1": 0.3653555219364599,
        "H@3": 0.6754916792738276,
        "H@10": 0.8744326777609682,
        "MRR": 0.5466388582370262
    }
}