{
    "Train": {
        "H@1": 0.7708972392638037,
        "H@3": 0.9678872699386503,
        "H@10": 0.9973159509202454,
        "MRR": 0.8709217890248664
    },
    "Val": {
        "H@1": 0.6901840490797546,
        "H@3": 0.9125766871165644,
        "H@10": 0.9769938650306749,
        "MRR": 0.8079068348962537
    },
    "Test": {
        "H@1": 0.6754916792738276,
        "H@3": 0.9046898638426626,
        "H@10": 0.9765506807866868,
        "MRR": 0.796649953572299
    }
}