{
    "Test": {
        "H@1": 0.5703479576399395,
        "H@3": 0.8426626323751891,
        "H@10": 0.9576399394856279,
        "MRR": 0.7170130980506011
    }
}