{
    "Test": {
        "H@1": 0.42786069651741293,
        "H@3": 0.7562189054726368,
        "H@10": 0.9900497512437811,
        "MRR": 0.6103334338408966
    }
}