{
    "Test": {
        "H@1": 0.47806354009077157,
        "H@3": 0.7397881996974282,
        "H@10": 0.9107413010590015,
        "MRR": 0.6330610837544176
    }
}