{
    "Test": {
        "H@1": 0.6671709531013615,
        "H@3": 0.8290468986384266,
        "H@10": 0.9394856278366112,
        "MRR": 0.7657930657666475
    }
}