{
    "Test": {
        "H@1": 0.46142208774583965,
        "H@3": 0.8048411497730711,
        "H@10": 0.9561270801815431,
        "MRR": 0.6455958661749416
    }
}