{
    "Test": {
        "H@1": 0.33054003724394787,
        "H@3": 0.5707635009310987,
        "H@10": 0.8743016759776536,
        "MRR": 0.49336228905537777
    }
}