{
    "Test": {
        "H@1": 0.4934823091247672,
        "H@3": 0.7942271880819367,
        "H@10": 0.9562383612662942,
        "MRR": 0.6620138472963121
    }
}