{
    "Test": {
        "H@1": 0.7004538577912254,
        "H@3": 0.9183055975794251,
        "H@10": 0.9863842662632375,
        "MRR": 0.8127040949669605
    }
}