{
    "Test": {
        "H@1": 0.5174129353233831,
        "H@3": 0.7611940298507462,
        "H@10": 0.9900497512437811,
        "MRR": 0.6641873604560172
    }
}