{
    "Test": {
        "H@1": 0.42208774583963693,
        "H@3": 0.7518910741301059,
        "H@10": 0.9515885022692889,
        "MRR": 0.6055640271904238
    }
}