{
    "Test": {
        "H@1": 0.7110438729198184,
        "H@3": 0.9107413010590015,
        "H@10": 0.9757942511346445,
        "MRR": 0.8148458743750285
    }
}