{
    "Train": {
        "H@1": 0.6919869470630892,
        "H@3": 0.9206852791878173,
        "H@10": 0.9903009427121102,
        "MRR": 0.8124606019222479
    },
    "Val": {
        "H@1": 0.5812883435582822,
        "H@3": 0.8466257668711656,
        "H@10": 0.9516871165644172,
        "MRR": 0.7257783197067892
    },
    "Test": {
        "H@1": 0.5832072617246596,
        "H@3": 0.8585476550680786,
        "H@10": 0.9614220877458396,
        "MRR": 0.7320358444921177
    }
}