{
    "Train": {
        "H@1": 0.7389228418640184,
        "H@3": 0.9524446142093201,
        "H@10": 0.9943659281894576,
        "MRR": 0.8491831346875273
    },
    "Val": {
        "H@1": 0.6418711656441718,
        "H@3": 0.8734662576687117,
        "H@10": 0.9570552147239264,
        "MRR": 0.7680786772385082
    },
    "Test": {
        "H@1": 0.6059001512859304,
        "H@3": 0.8857791225416036,
        "H@10": 0.9659606656580938,
        "MRR": 0.7549835081434495
    }
}