{
    "Test": {
        "H@1": 0.6777609682299546,
        "H@3": 0.903177004538578,
        "H@10": 0.9712556732223904,
        "MRR": 0.7951127263914534
    }
}