{
    "Train": {
        "H@1": 0.724006683995544,
        "H@3": 0.9560898626067582,
        "H@10": 0.9962866691422205,
        "MRR": 0.8420933837709094
    },
    "Val": {
        "H@1": 0.5904907975460123,
        "H@3": 0.86579754601227,
        "H@10": 0.9608895705521472,
        "MRR": 0.7371098742321136
    },
    "Test": {
        "H@1": 0.5953101361573374,
        "H@3": 0.8782148260211801,
        "H@10": 0.970499243570348,
        "MRR": 0.7438667703362986
    }
}