{
    "Test": {
        "H@1": 0.5219364599092284,
        "H@3": 0.8093797276853253,
        "H@10": 0.9485627836611196,
        "MRR": 0.6810579930276952
    }
}