{
    "Test": {
        "H@1": 0.6414523449319214,
        "H@3": 0.897125567322239,
        "H@10": 0.962178517397882,
        "MRR": 0.7712815322284953
    }
}