{
    "Test": {
        "H@1": 0.5098335854765507,
        "H@3": 0.7760968229954615,
        "H@10": 0.9167927382753404,
        "MRR": 0.6632594303783419
    }
}