{
    "Test": {
        "H@1": 0.48714069591527986,
        "H@3": 0.6928895612708018,
        "H@10": 0.8850226928895613,
        "MRR": 0.6199256037374652
    }
}