{
    "Test": {
        "H@1": 0.37057728119180633,
        "H@3": 0.6089385474860335,
        "H@10": 0.8649906890130353,
        "MRR": 0.5287841290794203
    }
}