{
    "Test": {
        "H@1": 0.6414523449319214,
        "H@3": 0.7912254160363086,
        "H@10": 0.9228441754916793,
        "MRR": 0.7342749650806633
    }
}