{
    "Train": {
        "H@1": 0.9871549079754601,
        "H@3": 0.9972200920245399,
        "H@10": 0.9988496932515337,
        "MRR": 0.992328524752142
    },
    "Val": {
        "H@1": 0.3151840490797546,
        "H@3": 0.5460122699386503,
        "H@10": 0.7714723926380368,
        "MRR": 0.4679374876163681
    },
    "Test": {
        "H@1": 0.3320726172465961,
        "H@3": 0.5620272314674736,
        "H@10": 0.7844175491679274,
        "MRR": 0.48142511318348513
    }
}