{
    "Test": {
        "H@1": 0.5264750378214826,
        "H@3": 0.8275340393343419,
        "H@10": 0.9364599092284418,
        "MRR": 0.6846666563698208
    }
}