{
    "Test": {
        "H@1": 0.611731843575419,
        "H@3": 0.8584729981378026,
        "H@10": 0.9748603351955307,
        "MRR": 0.7474908316798845
    }
}