{
    "Train": {
        "H@1": 0.18549755464617226,
        "H@3": 0.38157500748577705,
        "H@10": 0.5974648168479888,
        "MRR": 0.3256793119423111
    },
    "Val": {
        "H@1": 0.2607361963190184,
        "H@3": 0.5590490797546013,
        "H@10": 0.8059815950920245,
        "MRR": 0.44612180445530014
    },
    "Test": {
        "H@1": 0.27685325264750377,
        "H@3": 0.5960665658093798,
        "H@10": 0.846444780635401,
        "MRR": 0.4692587509942633
    }
}