{
    "Test": {
        "H@1": 0.6157337367624811,
        "H@3": 0.875945537065053,
        "H@10": 0.9682299546142209,
        "MRR": 0.7521583377399409
    }
}