{
    "Test": {
        "H@1": 0.5642965204236006,
        "H@3": 0.848714069591528,
        "H@10": 0.9606656580937972,
        "MRR": 0.7150768818451226
    }
}