{
    "Test": {
        "H@1": 0.5621890547263682,
        "H@3": 0.8308457711442786,
        "H@10": 0.9850746268656716,
        "MRR": 0.7115334775782537
    }
}