{
    "Test": {
        "H@1": 0.5506807866868382,
        "H@3": 0.8335854765506808,
        "H@10": 0.9561270801815431,
        "MRR": 0.7073757461849597
    }
}