{
    "Test": {
        "H@1": 0.5409683426443203,
        "H@3": 0.8296089385474861,
        "H@10": 0.9581005586592178,
        "MRR": 0.6979944080159156
    }
}