{
    "Test": {
        "H@1": 0.5381750465549349,
        "H@3": 0.8305400372439479,
        "H@10": 0.9692737430167597,
        "MRR": 0.6996342646205733
    }
}