{
    "Train": {
        "H@1": 0.6714915644171779,
        "H@3": 0.9412384969325154,
        "H@10": 0.9965490797546013,
        "MRR": 0.8081818613617603
    },
    "Val": {
        "H@1": 0.5697852760736196,
        "H@3": 0.8473926380368099,
        "H@10": 0.9455521472392638,
        "MRR": 0.7200914653719035
    },
    "Test": {
        "H@1": 0.5431164901664145,
        "H@3": 0.859304084720121,
        "H@10": 0.9591527987897126,
        "MRR": 0.7103980810502639
    }
}