{
    "Test": {
        "H@1": 0.5068078668683812,
        "H@3": 0.8426626323751891,
        "H@10": 0.962178517397882,
        "MRR": 0.6831748881112947
    }
}