Triple Injection Ratios,0.01,0.02,0.03
Random,0.569787208821841,0.5693478319378114,0.5813786185550995
Closeness,0.5759741987978381,0.5901336158221683,0.581316892335584
Betweenness,0.5748786983045282,0.5707478958792197,0.5707809544197937
