Triple Injection Ratios,0.01,0.02,0.03
Random,0.5841181862080431,0.5753931978045421,0.5702656705140956
Closeness,0.5793038700382461,0.5700955089039603,0.5854148365828803
Betweenness,0.573611887786713,0.5618730087416779,0.5708932598171448
