Triple Injection Ratios,0.01,0.02,0.03
Random,0.5864002922152004,0.575621472684068,0.583878412674638
Closeness,0.579210997537116,0.5826522202017382,0.5796305689736982
Betweenness,0.5790387759740141,0.5685868049558249,0.5517103545578541
