{
    "Test": {
        "H@1": 0.49319213313161875,
        "H@3": 0.8033282904689864,
        "H@10": 0.9394856278366112,
        "MRR": 0.6550386397572949
    }
}