{
    "Test": {
        "H@1": 0.556732223903177,
        "H@3": 0.8426626323751891,
        "H@10": 0.9455370650529501,
        "MRR": 0.7041689001235606
    }
}