{
    "Test": {
        "H@1": 0.6061452513966481,
        "H@3": 0.8528864059590316,
        "H@10": 0.9674115456238361,
        "MRR": 0.7418357895491609
    }
}