{
    "Test": {
        "H@1": 0.39636913767019666,
        "H@3": 0.7639939485627837,
        "H@10": 0.9288956127080181,
        "MRR": 0.594220794299115
    }
}