{
    "Train": {
        "H@1": 0.6728481455563331,
        "H@3": 0.8802484254723583,
        "H@10": 0.976557032890133,
        "MRR": 0.7887866734871353
    },
    "Val": {
        "H@1": 0.5812883435582822,
        "H@3": 0.8174846625766872,
        "H@10": 0.9432515337423313,
        "MRR": 0.7179389813751688
    },
    "Test": {
        "H@1": 0.5915279878971256,
        "H@3": 0.8237518910741302,
        "H@10": 0.959909228441755,
        "MRR": 0.7249561288334699
    }
}