{
    "Test": {
        "H@1": 0.3957169459962756,
        "H@3": 0.6238361266294227,
        "H@10": 0.8789571694599627,
        "MRR": 0.5492880568815428
    }
}