{
    "Test": {
        "H@1": 0.5009310986964618,
        "H@3": 0.7867783985102421,
        "H@10": 0.9506517690875232,
        "MRR": 0.6615671346148866
    }
}