{
    "Test": {
        "H@1": 0.49906890130353815,
        "H@3": 0.7988826815642458,
        "H@10": 0.9646182495344506,
        "MRR": 0.665979584568379
    }
}