{
    "Test": {
        "H@1": 0.5325264750378215,
        "H@3": 0.8305597579425114,
        "H@10": 0.962178517397882,
        "MRR": 0.6952172457123978
    }
}