{
    "Test": {
        "H@1": 0.5373134328358209,
        "H@3": 0.7611940298507462,
        "H@10": 0.9751243781094527,
        "MRR": 0.6785305076349852
    }
}