{
    "Test": {
        "H@1": 0.540090771558245,
        "H@3": 0.7254160363086233,
        "H@10": 0.9175491679273827,
        "MRR": 0.6618227838265903
    }
}