{
    "Test": {
        "H@1": 0.48411497730711045,
        "H@3": 0.7413010590015129,
        "H@10": 0.8789712556732224,
        "MRR": 0.6314684963466587
    }
}