{
    "Train": {
        "H@1": 0.6888318112633182,
        "H@3": 0.9418759512937596,
        "H@10": 0.993816590563166,
        "MRR": 0.8179907852150405
    },
    "Val": {
        "H@1": 0.5743865030674846,
        "H@3": 0.8581288343558282,
        "H@10": 0.9570552147239264,
        "MRR": 0.7271318154183674
    },
    "Test": {
        "H@1": 0.5983358547655068,
        "H@3": 0.8721633888048411,
        "H@10": 0.9712556732223904,
        "MRR": 0.7471642434245257
    }
}