{
    "Train": {
        "H@1": 0.7669330289193302,
        "H@3": 0.975361491628615,
        "H@10": 0.9985730593607306,
        "MRR": 0.8719218876974515
    },
    "Val": {
        "H@1": 0.6357361963190185,
        "H@3": 0.901840490797546,
        "H@10": 0.9739263803680982,
        "MRR": 0.7752998847980471
    },
    "Test": {
        "H@1": 0.6527987897125568,
        "H@3": 0.9114977307110439,
        "H@10": 0.9856278366111951,
        "MRR": 0.7920814636501523
    }
}