{
    "Train": {
        "H@1": 0.8095101415996938,
        "H@3": 0.9668962877918101,
        "H@10": 0.9983735170302335,
        "MRR": 0.8905627460696417
    },
    "Val": {
        "H@1": 0.7062883435582822,
        "H@3": 0.906441717791411,
        "H@10": 0.963957055214724,
        "MRR": 0.8128005188290727
    },
    "Test": {
        "H@1": 0.6845688350983359,
        "H@3": 0.8888048411497731,
        "H@10": 0.9682299546142209,
        "MRR": 0.7982906245625451
    }
}