{
    "Test": {
        "H@1": 0.417910447761194,
        "H@3": 0.7014925373134329,
        "H@10": 0.9751243781094527,
        "MRR": 0.5983615472421443
    }
}