{
    "Test": {
        "H@1": 0.556732223903177,
        "H@3": 0.8441754916792739,
        "H@10": 0.9576399394856279,
        "MRR": 0.7128652883368174
    }
}