{
    "Test": {
        "H@1": 0.5024875621890548,
        "H@3": 0.8059701492537313,
        "H@10": 0.9850746268656716,
        "MRR": 0.6737072214684156
    }
}