{
    "Test": {
        "H@1": 0.49441340782122906,
        "H@3": 0.7821229050279329,
        "H@10": 0.9543761638733705,
        "MRR": 0.6606434529554565
    }
}