{
    "Train": {
        "H@1": 0.7547474363843525,
        "H@3": 0.9631598936574249,
        "H@10": 0.998101025446259,
        "MRR": 0.8595325307647141
    },
    "Val": {
        "H@1": 0.6395705521472392,
        "H@3": 0.8918711656441718,
        "H@10": 0.9601226993865031,
        "MRR": 0.7711475404195891
    },
    "Test": {
        "H@1": 0.6338880484114977,
        "H@3": 0.8903177004538578,
        "H@10": 0.962178517397882,
        "MRR": 0.7676939907970145
    }
}