{
    "Test": {
        "H@1": 0.7291981845688351,
        "H@3": 0.9122541603630863,
        "H@10": 0.9697428139183056,
        "MRR": 0.8265752356597358
    }
}