{
    "Test": {
        "H@1": 0.3615733736762481,
        "H@3": 0.7140695915279879,
        "H@10": 0.9122541603630863,
        "MRR": 0.5594688838290133
    }
}