{
    "Test": {
        "H@1": 0.5264750378214826,
        "H@3": 0.8245083207261724,
        "H@10": 0.9531013615733737,
        "MRR": 0.6891601023230621
    }
}