{
    "Test": {
        "H@1": 0.5893854748603352,
        "H@3": 0.851024208566108,
        "H@10": 0.9711359404096834,
        "MRR": 0.731596916559317
    }
}