{
    "Test": {
        "H@1": 0.6202723146747352,
        "H@3": 0.8774583963691377,
        "H@10": 0.962178517397882,
        "MRR": 0.7560844959871027
    }
}