{
    "Test": {
        "H@1": 0.4084720121028744,
        "H@3": 0.7216338880484114,
        "H@10": 0.9198184568835098,
        "MRR": 0.5912999508515562
    }
}