{
    "Train": {
        "H@1": 0.23450586264656617,
        "H@3": 0.412700758695438,
        "H@10": 0.6119322100699577,
        "MRR": 0.3636099930899686
    },
    "Val": {
        "H@1": 0.3496932515337423,
        "H@3": 0.6173312883435583,
        "H@10": 0.8443251533742331,
        "MRR": 0.5160254408469972
    },
    "Test": {
        "H@1": 0.3577912254160363,
        "H@3": 0.6210287443267776,
        "H@10": 0.8343419062027232,
        "MRR": 0.5223664448738928
    }
}