{
    "Test": {
        "H@1": 0.5472636815920398,
        "H@3": 0.8009950248756219,
        "H@10": 1.0,
        "MRR": 0.6885591881860539
    }
}