{
    "Test": {
        "H@1": 0.42786069651741293,
        "H@3": 0.7711442786069652,
        "H@10": 0.9900497512437811,
        "MRR": 0.6187612277164516
    }
}