{
    "Train": {
        "H@1": 0.7282031842304776,
        "H@3": 0.9485405610310842,
        "H@10": 0.9950720242608037,
        "MRR": 0.8405190580621086
    },
    "Val": {
        "H@1": 0.6012269938650306,
        "H@3": 0.8611963190184049,
        "H@10": 0.9532208588957055,
        "MRR": 0.739258349248128
    },
    "Test": {
        "H@1": 0.5854765506807866,
        "H@3": 0.8668683812405447,
        "H@10": 0.9553706505295008,
        "MRR": 0.736430235190403
    }
}