{
    "Test": {
        "H@1": 0.5385779122541604,
        "H@3": 0.8275340393343419,
        "H@10": 0.9515885022692889,
        "MRR": 0.6947154317937139
    }
}