{
    "Test": {
        "H@1": 0.7246596066565809,
        "H@3": 0.913767019667171,
        "H@10": 0.9742813918305597,
        "MRR": 0.8260119863999809
    }
}