{
    "Test": {
        "H@1": 0.45385779122541603,
        "H@3": 0.7791225416036308,
        "H@10": 0.9288956127080181,
        "MRR": 0.6287751616065126
    }
}