{
    "Train": {
        "H@1": 0.7766802067946824,
        "H@3": 0.9543020679468243,
        "H@10": 0.9958456425406204,
        "MRR": 0.8686358105695864
    },
    "Val": {
        "H@1": 0.6556748466257669,
        "H@3": 0.8903374233128835,
        "H@10": 0.9662576687116564,
        "MRR": 0.7820045709426691
    },
    "Test": {
        "H@1": 0.6580937972768532,
        "H@3": 0.8933434190620272,
        "H@10": 0.9735249621785174,
        "MRR": 0.7834435455718145
    }
}