{
    "Train": {
        "H@1": 0.4134394171779141,
        "H@3": 0.7675421779141104,
        "H@10": 0.9727760736196319,
        "MRR": 0.6120036778065372
    },
    "Val": {
        "H@1": 0.294478527607362,
        "H@3": 0.6411042944785276,
        "H@10": 0.911042944785276,
        "MRR": 0.5006085311095332
    },
    "Test": {
        "H@1": 0.3093797276853253,
        "H@3": 0.6580937972768532,
        "H@10": 0.9273827534039334,
        "MRR": 0.5163044849060157
    }
}