{
    "Test": {
        "H@1": 0.5779122541603631,
        "H@3": 0.8502269288956127,
        "H@10": 0.9500756429652042,
        "MRR": 0.7230413936201924
    }
}