{
    "Test": {
        "H@1": 0.3842662632375189,
        "H@3": 0.7155824508320726,
        "H@10": 0.924357034795764,
        "MRR": 0.5715422039870888
    }
}