{
    "Test": {
        "H@1": 0.44478063540090773,
        "H@3": 0.7821482602118003,
        "H@10": 0.9228441754916793,
        "MRR": 0.6235788992500892
    }
}