{
    "Train": {
        "H@1": 0.7518074581430746,
        "H@3": 0.9683219178082192,
        "H@10": 0.9976217656012176,
        "MRR": 0.8617640832190293
    },
    "Val": {
        "H@1": 0.6234662576687117,
        "H@3": 0.8880368098159509,
        "H@10": 0.9593558282208589,
        "MRR": 0.7654270305347862
    },
    "Test": {
        "H@1": 0.624054462934947,
        "H@3": 0.8910741301059002,
        "H@10": 0.970499243570348,
        "MRR": 0.7668911445238284
    }
}