{
    "Train": {
        "H@1": 0.6249125262421273,
        "H@3": 0.8858467459762072,
        "H@10": 0.9786564030790763,
        "MRR": 0.7638136803334202
    },
    "Val": {
        "H@1": 0.5260736196319018,
        "H@3": 0.8266871165644172,
        "H@10": 0.9478527607361963,
        "MRR": 0.6900135342625635
    },
    "Test": {
        "H@1": 0.540090771558245,
        "H@3": 0.8434190620272315,
        "H@10": 0.9576399394856279,
        "MRR": 0.7020605923910593
    }
}