{
    "Test": {
        "H@1": 0.46444780635400906,
        "H@3": 0.7231467473524962,
        "H@10": 0.8895612708018155,
        "MRR": 0.6133311126065071
    }
}