{
    "Test": {
        "H@1": 0.3880597014925373,
        "H@3": 0.7512437810945274,
        "H@10": 0.9850746268656716,
        "MRR": 0.5936052615157092
    }
}