{
    "Train": {
        "H@1": 0.6906035141329259,
        "H@3": 0.9352559205500381,
        "H@10": 0.9907372039724981,
        "MRR": 0.8169314643753748
    },
    "Val": {
        "H@1": 0.5751533742331288,
        "H@3": 0.8565950920245399,
        "H@10": 0.9401840490797546,
        "MRR": 0.7234946431597269
    },
    "Test": {
        "H@1": 0.6059001512859304,
        "H@3": 0.8774583963691377,
        "H@10": 0.9576399394856279,
        "MRR": 0.7504759960365859
    }
}