{
    "Test": {
        "H@1": 0.4281391830559758,
        "H@3": 0.7307110438729199,
        "H@10": 0.9198184568835098,
        "MRR": 0.6059750540024993
    }
}