{
    "Test": {
        "H@1": 0.3752327746741155,
        "H@3": 0.6089385474860335,
        "H@10": 0.8770949720670391,
        "MRR": 0.5323261149964827
    }
}