{
    "Test": {
        "H@1": 0.4795763993948563,
        "H@3": 0.7821482602118003,
        "H@10": 0.9425113464447806,
        "MRR": 0.6492630163420625
    }
}