{
    "Test": {
        "H@1": 0.47049924357034795,
        "H@3": 0.7791225416036308,
        "H@10": 0.924357034795764,
        "MRR": 0.6422807589852564
    }
}