{
    "Test": {
        "H@1": 0.3880597014925373,
        "H@3": 0.7611940298507462,
        "H@10": 0.9751243781094527,
        "MRR": 0.600843241888018
    }
}