{
    "Test": {
        "H@1": 0.5837988826815642,
        "H@3": 0.8379888268156425,
        "H@10": 0.9683426443202979,
        "MRR": 0.7239219313772713
    }
}