{
    "Test": {
        "H@1": 0.47761194029850745,
        "H@3": 0.7412935323383084,
        "H@10": 0.9800995024875622,
        "MRR": 0.6362756922458416
    }
}