{
    "Test": {
        "H@1": 0.6263237518910741,
        "H@3": 0.8774583963691377,
        "H@10": 0.9500756429652042,
        "MRR": 0.7566536501741207
    }
}