{
    "Test": {
        "H@1": 0.5219364599092284,
        "H@3": 0.7791225416036308,
        "H@10": 0.9470499243570348,
        "MRR": 0.6743393467704417
    }
}