{
    "Train": {
        "H@1": 0.7014401772525849,
        "H@3": 0.9396233382570163,
        "H@10": 0.9937223042836041,
        "MRR": 0.8248921741749484
    },
    "Val": {
        "H@1": 0.6104294478527608,
        "H@3": 0.8673312883435583,
        "H@10": 0.950920245398773,
        "MRR": 0.7489044619038552
    },
    "Test": {
        "H@1": 0.575642965204236,
        "H@3": 0.8630862329803328,
        "H@10": 0.9447806354009077,
        "MRR": 0.7286004443826662
    }
}