{
    "Test": {
        "H@1": 0.5370650529500757,
        "H@3": 0.8502269288956127,
        "H@10": 0.9576399394856279,
        "MRR": 0.7035079128453395
    }
}