{
    "Test": {
        "H@1": 0.5416036308623298,
        "H@3": 0.8366111951588502,
        "H@10": 0.9470499243570348,
        "MRR": 0.6957591366246983
    }
}