{
    "Test": {
        "H@1": 0.6096822995461422,
        "H@3": 0.903177004538578,
        "H@10": 0.9788199697428139,
        "MRR": 0.7589589266025586
    }
}