{
    "Train": {
        "H@1": 0.7303299492385786,
        "H@3": 0.9312001450326324,
        "H@10": 0.9923857868020305,
        "MRR": 0.8361050908807731
    },
    "Val": {
        "H@1": 0.6081288343558282,
        "H@3": 0.852760736196319,
        "H@10": 0.9516871165644172,
        "MRR": 0.7416486489445587
    },
    "Test": {
        "H@1": 0.6195158850226928,
        "H@3": 0.8668683812405447,
        "H@10": 0.9546142208774584,
        "MRR": 0.7541145338008588
    }
}