{
    "Test": {
        "H@1": 0.4281391830559758,
        "H@3": 0.7186081694402421,
        "H@10": 0.924357034795764,
        "MRR": 0.5975382189008646
    }
}