{
    "Test": {
        "H@1": 0.5794251134644478,
        "H@3": 0.8426626323751891,
        "H@10": 0.9515885022692889,
        "MRR": 0.7179748464622661
    }
}