{
    "Test": {
        "H@1": 0.6142208774583964,
        "H@3": 0.859304084720121,
        "H@10": 0.9531013615733737,
        "MRR": 0.7439098961157069
    }
}