{
    "Test": {
        "H@1": 0.7140695915279879,
        "H@3": 0.9062027231467473,
        "H@10": 0.9712556732223904,
        "MRR": 0.8168662770586361
    }
}