{
    "Test": {
        "H@1": 0.6838124054462935,
        "H@3": 0.8472012102874432,
        "H@10": 0.9440242057488654,
        "MRR": 0.7782638852180807
    }
}