{
    "Test": {
        "H@1": 0.4341906202723147,
        "H@3": 0.7549167927382754,
        "H@10": 0.9319213313161876,
        "MRR": 0.6138914603556708
    }
}