{
    "Test": {
        "H@1": 0.6762481089258698,
        "H@3": 0.8229954614220878,
        "H@10": 0.9440242057488654,
        "MRR": 0.7680281771040349
    }
}