{
    "Test": {
        "H@1": 0.6036308623298033,
        "H@3": 0.789712556732224,
        "H@10": 0.9213313161875946,
        "MRR": 0.7160200922238948
    }
}