{
    "Test": {
        "H@1": 0.6913767019667171,
        "H@3": 0.8366111951588502,
        "H@10": 0.9319213313161876,
        "MRR": 0.7774547172148112
    }
}