{
    "Test": {
        "H@1": 0.22388059701492538,
        "H@3": 0.572139303482587,
        "H@10": 0.9751243781094527,
        "MRR": 0.4535497669826028
    }
}