{
    "Test": {
        "H@1": 0.4583963691376702,
        "H@3": 0.7685325264750378,
        "H@10": 0.9288956127080181,
        "MRR": 0.629846420458346
    }
}