{
    "Test": {
        "H@1": 0.40298507462686567,
        "H@3": 0.736318407960199,
        "H@10": 0.9701492537313433,
        "MRR": 0.6030983251132505
    }
}