{
    "Test": {
        "H@1": 0.5960665658093798,
        "H@3": 0.8608169440242057,
        "H@10": 0.9515885022692889,
        "MRR": 0.7367599233089785
    }
}