Triple Injection Ratios,0.01,0.02,0.03
Random,0.5024743134552102,0.47314308017358697,0.5035172905681592
Closeness,0.48284763079853393,0.4548929073166068,0.49113678744193595
Betweenness,0.48439104590783094,0.4739198246805835,0.48548797563806656
