Triple Injection Ratios,0.01,0.02,0.03
Random,0.5187141341025191,0.665810195036433,0.6744038903137056
Closeness,0.6853352607035615,0.6916206840204467,0.675454467311354
Betweenness,0.4872373964443191,0.6871451965526056,0.6650207467450658
