Triple Injection Ratios,0.01,0.02,0.03
Random,0.4791053160349992,0.5009080851562528,0.48154358264269814
Closeness,0.5096683442199084,0.48260278483877495,0.47815253786183026
Betweenness,0.509829252929665,0.4917351441035697,0.4501639849195992
