{
    "Train": {
        "H@1": 0.753405221339387,
        "H@3": 0.9632992811199395,
        "H@10": 0.9981082103670071,
        "MRR": 0.8600026615208871
    },
    "Val": {
        "H@1": 0.6150306748466258,
        "H@3": 0.8680981595092024,
        "H@10": 0.9585889570552147,
        "MRR": 0.7521184302721212
    },
    "Test": {
        "H@1": 0.6316187594553706,
        "H@3": 0.8789712556732224,
        "H@10": 0.9652042360060514,
        "MRR": 0.7644022372143068
    }
}