{
    "Train": {
        "H@1": 0.7438283327003418,
        "H@3": 0.9694265096847702,
        "H@10": 0.9982909229016331,
        "MRR": 0.8566693880548132
    },
    "Val": {
        "H@1": 0.6303680981595092,
        "H@3": 0.8895705521472392,
        "H@10": 0.9746932515337423,
        "MRR": 0.7704193577764157
    },
    "Test": {
        "H@1": 0.6384266263237519,
        "H@3": 0.9016641452344932,
        "H@10": 0.9765506807866868,
        "MRR": 0.7771591866502664
    }
}