{
    "Test": {
        "H@1": 0.4947049924357035,
        "H@3": 0.7851739788199698,
        "H@10": 0.9606656580937972,
        "MRR": 0.6621148380002536
    }
}