Triple Injection Ratios,0.01,0.02,0.03
Random,0.5692652185336151,0.598177889533418,0.5915284718638084
PageRank,0.5800926164863093,0.601305842969558,0.5883349250647766
Harmonic closeness,0.5843152980010357,0.5706755380249573,0.5828150754722333
