Triple Injection Ratios,0.01,0.02,0.03
Random,0.5755906679029283,0.5856766481504021,0.5925249721144034
PageRank,0.5857296380619024,0.596490407093604,0.5889398289555389
Harmonic closeness,0.5865846324289915,0.6016448787267391,0.5842746621354848
