Triple Injection Ratios,0.01,0.02,0.03
Random,0.5963748447653127,0.5868814014962529,0.5906145583382741
PageRank,0.5895810971191563,0.5930194460577887,0.5892870868352466
Harmonic closeness,0.5863945404802011,0.5948620827501804,0.5793447746335315
