{
    "Train": {
        "H@1": 0.187683284457478,
        "H@3": 0.37561937506320153,
        "H@10": 0.6031449084841743,
        "MRR": 0.32570723362710835
    },
    "Val": {
        "H@1": 0.2661042944785276,
        "H@3": 0.5628834355828221,
        "H@10": 0.8105828220858896,
        "MRR": 0.44740305438122924
    },
    "Test": {
        "H@1": 0.3086232980332829,
        "H@3": 0.5771558245083207,
        "H@10": 0.829803328290469,
        "MRR": 0.4800888119319895
    }
}