{
    "Test": {
        "H@1": 0.6762481089258698,
        "H@3": 0.8033282904689864,
        "H@10": 0.9349470499243571,
        "MRR": 0.7616538305422914
    }
}