{
    "Test": {
        "H@1": 0.6898638426626323,
        "H@3": 0.9092284417549168,
        "H@10": 0.9803328290468987,
        "MRR": 0.8064599378370746
    }
}