{
    "Test": {
        "H@1": 0.48756218905472637,
        "H@3": 0.7661691542288557,
        "H@10": 0.9850746268656716,
        "MRR": 0.6530744545669919
    }
}