{
    "Train": {
        "H@1": 0.7296898079763663,
        "H@3": 0.9518094534711965,
        "H@10": 0.9941838995568686,
        "MRR": 0.8438691334382626
    },
    "Val": {
        "H@1": 0.6088957055214724,
        "H@3": 0.8726993865030674,
        "H@10": 0.9470858895705522,
        "MRR": 0.7492241038953137
    },
    "Test": {
        "H@1": 0.5983358547655068,
        "H@3": 0.8880484114977307,
        "H@10": 0.9742813918305597,
        "MRR": 0.7524278923082549
    }
}