{
    "Train": {
        "H@1": 0.6757900677200903,
        "H@3": 0.9418735891647856,
        "H@10": 0.9945447705041385,
        "MRR": 0.8119522284566218
    },
    "Val": {
        "H@1": 0.5567484662576687,
        "H@3": 0.8619631901840491,
        "H@10": 0.9570552147239264,
        "MRR": 0.7192122553319579
    },
    "Test": {
        "H@1": 0.5544629349470499,
        "H@3": 0.8668683812405447,
        "H@10": 0.9712556732223904,
        "MRR": 0.7220715390830171
    }
}