{
    "Test": {
        "H@1": 0.40298507462686567,
        "H@3": 0.681592039800995,
        "H@10": 0.9701492537313433,
        "MRR": 0.5805538160015772
    }
}