{
    "Test": {
        "H@1": 0.45716945996275604,
        "H@3": 0.7849162011173184,
        "H@10": 0.9497206703910615,
        "MRR": 0.6378299450178825
    }
}