{
    "Test": {
        "H@1": 0.5476550680786687,
        "H@3": 0.8411497730711044,
        "H@10": 0.9531013615733737,
        "MRR": 0.7028876116275171
    }
}