{
    "Test": {
        "H@1": 0.5968342644320298,
        "H@3": 0.8361266294227188,
        "H@10": 0.9646182495344506,
        "MRR": 0.7291410878104678
    }
}