{
    "Train": {
        "H@1": 0.5492851768246803,
        "H@3": 0.8535553047404063,
        "H@10": 0.967456734386757,
        "MRR": 0.715239408822972
    },
    "Val": {
        "H@1": 0.5,
        "H@3": 0.7906441717791411,
        "H@10": 0.9378834355828221,
        "MRR": 0.6670176342290458
    },
    "Test": {
        "H@1": 0.4689863842662632,
        "H@3": 0.7859304084720121,
        "H@10": 0.9304084720121029,
        "MRR": 0.6442022583588082
    }
}