{
    "Test": {
        "H@1": 0.6247672253258846,
        "H@3": 0.8538175046554934,
        "H@10": 0.978584729981378,
        "MRR": 0.7563639307233591
    }
}