{
    "Test": {
        "H@1": 0.40998487140695916,
        "H@3": 0.7186081694402421,
        "H@10": 0.9062027231467473,
        "MRR": 0.5880649123170931
    }
}