{
    "Train": {
        "H@1": 0.6874076809453471,
        "H@3": 0.927529542097489,
        "H@10": 0.9882754800590842,
        "MRR": 0.812790466566485
    },
    "Val": {
        "H@1": 0.5996932515337423,
        "H@3": 0.8726993865030674,
        "H@10": 0.9562883435582822,
        "MRR": 0.7434734039628369
    },
    "Test": {
        "H@1": 0.5900151285930408,
        "H@3": 0.8615733736762481,
        "H@10": 0.959909228441755,
        "MRR": 0.7364012386302797
    }
}