{
    "Test": {
        "H@1": 0.5418994413407822,
        "H@3": 0.8324022346368715,
        "H@10": 0.9655493482309124,
        "MRR": 0.6996691929833599
    }
}