{
    "Train": {
        "H@1": 0.23022432113341204,
        "H@3": 0.39930145611963797,
        "H@10": 0.5920897284533648,
        "MRR": 0.3556894880517405
    },
    "Val": {
        "H@1": 0.3389570552147239,
        "H@3": 0.6019938650306749,
        "H@10": 0.8021472392638037,
        "MRR": 0.49940406077163263
    },
    "Test": {
        "H@1": 0.3585476550680787,
        "H@3": 0.6096822995461422,
        "H@10": 0.8290468986384266,
        "MRR": 0.5195189032549492
    }
}