{
    "Test": {
        "H@1": 0.5373134328358209,
        "H@3": 0.7512437810945274,
        "H@10": 0.9900497512437811,
        "MRR": 0.6758606512337855
    }
}