{
    "Train": {
        "H@1": 0.6888558432470259,
        "H@3": 0.9141007697690693,
        "H@10": 0.9881910426871938,
        "MRR": 0.8088550123880094
    },
    "Val": {
        "H@1": 0.5989263803680982,
        "H@3": 0.8404907975460123,
        "H@10": 0.9486196319018405,
        "MRR": 0.7336988340930881
    },
    "Test": {
        "H@1": 0.594553706505295,
        "H@3": 0.8638426626323752,
        "H@10": 0.9508320726172466,
        "MRR": 0.7373287570819328
    }
}