{
    "Train": {
        "H@1": 0.6782600454890069,
        "H@3": 0.9440864291129644,
        "H@10": 0.9957354056103108,
        "MRR": 0.8124110823697073
    },
    "Val": {
        "H@1": 0.5352760736196319,
        "H@3": 0.8627300613496932,
        "H@10": 0.9578220858895705,
        "MRR": 0.7056946560454052
    },
    "Test": {
        "H@1": 0.5741301059001512,
        "H@3": 0.8691376701966718,
        "H@10": 0.9712556732223904,
        "MRR": 0.7324492428950569
    }
}