{
    "Test": {
        "H@1": 0.5506807866868382,
        "H@3": 0.8093797276853253,
        "H@10": 0.9379727685325264,
        "MRR": 0.6946448559538339
    }
}