{
    "Test": {
        "H@1": 0.556732223903177,
        "H@3": 0.8668683812405447,
        "H@10": 0.9697428139183056,
        "MRR": 0.7223569338462955
    }
}