{
    "Test": {
        "H@1": 0.481089258698941,
        "H@3": 0.8169440242057489,
        "H@10": 0.9531013615733737,
        "MRR": 0.6592958545889408
    }
}