{
    "Test": {
        "H@1": 0.5007564296520424,
        "H@3": 0.794251134644478,
        "H@10": 0.9379727685325264,
        "MRR": 0.6607893741886681
    }
}