{
    "Train": {
        "H@1": 0.7779984865682936,
        "H@3": 0.9656640181611805,
        "H@10": 0.9962164207340144,
        "MRR": 0.8741195485103562
    },
    "Val": {
        "H@1": 0.647239263803681,
        "H@3": 0.8803680981595092,
        "H@10": 0.9601226993865031,
        "MRR": 0.7736427083374001
    },
    "Test": {
        "H@1": 0.6459909228441755,
        "H@3": 0.886535552193646,
        "H@10": 0.9674735249621785,
        "MRR": 0.7750527285250612
    }
}