Triple Injection Ratios,0.01,0.02,0.03
Random,0.36070850415214606,0.345805968206147,0.34875757254566564
Closeness,0.35598625875517537,0.360608371689154,0.35657682821503506
Betweenness,0.3584352284537277,0.35904342688278945,0.35351736197863526
