Triple Injection Ratios,0.01,0.02,0.03
Random,0.3574085759793181,0.3549986426622374,0.3484099156398219
Closeness,0.3554644476448407,0.3583441438344974,0.35495595730935403
Betweenness,0.3626615683229567,0.35360874257578967,0.3583930457777747
