Triple Injection Ratios,0.01,0.02,0.03
Random,0.35602906024363085,0.3532740514854915,0.34598187630250016
Closeness,0.3592861985551423,0.36130944088531664,0.3570667722693089
Betweenness,0.35792196802231296,0.3640442754157942,0.35598354338431926
