{
    "Test": {
        "H@1": 0.5024875621890548,
        "H@3": 0.7512437810945274,
        "H@10": 0.9900497512437811,
        "MRR": 0.6523056269324926
    }
}