{
    "Train": {
        "H@1": 0.7975553857906799,
        "H@3": 0.9766997708174179,
        "H@10": 0.9982811306340718,
        "MRR": 0.8876194244298855
    },
    "Val": {
        "H@1": 0.6779141104294478,
        "H@3": 0.9033742331288344,
        "H@10": 0.973159509202454,
        "MRR": 0.7985486399995338
    },
    "Test": {
        "H@1": 0.6618759455370651,
        "H@3": 0.9167927382753404,
        "H@10": 0.9757942511346445,
        "MRR": 0.7960345293772634
    }
}