Triple Injection Ratios,0.01,0.02,0.03
Random,0.28581823560745717,0.23697852168875347,0.24485896256826845
Closeness,0.26635212573597156,0.2462536574153009,0.2841227671399661
Betweenness,0.2575898390252979,0.24018282152316303,0.22438848959232344
