Triple Injection Ratios,0.01,0.02,0.03
Random,0.23854528959215854,0.24104593638655897,0.23596787575944958
Closeness,0.23404502168279567,0.26974104206981664,0.24772355508580315
Betweenness,0.23986629656306252,0.22784445067640136,0.2499428184882898
