Triple Injection Ratios,0.01,0.02,0.03
Random,0.2475254764641169,0.2636730673276304,0.2670331524746656
Closeness,0.26564752851682827,0.26877267067051824,0.26001187836050865
Betweenness,0.2296337828649502,0.2382591456431802,0.2168368135380052
