{
    "Test": {
        "H@1": 0.39939485627836613,
        "H@3": 0.7110438729198184,
        "H@10": 0.9122541603630863,
        "MRR": 0.576811988351024
    }
}