{
    "Test": {
        "H@1": 0.3398510242085661,
        "H@3": 0.5791433891992551,
        "H@10": 0.8575418994413407,
        "MRR": 0.5026389880113186
    }
}