{
    "Test": {
        "H@1": 0.6354009077155824,
        "H@3": 0.8850226928895613,
        "H@10": 0.9682299546142209,
        "MRR": 0.7689574622907019
    }
}