{
    "Test": {
        "H@1": 0.56732223903177,
        "H@3": 0.8396369137670197,
        "H@10": 0.9636913767019667,
        "MRR": 0.7200911519091905
    }
}