{
    "Train": {
        "H@1": 0.42839340490797545,
        "H@3": 0.7412768404907976,
        "H@10": 0.922066717791411,
        "MRR": 0.6049402876057901
    },
    "Val": {
        "H@1": 0.3619631901840491,
        "H@3": 0.6840490797546013,
        "H@10": 0.8895705521472392,
        "MRR": 0.548217376699378
    },
    "Test": {
        "H@1": 0.37367624810892586,
        "H@3": 0.6792738275340393,
        "H@10": 0.8895612708018155,
        "MRR": 0.5539945768806918
    }
}