{
    "Test": {
        "H@1": 0.5763993948562783,
        "H@3": 0.8683812405446294,
        "H@10": 0.9500756429652042,
        "MRR": 0.7277183630163451
    }
}