{
    "Test": {
        "H@1": 0.43116490166414523,
        "H@3": 0.7443267776096822,
        "H@10": 0.9001512859304085,
        "MRR": 0.603981716515553
    }
}