{
    "Test": {
        "H@1": 0.26626323751891073,
        "H@3": 0.4659606656580938,
        "H@10": 0.735249621785174,
        "MRR": 0.4129516441687966
    }
}