{
    "Train": {
        "H@1": 0.755886821116597,
        "H@3": 0.9610710216483099,
        "H@10": 0.9978161792631979,
        "MRR": 0.8598272290771216
    },
    "Val": {
        "H@1": 0.6441717791411042,
        "H@3": 0.9118098159509203,
        "H@10": 0.973159509202454,
        "MRR": 0.7795752502898565
    },
    "Test": {
        "H@1": 0.6180030257186082,
        "H@3": 0.8963691376701967,
        "H@10": 0.9773071104387292,
        "MRR": 0.7623311380487797
    }
}