{
    "Test": {
        "H@1": 0.5623836126629422,
        "H@3": 0.8296089385474861,
        "H@10": 0.9608938547486033,
        "MRR": 0.7099993790907355
    }
}