Triple Injection Ratios,0.01,0.02,0.03
Random,0.722123505125248,0.6706692861554994,0.7242568658413114
PageRank,0.7297877220216473,0.6845169342214934,0.6796571296704976
Harmonic closeness,0.7115159411459016,0.66947415519495,0.7246398858551041
