Triple Injection Ratios,0.01,0.02,0.03
Random,0.6964113587020191,0.7338482104503753,0.7286203079964327
PageRank,0.7062011449961793,0.7174226407140798,0.7105143932573935
Harmonic closeness,0.7432081987217231,0.740884466738762,0.6863357464927254
