Triple Injection Ratios,0.01,0.02,0.03
Random,0.72525217689674,0.7313077044400366,0.7218058929089733
PageRank,0.7137104756005814,0.7073981588970953,0.7027433966390033
Harmonic closeness,0.7005742435226555,0.7203736798712771,0.7245593937620386
