{
    "Test": {
        "H@1": 0.6656580937972768,
        "H@3": 0.8260211800302572,
        "H@10": 0.9379727685325264,
        "MRR": 0.7622792287977613
    }
}