{
    "Test": {
        "H@1": 0.7276853252647504,
        "H@3": 0.9122541603630863,
        "H@10": 0.9682299546142209,
        "MRR": 0.8257576935619484
    }
}