{
    "Test": {
        "H@1": 0.3770949720670391,
        "H@3": 0.6080074487895717,
        "H@10": 0.8780260707635009,
        "MRR": 0.5314773975761832
    }
}