{
    "Test": {
        "H@1": 0.6021180030257186,
        "H@3": 0.7821482602118003,
        "H@10": 0.9183055975794251,
        "MRR": 0.7138204184216816
    }
}