{
    "Test": {
        "H@1": 0.43283582089552236,
        "H@3": 0.7761194029850746,
        "H@10": 1.0,
        "MRR": 0.6247591408039169
    }
}