{
    "Test": {
        "H@1": 0.47655068078668683,
        "H@3": 0.7065052950075643,
        "H@10": 0.9152798789712556,
        "MRR": 0.6216995580391831
    }
}