{
    "Test": {
        "H@1": 0.659606656580938,
        "H@3": 0.8925869894099848,
        "H@10": 0.9773071104387292,
        "MRR": 0.7829344981209162
    }
}