{
    "Test": {
        "H@1": 0.5124378109452736,
        "H@3": 0.7661691542288557,
        "H@10": 0.9900497512437811,
        "MRR": 0.6732251441206664
    }
}