{
    "Test": {
        "H@1": 0.4659606656580938,
        "H@3": 0.7049924357034796,
        "H@10": 0.8986384266263238,
        "MRR": 0.6128697460639129
    }
}