{
    "Train": {
        "H@1": 0.7093797564687976,
        "H@3": 0.9484398782343988,
        "H@10": 0.9965753424657534,
        "MRR": 0.830563240418871
    },
    "Val": {
        "H@1": 0.593558282208589,
        "H@3": 0.8496932515337423,
        "H@10": 0.9708588957055214,
        "MRR": 0.7349752340468173
    },
    "Test": {
        "H@1": 0.586232980332829,
        "H@3": 0.8721633888048411,
        "H@10": 0.972768532526475,
        "MRR": 0.7374172187115263
    }
}