{
    "Test": {
        "H@1": 0.6686838124054463,
        "H@3": 0.8260211800302572,
        "H@10": 0.9455370650529501,
        "MRR": 0.7631857323365041
    }
}