{
    "Test": {
        "H@1": 0.4427860696517413,
        "H@3": 0.736318407960199,
        "H@10": 0.9900497512437811,
        "MRR": 0.6205503865951627
    }
}