{
    "Test": {
        "H@1": 0.29046898638426627,
        "H@3": 0.5582450832072617,
        "H@10": 0.7609682299546142,
        "MRR": 0.45422890394917625
    }
}