{
    "Test": {
        "H@1": 0.5506807866868382,
        "H@3": 0.8426626323751891,
        "H@10": 0.9470499243570348,
        "MRR": 0.7083117393943004
    }
}