{
    "Test": {
        "H@1": 0.5627836611195158,
        "H@3": 0.8320726172465961,
        "H@10": 0.9470499243570348,
        "MRR": 0.7071939954056387
    }
}