{
    "Test": {
        "H@1": 0.6399394856278366,
        "H@3": 0.9122541603630863,
        "H@10": 0.9788199697428139,
        "MRR": 0.78184949332794
    }
}