{
    "Test": {
        "H@1": 0.6182495344506518,
        "H@3": 0.845437616387337,
        "H@10": 0.9702048417132216,
        "MRR": 0.7471646241951183
    }
}