{
    "Test": {
        "H@1": 0.6853252647503782,
        "H@3": 0.897125567322239,
        "H@10": 0.9712556732223904,
        "MRR": 0.7988693617360726
    }
}