{
    "Test": {
        "H@1": 0.4590316573556797,
        "H@3": 0.7802607076350093,
        "H@10": 0.9497206703910615,
        "MRR": 0.6363140514690933
    }
}