{
    "Test": {
        "H@1": 0.5323383084577115,
        "H@3": 0.746268656716418,
        "H@10": 0.9950248756218906,
        "MRR": 0.6726646349780678
    }
}