{
    "Test": {
        "H@1": 0.49016641452344933,
        "H@3": 0.800302571860817,
        "H@10": 0.9515885022692889,
        "MRR": 0.6571233225696683
    }
}