{
    "Test": {
        "H@1": 0.5612708018154312,
        "H@3": 0.8426626323751891,
        "H@10": 0.9652042360060514,
        "MRR": 0.7138117031202282
    }
}