Triple Injection Ratios,0.01,0.02,0.03
Random,0.2688496977843916,0.28115432576985816,0.25284628788810704
Closeness,0.2534021528823081,0.2673788854356773,0.2602992955704106
Betweenness,0.27272726337631886,0.275680645879874,0.2704626738494312
