Triple Injection Ratios,0.01,0.02,0.03
Random,0.25723910856476595,0.25625643288048416,0.2780501137373477
Closeness,0.23886350124899156,0.2630038051067472,0.2744384338031186
Betweenness,0.2813191174741244,0.28331985781570435,0.24447645590902284
