Triple Injection Ratios,0.01,0.02,0.03
Random,0.2683068223587541,0.24760237596798507,0.25340127945809415
Closeness,0.2713323812262812,0.24670059119736662,0.27448730133237126
Betweenness,0.2671847937849616,0.25965159234789403,0.28036331266245773
