{
    "Test": {
        "H@1": 0.46747352496217853,
        "H@3": 0.7049924357034796,
        "H@10": 0.9092284417549168,
        "MRR": 0.6167574701315223
    }
}