{
    "Test": {
        "H@1": 0.4659606656580938,
        "H@3": 0.7806354009077155,
        "H@10": 0.9319213313161876,
        "MRR": 0.6347904099627955
    }
}