{
    "Test": {
        "H@1": 0.7110438729198184,
        "H@3": 0.913767019667171,
        "H@10": 0.9697428139183056,
        "MRR": 0.817718836320169
    }
}