{
    "Test": {
        "H@1": 0.47049924357034795,
        "H@3": 0.7594553706505295,
        "H@10": 0.9046898638426626,
        "MRR": 0.6267971735799315
    }
}