{
    "Test": {
        "H@1": 0.6201117318435754,
        "H@3": 0.8649906890130353,
        "H@10": 0.972998137802607,
        "MRR": 0.7506009921372271
    }
}