Triple Injection Ratios,0.01,0.02,0.03
Random,0.6604018554659619,0.7468206823830805,0.6664556746541319
PageRank,0.7707694594840744,0.7553959973502096,0.7334814954256426
Harmonic closeness,0.7693543903614137,0.671156324120517,0.7068131350142198
