Triple Injection Ratios,0.01,0.02,0.03
Random,0.707879112031286,0.7784117443748061,0.705990252041105
PageRank,0.7116155519392637,0.6896291947181716,0.7013726065013799
Harmonic closeness,0.7829216777380502,0.730915737994324,0.6924549567770114
