Triple Injection Ratios,0.01,0.02,0.03
Random,0.7082930707967549,0.7193415145104939,0.6725547248238998
PageRank,0.7794081655424239,0.7150446215293992,0.6647003276429558
Harmonic closeness,0.7870080586431409,0.7235251303771721,0.7086831807982678
