{
    "Train": {
        "H@1": 0.7348542944785276,
        "H@3": 0.9556173312883436,
        "H@10": 0.9959739263803681,
        "MRR": 0.8478984162030695
    },
    "Val": {
        "H@1": 0.6134969325153374,
        "H@3": 0.8819018404907976,
        "H@10": 0.9624233128834356,
        "MRR": 0.7564983501531098
    },
    "Test": {
        "H@1": 0.6013615733736762,
        "H@3": 0.8918305597579426,
        "H@10": 0.9750378214826021,
        "MRR": 0.7565567924711187
    }
}