{
    "Test": {
        "H@1": 0.5572139303482587,
        "H@3": 0.8407960199004975,
        "H@10": 0.9850746268656716,
        "MRR": 0.711209520164744
    }
}