{
    "Test": {
        "H@1": 0.5885022692889561,
        "H@3": 0.8018154311649016,
        "H@10": 0.9334341906202723,
        "MRR": 0.7106966946511889
    }
}