{
    "Test": {
        "H@1": 0.48696461824953446,
        "H@3": 0.8147113594040968,
        "H@10": 0.957169459962756,
        "MRR": 0.6626644152728597
    }
}