{
    "Test": {
        "H@1": 0.5128593040847201,
        "H@3": 0.8260211800302572,
        "H@10": 0.9425113464447806,
        "MRR": 0.6758953167111854
    }
}