{
    "Test": {
        "H@1": 0.572139303482587,
        "H@3": 0.7761194029850746,
        "H@10": 0.9850746268656716,
        "MRR": 0.6989913348122303
    }
}