{
    "Test": {
        "H@1": 0.5279329608938548,
        "H@3": 0.792364990689013,
        "H@10": 0.9599627560521415,
        "MRR": 0.6829009751357975
    }
}