{
    "Test": {
        "H@1": 0.3781094527363184,
        "H@3": 0.6716417910447762,
        "H@10": 0.9651741293532339,
        "MRR": 0.5623763605106888
    }
}