{
    "Test": {
        "H@1": 0.4281391830559758,
        "H@3": 0.7291981845688351,
        "H@10": 0.9107413010590015,
        "MRR": 0.5963952401364039
    }
}