{
    "Train": {
        "H@1": 0.6960286913925823,
        "H@3": 0.9183869839048285,
        "H@10": 0.9893282015395382,
        "MRR": 0.8144925378676219
    },
    "Val": {
        "H@1": 0.6403374233128835,
        "H@3": 0.9072085889570553,
        "H@10": 0.9708588957055214,
        "MRR": 0.7809491625080734
    },
    "Test": {
        "H@1": 0.6293494704992436,
        "H@3": 0.8978819969742814,
        "H@10": 0.9697428139183056,
        "MRR": 0.769562737119813
    }
}