{
    "Train": {
        "H@1": 0.604582055214724,
        "H@3": 0.8927338957055214,
        "H@10": 0.9902223926380368,
        "MRR": 0.7569732105360303
    },
    "Val": {
        "H@1": 0.5291411042944786,
        "H@3": 0.8144171779141104,
        "H@10": 0.9562883435582822,
        "MRR": 0.6867440758216343
    },
    "Test": {
        "H@1": 0.5030257186081695,
        "H@3": 0.819213313161876,
        "H@10": 0.9531013615733737,
        "MRR": 0.675839368241988
    }
}