{
    "Test": {
        "H@1": 0.39303482587064675,
        "H@3": 0.6318407960199005,
        "H@10": 0.9502487562189055,
        "MRR": 0.5629198192631029
    }
}