{
    "Train": {
        "H@1": 0.7014617691154422,
        "H@3": 0.9280359820089955,
        "H@10": 0.987256371814093,
        "MRR": 0.819972463435066
    },
    "Val": {
        "H@1": 0.5966257668711656,
        "H@3": 0.8558282208588958,
        "H@10": 0.9440184049079755,
        "MRR": 0.7369523253225897
    },
    "Test": {
        "H@1": 0.6225416036308623,
        "H@3": 0.8577912254160364,
        "H@10": 0.959909228441755,
        "MRR": 0.7526214690069563
    }
}