{
    "Test": {
        "H@1": 0.5540037243947858,
        "H@3": 0.8277467411545624,
        "H@10": 0.9636871508379888,
        "MRR": 0.7024176609268566
    }
}