{
    "Test": {
        "H@1": 0.56732223903177,
        "H@3": 0.8608169440242057,
        "H@10": 0.962178517397882,
        "MRR": 0.7223096440481944
    }
}