{
    "Test": {
        "H@1": 0.5102420856610801,
        "H@3": 0.8286778398510242,
        "H@10": 0.9618249534450651,
        "MRR": 0.6809655478716699
    }
}