{
    "Test": {
        "H@1": 0.5310136157337367,
        "H@3": 0.8562783661119516,
        "H@10": 0.9576399394856279,
        "MRR": 0.6947221584831673
    }
}