{
    "Test": {
        "H@1": 0.2802607076350093,
        "H@3": 0.5558659217877095,
        "H@10": 0.8519553072625698,
        "MRR": 0.46406111521662696
    }
}