{
    "Test": {
        "H@1": 0.6036308623298033,
        "H@3": 0.875945537065053,
        "H@10": 0.962178517397882,
        "MRR": 0.7458157618663049
    }
}