{
    "Test": {
        "H@1": 0.5385779122541604,
        "H@3": 0.8320726172465961,
        "H@10": 0.962178517397882,
        "MRR": 0.6961436914117394
    }
}