{
    "Test": {
        "H@1": 0.5113464447806354,
        "H@3": 0.75642965204236,
        "H@10": 0.9228441754916793,
        "MRR": 0.6599043447228995
    }
}