{
    "Test": {
        "H@1": 0.6163873370577281,
        "H@3": 0.8426443202979516,
        "H@10": 0.9581005586592178,
        "MRR": 0.7405609682910061
    }
}