{
    "Test": {
        "H@1": 0.5022692889561271,
        "H@3": 0.7972768532526475,
        "H@10": 0.9500756429652042,
        "MRR": 0.6638229870364626
    }
}