{
    "Test": {
        "H@1": 0.4925373134328358,
        "H@3": 0.835820895522388,
        "H@10": 0.9950248756218906,
        "MRR": 0.6737068625128326
    }
}