{
    "Test": {
        "H@1": 0.3547486033519553,
        "H@3": 0.595903165735568,
        "H@10": 0.866852886405959,
        "MRR": 0.5166007317427507
    }
}