{
    "Test": {
        "H@1": 0.6433891992551211,
        "H@3": 0.8640595903165735,
        "H@10": 0.9711359404096834,
        "MRR": 0.7637530701284274
    }
}