{
    "Test": {
        "H@1": 0.3888048411497731,
        "H@3": 0.6717095310136157,
        "H@10": 0.9062027231467473,
        "MRR": 0.5584406813736484
    }
}