{
    "Train": {
        "H@1": 0.6621763470958713,
        "H@3": 0.8946815955213436,
        "H@10": 0.9825052484254724,
        "MRR": 0.7874899744526431
    },
    "Val": {
        "H@1": 0.5835889570552147,
        "H@3": 0.8312883435582822,
        "H@10": 0.9432515337423313,
        "MRR": 0.7220287314356278
    },
    "Test": {
        "H@1": 0.6036308623298033,
        "H@3": 0.8774583963691377,
        "H@10": 0.9614220877458396,
        "MRR": 0.7498246480113162
    }
}