{
    "Train": {
        "H@1": 0.7713257016248154,
        "H@3": 0.9489475627769571,
        "H@10": 0.9923375184638109,
        "MRR": 0.8637751627603857
    },
    "Val": {
        "H@1": 0.6710122699386503,
        "H@3": 0.8819018404907976,
        "H@10": 0.9608895705521472,
        "MRR": 0.7859293435788789
    },
    "Test": {
        "H@1": 0.6777609682299546,
        "H@3": 0.905446293494705,
        "H@10": 0.9720121028744326,
        "MRR": 0.7987356105714654
    }
}