{
    "Test": {
        "H@1": 0.4281391830559758,
        "H@3": 0.7518910741301059,
        "H@10": 0.9228441754916793,
        "MRR": 0.6060790190834998
    }
}