{
    "Test": {
        "H@1": 0.4205748865355522,
        "H@3": 0.7276853252647504,
        "H@10": 0.9349470499243571,
        "MRR": 0.5960774347659268
    }
}