{
    "Train": {
        "H@1": 0.6998730964467005,
        "H@3": 0.9265772298767223,
        "H@10": 0.9898477157360406,
        "MRR": 0.8188905142929411
    },
    "Val": {
        "H@1": 0.598159509202454,
        "H@3": 0.8473926380368099,
        "H@10": 0.9478527607361963,
        "MRR": 0.7350638902858884
    },
    "Test": {
        "H@1": 0.5953101361573374,
        "H@3": 0.8623298033282905,
        "H@10": 0.9546142208774584,
        "MRR": 0.7400179981038231
    }
}