{
    "Test": {
        "H@1": 0.4372163388804841,
        "H@3": 0.7276853252647504,
        "H@10": 0.8744326777609682,
        "MRR": 0.6006064708714379
    }
}