{
    "Train": {
        "H@1": 0.7351213040181956,
        "H@3": 0.9476876421531463,
        "H@10": 0.995166793025019,
        "MRR": 0.8437890733702225
    },
    "Val": {
        "H@1": 0.6035276073619632,
        "H@3": 0.8512269938650306,
        "H@10": 0.9539877300613497,
        "MRR": 0.7383579367317136
    },
    "Test": {
        "H@1": 0.5892586989409985,
        "H@3": 0.8373676248108926,
        "H@10": 0.9576399394856279,
        "MRR": 0.7271574011181452
    }
}