{
    "Train": {
        "H@1": 0.3206480061349693,
        "H@3": 0.5808090490797546,
        "H@10": 0.8362730061349694,
        "MRR": 0.48923452603280515
    },
    "Val": {
        "H@1": 0.2415644171779141,
        "H@3": 0.49079754601226994,
        "H@10": 0.75920245398773,
        "MRR": 0.41043736063018377
    },
    "Test": {
        "H@1": 0.2344931921331316,
        "H@3": 0.49924357034795763,
        "H@10": 0.7594553706505295,
        "MRR": 0.40903046236032464
    }
}