{
    "Test": {
        "H@1": 0.5111731843575419,
        "H@3": 0.8054003724394786,
        "H@10": 0.9515828677839852,
        "MRR": 0.6731623839307583
    }
}