{
    "Test": {
        "H@1": 0.6033519553072626,
        "H@3": 0.8342644320297952,
        "H@10": 0.9720670391061452,
        "MRR": 0.7335648493543523
    }
}