{
    "Train": {
        "H@1": 0.7231873111782477,
        "H@3": 0.9419373111782477,
        "H@10": 0.9931080060422961,
        "MRR": 0.8361808091982846
    },
    "Val": {
        "H@1": 0.6411042944785276,
        "H@3": 0.8742331288343558,
        "H@10": 0.9562883435582822,
        "MRR": 0.7671954848709753
    },
    "Test": {
        "H@1": 0.6210287443267776,
        "H@3": 0.8842662632375189,
        "H@10": 0.970499243570348,
        "MRR": 0.7609245640454809
    }
}