{
    "Test": {
        "H@1": 0.43872919818456885,
        "H@3": 0.6928895612708018,
        "H@10": 0.9122541603630863,
        "MRR": 0.5982254051932203
    }
}