{
    "Test": {
        "H@1": 0.37972768532526474,
        "H@3": 0.7276853252647504,
        "H@10": 0.9349470499243571,
        "MRR": 0.576874814394213
    }
}