{
    "Train": {
        "H@1": 0.5440335493709493,
        "H@3": 0.7940335493709493,
        "H@10": 0.9293747617232176,
        "MRR": 0.6856581112337783
    },
    "Val": {
        "H@1": 0.48773006134969327,
        "H@3": 0.7269938650306749,
        "H@10": 0.8957055214723927,
        "MRR": 0.6309921886681658
    },
    "Test": {
        "H@1": 0.4735249621785174,
        "H@3": 0.7299546142208775,
        "H@10": 0.9046898638426626,
        "MRR": 0.6259600754975305
    }
}