{
    "Test": {
        "H@1": 0.5658093797276853,
        "H@3": 0.783661119515885,
        "H@10": 0.9258698940998488,
        "MRR": 0.6940748913004584
    }
}