{
    "Train": {
        "H@1": 0.6156403079076277,
        "H@3": 0.8837473757872638,
        "H@10": 0.978481455563331,
        "MRR": 0.7573059729408724
    },
    "Val": {
        "H@1": 0.5299079754601227,
        "H@3": 0.8190184049079755,
        "H@10": 0.9378834355828221,
        "MRR": 0.6862410478604387
    },
    "Test": {
        "H@1": 0.518910741301059,
        "H@3": 0.829803328290469,
        "H@10": 0.9515885022692889,
        "MRR": 0.6837694858100952
    }
}