{
    "Train": {
        "H@1": 0.6957682043461685,
        "H@3": 0.9322340831109417,
        "H@10": 0.9923751429660694,
        "MRR": 0.8187258147728839
    },
    "Val": {
        "H@1": 0.593558282208589,
        "H@3": 0.8458588957055214,
        "H@10": 0.9432515337423313,
        "MRR": 0.7332127615820788
    },
    "Test": {
        "H@1": 0.5907715582450832,
        "H@3": 0.8630862329803328,
        "H@10": 0.9682299546142209,
        "MRR": 0.7375423478230976
    }
}