{
    "Test": {
        "H@1": 0.3994413407821229,
        "H@3": 0.6405959031657356,
        "H@10": 0.8901303538175046,
        "MRR": 0.5539547811326666
    }
}