{
    "Test": {
        "H@1": 0.2942271880819367,
        "H@3": 0.5856610800744879,
        "H@10": 0.8631284916201117,
        "MRR": 0.47457015382994505
    }
}