{
    "Test": {
        "H@1": 0.6641452344931922,
        "H@3": 0.8441754916792739,
        "H@10": 0.9409984871406959,
        "MRR": 0.7649186737021911
    }
}