{
    "Test": {
        "H@1": 0.5068078668683812,
        "H@3": 0.8305597579425114,
        "H@10": 0.9682299546142209,
        "MRR": 0.6854365763758208
    }
}