{
    "Test": {
        "H@1": 0.4357034795763994,
        "H@3": 0.7049924357034796,
        "H@10": 0.9288956127080181,
        "MRR": 0.5991125222242618
    }
}