{
    "Test": {
        "H@1": 0.6308623298033282,
        "H@3": 0.8819969742813918,
        "H@10": 0.9757942511346445,
        "MRR": 0.7672124666220728
    }
}