{
    "Test": {
        "H@1": 0.572139303482587,
        "H@3": 0.7661691542288557,
        "H@10": 0.9751243781094527,
        "MRR": 0.696124591273845
    }
}