{
    "Train": {
        "H@1": 0.7653374233128835,
        "H@3": 0.9706671779141104,
        "H@10": 0.9985621165644172,
        "MRR": 0.8678062236384398
    },
    "Val": {
        "H@1": 0.6579754601226994,
        "H@3": 0.9010736196319018,
        "H@10": 0.9631901840490797,
        "MRR": 0.7847595097387969
    },
    "Test": {
        "H@1": 0.649016641452345,
        "H@3": 0.9175491679273827,
        "H@10": 0.9773071104387292,
        "MRR": 0.7863270470147393
    }
}