{
    "Test": {
        "H@1": 0.5549348230912476,
        "H@3": 0.8240223463687151,
        "H@10": 0.9478584729981379,
        "MRR": 0.7033090924573182
    }
}