{
    "Test": {
        "H@1": 0.6278366111951589,
        "H@3": 0.875945537065053,
        "H@10": 0.9470499243570348,
        "MRR": 0.7569565756808546
    }
}