{
    "Test": {
        "H@1": 0.4720121028744327,
        "H@3": 0.7579425113464447,
        "H@10": 0.9409984871406959,
        "MRR": 0.6375692974111544
    }
}