{
    "Train": {
        "H@1": 0.703125,
        "H@3": 0.946319018404908,
        "H@10": 0.9953029141104295,
        "MRR": 0.8251945576716556
    },
    "Val": {
        "H@1": 0.5697852760736196,
        "H@3": 0.8588957055214724,
        "H@10": 0.9532208588957055,
        "MRR": 0.7231708218012284
    },
    "Test": {
        "H@1": 0.6066565809379728,
        "H@3": 0.8782148260211801,
        "H@10": 0.9674735249621785,
        "MRR": 0.7493444697371034
    }
}