{
    "Test": {
        "H@1": 0.4402420574886536,
        "H@3": 0.7821482602118003,
        "H@10": 0.9485627836611196,
        "MRR": 0.6275027733124958
    }
}