{
    "Train": {
        "H@1": 0.23772343351011588,
        "H@3": 0.4263406010606953,
        "H@10": 0.6113239049302691,
        "MRR": 0.3696798657932648
    },
    "Val": {
        "H@1": 0.36273006134969327,
        "H@3": 0.6510736196319018,
        "H@10": 0.8519938650306749,
        "MRR": 0.532495783673199
    },
    "Test": {
        "H@1": 0.3524962178517398,
        "H@3": 0.6558245083207261,
        "H@10": 0.857034795763994,
        "MRR": 0.5336980117512861
    }
}