{
    "Test": {
        "H@1": 0.6747352496217852,
        "H@3": 0.913767019667171,
        "H@10": 0.9773071104387292,
        "MRR": 0.7993618639353723
    }
}