{
    "Test": {
        "H@1": 0.43267776096822996,
        "H@3": 0.686838124054463,
        "H@10": 0.9183055975794251,
        "MRR": 0.5934127314174638
    }
}