Triple Injection Ratios,0.01,0.02,0.03
Random,0.5053912893078667,0.46738533655550507,0.4860424878371915
Closeness,0.5115166756162981,0.5080270394894632,0.5010002571196979
Betweenness,0.4999780065065853,0.4923253937256158,0.48525211028979237
