Triple Injection Ratios,0.01,0.02,0.03
Random,0.5127972124369521,0.48973846311396435,0.4812501311050864
Closeness,0.5168499960818206,0.5119119221734666,0.4769496880597829
Betweenness,0.4988792503613577,0.5278599550660582,0.4710565522573197
