Triple Injection Ratios,0.01,0.02,0.03
Random,0.49823306430907793,0.48613956116934964,0.6594957999140605
Closeness,0.5058146679606168,0.5140341237867254,0.6871123196080247
Betweenness,0.6988540800818773,0.67763591943612,0.4977264178434938
