{
    "Train": {
        "H@1": 0.6764430284857571,
        "H@3": 0.9054535232383808,
        "H@10": 0.9814467766116941,
        "MRR": 0.7989962674711177
    },
    "Val": {
        "H@1": 0.5789877300613497,
        "H@3": 0.8335889570552147,
        "H@10": 0.9501533742331288,
        "MRR": 0.7201573800284773
    },
    "Test": {
        "H@1": 0.5869894099848714,
        "H@3": 0.8252647503782148,
        "H@10": 0.9455370650529501,
        "MRR": 0.7227057568928246
    }
}