{
    "Test": {
        "H@1": 0.40998487140695916,
        "H@3": 0.7155824508320726,
        "H@10": 0.9409984871406959,
        "MRR": 0.590989570430069
    }
}