{
    "Train": {
        "H@1": 0.699238578680203,
        "H@3": 0.9267585206671501,
        "H@10": 0.9869470630891951,
        "MRR": 0.8181695100321316
    },
    "Val": {
        "H@1": 0.6180981595092024,
        "H@3": 0.870398773006135,
        "H@10": 0.946319018404908,
        "MRR": 0.7527962415628859
    },
    "Test": {
        "H@1": 0.5922844175491679,
        "H@3": 0.886535552193646,
        "H@10": 0.9697428139183056,
        "MRR": 0.7472627182280162
    }
}