{
    "Test": {
        "H@1": 0.46444780635400906,
        "H@3": 0.8305597579425114,
        "H@10": 0.9364599092284418,
        "MRR": 0.6514283276210829
    }
}