{
    "Test": {
        "H@1": 0.7246596066565809,
        "H@3": 0.9016641452344932,
        "H@10": 0.9697428139183056,
        "MRR": 0.8203660748344994
    }
}