{
    "Test": {
        "H@1": 0.5688350983358548,
        "H@3": 0.8411497730711044,
        "H@10": 0.9425113464447806,
        "MRR": 0.7119507622371253
    }
}