{
    "Test": {
        "H@1": 0.4059590316573557,
        "H@3": 0.6359404096834265,
        "H@10": 0.8808193668528864,
        "MRR": 0.5585309234516478
    }
}