{
    "Test": {
        "H@1": 0.44175491679273826,
        "H@3": 0.745839636913767,
        "H@10": 0.9183055975794251,
        "MRR": 0.6113663875194355
    }
}