{
    "Test": {
        "H@1": 0.46444780635400906,
        "H@3": 0.783661119515885,
        "H@10": 0.9349470499243571,
        "MRR": 0.6361403197348329
    }
}