{
    "Test": {
        "H@1": 0.5491679273827534,
        "H@3": 0.8063540090771558,
        "H@10": 0.9425113464447806,
        "MRR": 0.6930331839910978
    }
}