{
    "Train": {
        "H@1": 0.7084284627092846,
        "H@3": 0.9529109589041096,
        "H@10": 0.9961948249619482,
        "MRR": 0.8336839617445871
    },
    "Val": {
        "H@1": 0.620398773006135,
        "H@3": 0.8780674846625767,
        "H@10": 0.9647239263803681,
        "MRR": 0.760229508901245
    },
    "Test": {
        "H@1": 0.6066565809379728,
        "H@3": 0.8993948562783661,
        "H@10": 0.9803328290468987,
        "MRR": 0.760967291914391
    }
}