{
    "Test": {
        "H@1": 0.5148975791433892,
        "H@3": 0.7960893854748603,
        "H@10": 0.9478584729981379,
        "MRR": 0.6715459508274463
    }
}