{
    "Train": {
        "H@1": 0.6545661301609517,
        "H@3": 0.8918824352694191,
        "H@10": 0.9764695591322603,
        "MRR": 0.7816856124591747
    },
    "Val": {
        "H@1": 0.575920245398773,
        "H@3": 0.8358895705521472,
        "H@10": 0.9440184049079755,
        "MRR": 0.7188982134469162
    },
    "Test": {
        "H@1": 0.5582450832072617,
        "H@3": 0.8517397881996974,
        "H@10": 0.9546142208774584,
        "MRR": 0.7156996959217586
    }
}