{
    "Train": {
        "H@1": 0.7652788388082505,
        "H@3": 0.9615164247517188,
        "H@10": 0.9913101604278075,
        "MRR": 0.8651957548297553
    },
    "Val": {
        "H@1": 0.6572085889570553,
        "H@3": 0.8849693251533742,
        "H@10": 0.9616564417177914,
        "MRR": 0.7806641354086638
    },
    "Test": {
        "H@1": 0.6603630862329803,
        "H@3": 0.886535552193646,
        "H@10": 0.9614220877458396,
        "MRR": 0.7842216559808082
    }
}