{
    "Test": {
        "H@1": 0.6475037821482602,
        "H@3": 0.8063540090771558,
        "H@10": 0.9213313161875946,
        "MRR": 0.7448064454121717
    }
}