{
    "Test": {
        "H@1": 0.6354009077155824,
        "H@3": 0.8850226928895613,
        "H@10": 0.9697428139183056,
        "MRR": 0.7677167396841957
    }
}