{
    "Test": {
        "H@1": 0.3407821229050279,
        "H@3": 0.5558659217877095,
        "H@10": 0.8649906890130353,
        "MRR": 0.49709412245940043
    }
}