{
    "Test": {
        "H@1": 0.4629349470499244,
        "H@3": 0.7685325264750378,
        "H@10": 0.9288956127080181,
        "MRR": 0.6323962367871291
    }
}