{
    "Train": {
        "H@1": 0.6392829754601227,
        "H@3": 0.908454754601227,
        "H@10": 0.9812116564417178,
        "MRR": 0.780609227199751
    },
    "Val": {
        "H@1": 0.5590490797546013,
        "H@3": 0.8312883435582822,
        "H@10": 0.9317484662576687,
        "MRR": 0.7055536319894963
    },
    "Test": {
        "H@1": 0.5257186081694403,
        "H@3": 0.8411497730711044,
        "H@10": 0.9462934947049925,
        "MRR": 0.6943503297957959
    }
}