Triple Injection Ratios,0.01,0.02,0.03
Random,0.30484982300584734,0.315049712622856,0.25953043238304396
Closeness,0.2704658405461064,0.26985435852190953,0.274729250172256
Betweenness,0.31130083037191036,0.30672974646733164,0.3036190058390922
