Triple Injection Ratios,0.01,0.02,0.03
Random,0.2607761104868505,0.2731883548674179,0.27500193372640164
Closeness,0.263332866313244,0.2560414550504352,0.2916561040762812
Betweenness,0.3171638923975742,0.29693621305357626,0.3035526450676875
