Triple Injection Ratios,0.01,0.02,0.03
Random,0.26164469377127847,0.27703822484065266,0.2621982655224017
Closeness,0.26474903762795804,0.30633790679830014,0.31592174630235187
Betweenness,0.3078678432536776,0.24807161874905986,0.26842847969719025
