{
    "Test": {
        "H@1": 0.44776119402985076,
        "H@3": 0.7661691542288557,
        "H@10": 0.9950248756218906,
        "MRR": 0.6285375624927864
    }
}