{
    "Test": {
        "H@1": 0.4626865671641791,
        "H@3": 0.7711442786069652,
        "H@10": 1.0,
        "MRR": 0.6446912264076442
    }
}