{
    "Train": {
        "H@1": 0.7251631617113851,
        "H@3": 0.946972443799855,
        "H@10": 0.9957396664249456,
        "MRR": 0.8391280816225164
    },
    "Val": {
        "H@1": 0.6073619631901841,
        "H@3": 0.879601226993865,
        "H@10": 0.9647239263803681,
        "MRR": 0.749552113570003
    },
    "Test": {
        "H@1": 0.6361573373676248,
        "H@3": 0.8918305597579426,
        "H@10": 0.9735249621785174,
        "MRR": 0.7709973725036132
    }
}