{
    "Test": {
        "H@1": 0.6959152798789713,
        "H@3": 0.913767019667171,
        "H@10": 0.972768532526475,
        "MRR": 0.8086270302560238
    }
}