{
    "Test": {
        "H@1": 0.3463687150837989,
        "H@3": 0.5968342644320298,
        "H@10": 0.8733705772811918,
        "MRR": 0.5119718304307083
    }
}