{
    "Train": {
        "H@1": 0.7592873388931008,
        "H@3": 0.964461713419257,
        "H@10": 0.9970621683093253,
        "MRR": 0.8644414531569069
    },
    "Val": {
        "H@1": 0.6372699386503068,
        "H@3": 0.8880368098159509,
        "H@10": 0.9716257668711656,
        "MRR": 0.7725591271581723
    },
    "Test": {
        "H@1": 0.6316187594553706,
        "H@3": 0.8948562783661119,
        "H@10": 0.9667170953101362,
        "MRR": 0.7714253709456692
    }
}