{
    "Test": {
        "H@1": 0.5506807866868382,
        "H@3": 0.7655068078668684,
        "H@10": 0.9016641452344932,
        "MRR": 0.6744697402192453
    }
}