{
    "Test": {
        "H@1": 0.5422885572139303,
        "H@3": 0.7910447761194029,
        "H@10": 0.9850746268656716,
        "MRR": 0.6921087756908652
    }
}