{
    "Test": {
        "H@1": 0.6611195158850227,
        "H@3": 0.8910741301059002,
        "H@10": 0.9636913767019667,
        "MRR": 0.7840631777475136
    }
}