{
    "Test": {
        "H@1": 0.6717095310136157,
        "H@3": 0.9152798789712556,
        "H@10": 0.9742813918305597,
        "MRR": 0.7970998915713351
    }
}