{
    "Test": {
        "H@1": 0.6119402985074627,
        "H@3": 0.7910447761194029,
        "H@10": 0.9800995024875622,
        "MRR": 0.7290120465493599
    }
}