{
    "Test": {
        "H@1": 0.3880597014925373,
        "H@3": 0.6965174129353234,
        "H@10": 0.9900497512437811,
        "MRR": 0.5759774360520629
    }
}