{
    "Test": {
        "H@1": 0.5885022692889561,
        "H@3": 0.869894099848714,
        "H@10": 0.9531013615733737,
        "MRR": 0.7333681506221699
    }
}