{
    "Test": {
        "H@1": 0.653555219364599,
        "H@3": 0.897125567322239,
        "H@10": 0.9712556732223904,
        "MRR": 0.7808475732595187
    }
}