{
    "Train": {
        "H@1": 0.0158311345646438,
        "H@3": 0.06973237843950245,
        "H@10": 0.18601583113456466,
        "MRR": 0.08309403304153808
    },
    "Val": {
        "H@1": 0.014570552147239263,
        "H@3": 0.0598159509202454,
        "H@10": 0.15567484662576686,
        "MRR": 0.07385687212100416
    },
    "Test": {
        "H@1": 0.01361573373676248,
        "H@3": 0.05521936459909228,
        "H@10": 0.16565809379727686,
        "MRR": 0.07451928278275492
    }
}