{
    "Train": {
        "H@1": 0.7545743091859597,
        "H@3": 0.9479088872292756,
        "H@10": 0.996545929798357,
        "MRR": 0.855302504841549
    },
    "Val": {
        "H@1": 0.6671779141104295,
        "H@3": 0.8865030674846626,
        "H@10": 0.963957055214724,
        "MRR": 0.7858746023564326
    },
    "Test": {
        "H@1": 0.6452344931921331,
        "H@3": 0.886535552193646,
        "H@10": 0.9720121028744326,
        "MRR": 0.7745233707954
    }
}