{
    "Train": {
        "H@1": 0.6099501533742331,
        "H@3": 0.9068251533742331,
        "H@10": 0.988784509202454,
        "MRR": 0.7627874361838831
    },
    "Val": {
        "H@1": 0.48236196319018404,
        "H@3": 0.8067484662576687,
        "H@10": 0.9578220858895705,
        "MRR": 0.6611066937916031
    },
    "Test": {
        "H@1": 0.4886535552193646,
        "H@3": 0.840393343419062,
        "H@10": 0.962178517397882,
        "MRR": 0.6726835036742801
    }
}