{
    "Test": {
        "H@1": 0.39334341906202724,
        "H@3": 0.697428139183056,
        "H@10": 0.9122541603630863,
        "MRR": 0.5713686549173286
    }
}