{
    "Test": {
        "H@1": 0.5234493192133132,
        "H@3": 0.8305597579425114,
        "H@10": 0.9682299546142209,
        "MRR": 0.6888787926669003
    }
}