{
    "Test": {
        "H@1": 0.5975794251134644,
        "H@3": 0.8774583963691377,
        "H@10": 0.9500756429652042,
        "MRR": 0.7446925742209212
    }
}