{
    "Test": {
        "H@1": 0.5279878971255674,
        "H@3": 0.8381240544629349,
        "H@10": 0.9334341906202723,
        "MRR": 0.6870723758707409
    }
}