{
    "Test": {
        "H@1": 0.39303482587064675,
        "H@3": 0.7412935323383084,
        "H@10": 0.9552238805970149,
        "MRR": 0.5848057553281434
    }
}