{
    "Test": {
        "H@1": 0.6256983240223464,
        "H@3": 0.8584729981378026,
        "H@10": 0.9739292364990689,
        "MRR": 0.7538125308721528
    }
}