{
    "Test": {
        "H@1": 0.3978819969742814,
        "H@3": 0.7019667170953101,
        "H@10": 0.9062027231467473,
        "MRR": 0.5727098582184426
    }
}