{
    "Test": {
        "H@1": 0.7367624810892587,
        "H@3": 0.9167927382753404,
        "H@10": 0.9712556732223904,
        "MRR": 0.8342296305059623
    }
}