{
    "Test": {
        "H@1": 0.582089552238806,
        "H@3": 0.7661691542288557,
        "H@10": 0.9800995024875622,
        "MRR": 0.7042017545748889
    }
}