{
    "Train": {
        "H@1": 0.6675562333206252,
        "H@3": 0.9272779260388868,
        "H@10": 0.9895158215783454,
        "MRR": 0.8015058752976143
    },
    "Val": {
        "H@1": 0.5697852760736196,
        "H@3": 0.8443251533742331,
        "H@10": 0.9455521472392638,
        "MRR": 0.7194888283915267
    },
    "Test": {
        "H@1": 0.5574886535552194,
        "H@3": 0.8547655068078669,
        "H@10": 0.953857791225416,
        "MRR": 0.7191088122474523
    }
}