{
    "Test": {
        "H@1": 0.7034795763993948,
        "H@3": 0.9122541603630863,
        "H@10": 0.983358547655068,
        "MRR": 0.814202747389209
    }
}