{
    "Test": {
        "H@1": 0.5186219739292365,
        "H@3": 0.7942271880819367,
        "H@10": 0.9646182495344506,
        "MRR": 0.6761578680445108
    }
}