{
    "Test": {
        "H@1": 0.5572139303482587,
        "H@3": 0.8308457711442786,
        "H@10": 0.9950248756218906,
        "MRR": 0.714939372402059
    }
}