{
    "Test": {
        "H@1": 0.5009310986964618,
        "H@3": 0.776536312849162,
        "H@10": 0.9515828677839852,
        "MRR": 0.6596255356294034
    }
}