{
    "Test": {
        "H@1": 0.6247672253258846,
        "H@3": 0.8575418994413407,
        "H@10": 0.9655493482309124,
        "MRR": 0.7538486487433558
    }
}