{
    "Test": {
        "H@1": 0.5456238361266295,
        "H@3": 0.8296089385474861,
        "H@10": 0.9618249534450651,
        "MRR": 0.700712386910188
    }
}