{
    "Test": {
        "H@1": 0.6354009077155824,
        "H@3": 0.8169440242057489,
        "H@10": 0.9409984871406959,
        "MRR": 0.739601084994949
    }
}