{
    "Test": {
        "H@1": 0.46747352496217853,
        "H@3": 0.7488653555219364,
        "H@10": 0.9122541603630863,
        "MRR": 0.628287871445615
    }
}