{
    "Train": {
        "H@1": 0.7455793829947329,
        "H@3": 0.9300225733634312,
        "H@10": 0.9888073739653875,
        "MRR": 0.8432438034691306
    },
    "Val": {
        "H@1": 0.6656441717791411,
        "H@3": 0.8734662576687117,
        "H@10": 0.9478527607361963,
        "MRR": 0.7796176493386004
    },
    "Test": {
        "H@1": 0.6626323751891074,
        "H@3": 0.8880484114977307,
        "H@10": 0.9652042360060514,
        "MRR": 0.7822895556459117
    }
}