{
    "Test": {
        "H@1": 0.4427860696517413,
        "H@3": 0.8009950248756219,
        "H@10": 0.9751243781094527,
        "MRR": 0.6366659321883202
    }
}