{
    "Test": {
        "H@1": 0.39757914338919925,
        "H@3": 0.6294227188081937,
        "H@10": 0.8789571694599627,
        "MRR": 0.5523067892699098
    }
}