{
    "Test": {
        "H@1": 0.5856610800744879,
        "H@3": 0.840782122905028,
        "H@10": 0.9664804469273743,
        "MRR": 0.7260543536730262
    }
}