{
    "Test": {
        "H@1": 0.43116490166414523,
        "H@3": 0.7881996974281392,
        "H@10": 0.9561270801815431,
        "MRR": 0.6196224312723464
    }
}