{
    "Test": {
        "H@1": 0.5671641791044776,
        "H@3": 0.7810945273631841,
        "H@10": 0.9850746268656716,
        "MRR": 0.6956096142663306
    }
}