{
    "Test": {
        "H@1": 0.49319213313161875,
        "H@3": 0.789712556732224,
        "H@10": 0.9304084720121029,
        "MRR": 0.655212807009816
    }
}