{
    "Test": {
        "H@1": 0.5355521936459909,
        "H@3": 0.8577912254160364,
        "H@10": 0.972768532526475,
        "MRR": 0.7076932832284096
    }
}