{
    "Train": {
        "H@1": 0.7835506134969326,
        "H@3": 0.955329754601227,
        "H@10": 0.9838957055214724,
        "MRR": 0.8742111810793876
    },
    "Val": {
        "H@1": 0.7384969325153374,
        "H@3": 0.9317484662576687,
        "H@10": 0.9708588957055214,
        "MRR": 0.8412693503494875
    },
    "Test": {
        "H@1": 0.7170953101361573,
        "H@3": 0.9288956127080181,
        "H@10": 0.9765506807866868,
        "MRR": 0.8308589986049876
    }
}