{
    "Test": {
        "H@1": 0.4357034795763994,
        "H@3": 0.7443267776096822,
        "H@10": 0.9394856278366112,
        "MRR": 0.6108551103768433
    }
}