{
    "Train": {
        "H@1": 0.7637393241737839,
        "H@3": 0.9637021908652061,
        "H@10": 0.9979576680282213,
        "MRR": 0.8663959154796141
    },
    "Val": {
        "H@1": 0.6411042944785276,
        "H@3": 0.8918711656441718,
        "H@10": 0.9631901840490797,
        "MRR": 0.7740201910859815
    },
    "Test": {
        "H@1": 0.6459909228441755,
        "H@3": 0.8963691376701967,
        "H@10": 0.9750378214826021,
        "MRR": 0.7807396948935397
    }
}