{
    "Test": {
        "H@1": 0.6169154228855721,
        "H@3": 0.7761194029850746,
        "H@10": 0.9800995024875622,
        "MRR": 0.7238118570208123
    }
}