{
    "Test": {
        "H@1": 0.4975124378109453,
        "H@3": 0.7661691542288557,
        "H@10": 0.9850746268656716,
        "MRR": 0.6558696416905373
    }
}