{
    "Test": {
        "H@1": 0.680786686838124,
        "H@3": 0.9077155824508321,
        "H@10": 0.9773071104387292,
        "MRR": 0.8019136119297358
    }
}