{
    "Test": {
        "H@1": 0.6338880484114977,
        "H@3": 0.8925869894099848,
        "H@10": 0.9697428139183056,
        "MRR": 0.7677361385850997
    }
}