{
    "Test": {
        "H@1": 0.5046554934823091,
        "H@3": 0.8072625698324022,
        "H@10": 0.9506517690875232,
        "MRR": 0.6698678424139966
    }
}