{
    "Test": {
        "H@1": 0.4462934947049924,
        "H@3": 0.686838124054463,
        "H@10": 0.8714069591527988,
        "MRR": 0.5927625132912182
    }
}