{
    "Train": {
        "H@1": 0.8016647531572905,
        "H@3": 0.9651741293532339,
        "H@10": 0.9976081132797551,
        "MRR": 0.8857529068607245
    },
    "Val": {
        "H@1": 0.6901840490797546,
        "H@3": 0.8872699386503068,
        "H@10": 0.9593558282208589,
        "MRR": 0.7991945080078638
    },
    "Test": {
        "H@1": 0.6777609682299546,
        "H@3": 0.9009077155824509,
        "H@10": 0.9720121028744326,
        "MRR": 0.7968654058442949
    }
}