{
    "Test": {
        "H@1": 0.4590316573556797,
        "H@3": 0.7877094972067039,
        "H@10": 0.9599627560521415,
        "MRR": 0.6393971178053339
    }
}