{
    "Test": {
        "H@1": 0.5521936459909228,
        "H@3": 0.8093797276853253,
        "H@10": 0.9334341906202723,
        "MRR": 0.6941778891141522
    }
}