{
    "Test": {
        "H@1": 0.6822995461422088,
        "H@3": 0.8214826021180031,
        "H@10": 0.9364599092284418,
        "MRR": 0.7708095027404035
    }
}