{
    "Test": {
        "H@1": 0.5174129353233831,
        "H@3": 0.7661691542288557,
        "H@10": 0.9800995024875622,
        "MRR": 0.6639837083866935
    }
}