{
    "Test": {
        "H@1": 0.5854765506807866,
        "H@3": 0.8063540090771558,
        "H@10": 0.9425113464447806,
        "MRR": 0.7168430570086469
    }
}