{
    "Test": {
        "H@1": 0.42208774583963693,
        "H@3": 0.7549167927382754,
        "H@10": 0.9122541603630863,
        "MRR": 0.5988714201307546
    }
}