{
    "Train": {
        "H@1": 0.6477029914529915,
        "H@3": 0.8910256410256411,
        "H@10": 0.9811253561253561,
        "MRR": 0.7780911805686416
    },
    "Val": {
        "H@1": 0.5705521472392638,
        "H@3": 0.8136503067484663,
        "H@10": 0.9294478527607362,
        "MRR": 0.7065378008405835
    },
    "Test": {
        "H@1": 0.56732223903177,
        "H@3": 0.8411497730711044,
        "H@10": 0.9493192133131618,
        "MRR": 0.7170146129649039
    }
}