{
    "Test": {
        "H@1": 0.2951582867783985,
        "H@3": 0.5605214152700186,
        "H@10": 0.8621973929236499,
        "MRR": 0.47103761975622516
    }
}