{
    "Test": {
        "H@1": 0.7231467473524962,
        "H@3": 0.9183055975794251,
        "H@10": 0.9712556732223904,
        "MRR": 0.8236932439504336
    }
}