{
    "Test": {
        "H@1": 0.44776119402985076,
        "H@3": 0.746268656716418,
        "H@10": 0.9751243781094527,
        "MRR": 0.6262461143058158
    }
}