{
    "Test": {
        "H@1": 0.5612708018154312,
        "H@3": 0.8275340393343419,
        "H@10": 0.9425113464447806,
        "MRR": 0.7059544857660116
    }
}