{
    "Test": {
        "H@1": 0.31343283582089554,
        "H@3": 0.6467661691542289,
        "H@10": 0.9651741293532339,
        "MRR": 0.521517827114842
    }
}