{
    "Test": {
        "H@1": 0.556732223903177,
        "H@3": 0.7927382753403933,
        "H@10": 0.9334341906202723,
        "MRR": 0.6883915184455855
    }
}