Triple Injection Ratios,0.01,0.02,0.03
Random,0.4819086916452644,0.49161027534014423,0.6927852480066679
PageRank,0.698568961309599,0.6785687189059026,0.634006052756552
Harmonic closeness,0.7145537678420399,0.67623427288175,0.6742338202107072
