Triple Injection Ratios,0.01,0.02,0.03
Random,0.500678343767548,0.4965772934382842,0.47289658290342534
PageRank,0.49519842358165383,0.5048015471931693,0.521467780331814
Harmonic closeness,0.5258525482257976,0.49109450633349283,0.4918990542989324
