Triple Injection Ratios,0.01,0.02,0.03
Random,0.4989278501970846,0.45966613581166493,0.49396937068673885
PageRank,0.5032742962938687,0.4900946604809127,0.48538410513909785
Harmonic closeness,0.5035793649380792,0.5060318024282767,0.47830603117110027
