{
    "Train": {
        "H@1": 0.4637653374233129,
        "H@3": 0.8108703987730062,
        "H@10": 0.97795245398773,
        "MRR": 0.652922440725332
    },
    "Val": {
        "H@1": 0.3343558282208589,
        "H@3": 0.6802147239263804,
        "H@10": 0.9394171779141104,
        "MRR": 0.5364618049948098
    },
    "Test": {
        "H@1": 0.3630862329803328,
        "H@3": 0.7133131618759455,
        "H@10": 0.9417549167927383,
        "MRR": 0.5626884147202564
    }
}