{
    "Test": {
        "H@1": 0.4009077155824508,
        "H@3": 0.7170953101361573,
        "H@10": 0.9198184568835098,
        "MRR": 0.5828298744932043
    }
}