{
    "Train": {
        "H@1": 0.7438400303260045,
        "H@3": 0.9655041698256255,
        "H@10": 0.9968726307808946,
        "MRR": 0.8555496621515396
    },
    "Val": {
        "H@1": 0.6173312883435583,
        "H@3": 0.8918711656441718,
        "H@10": 0.968558282208589,
        "MRR": 0.7615446259759502
    },
    "Test": {
        "H@1": 0.6391830559757943,
        "H@3": 0.9046898638426626,
        "H@10": 0.9742813918305597,
        "MRR": 0.7781507130497142
    }
}