{
    "Test": {
        "H@1": 0.3827534039334342,
        "H@3": 0.6717095310136157,
        "H@10": 0.8562783661119516,
        "MRR": 0.5506502084257422
    }
}