{
    "Test": {
        "H@1": 0.43283582089552236,
        "H@3": 0.7810945273631841,
        "H@10": 0.9800995024875622,
        "MRR": 0.6298257988556496
    }
}