{
    "Test": {
        "H@1": 0.3721633888048411,
        "H@3": 0.6989409984871406,
        "H@10": 0.9288956127080181,
        "MRR": 0.5618455449250206
    }
}