{
    "Test": {
        "H@1": 0.529500756429652,
        "H@3": 0.8093797276853253,
        "H@10": 0.9531013615733737,
        "MRR": 0.6822433461795353
    }
}