{
    "Test": {
        "H@1": 0.3744326777609682,
        "H@3": 0.6187594553706506,
        "H@10": 0.8426626323751891,
        "MRR": 0.5316837153430249
    }
}