{
    "Test": {
        "H@1": 0.6928895612708018,
        "H@3": 0.8940998487140696,
        "H@10": 0.9500756429652042,
        "MRR": 0.8005042349000882
    }
}