{
    "Train": {
        "H@1": 0.6181770468859342,
        "H@3": 0.8996675997200839,
        "H@10": 0.9854793561931421,
        "MRR": 0.7655370540707764
    },
    "Val": {
        "H@1": 0.5207055214723927,
        "H@3": 0.8312883435582822,
        "H@10": 0.9447852760736196,
        "MRR": 0.6850864635080454
    },
    "Test": {
        "H@1": 0.5075642965204236,
        "H@3": 0.8419062027231468,
        "H@10": 0.9546142208774584,
        "MRR": 0.6844172175134716
    }
}