{
    "Test": {
        "H@1": 0.659606656580938,
        "H@3": 0.8925869894099848,
        "H@10": 0.9682299546142209,
        "MRR": 0.7851165547951574
    }
}