{
    "Train": {
        "H@1": 0.598542944785276,
        "H@3": 0.8995398773006135,
        "H@10": 0.9903182515337423,
        "MRR": 0.753227909747603
    },
    "Val": {
        "H@1": 0.49923312883435583,
        "H@3": 0.7960122699386503,
        "H@10": 0.941717791411043,
        "MRR": 0.6636079494110633
    },
    "Test": {
        "H@1": 0.5075642965204236,
        "H@3": 0.829803328290469,
        "H@10": 0.959909228441755,
        "MRR": 0.6791000033734995
    }
}