{
    "Train": {
        "H@1": 0.7432714177407127,
        "H@3": 0.9628506444275967,
        "H@10": 0.9965883244882486,
        "MRR": 0.8526878939428268
    },
    "Val": {
        "H@1": 0.6019938650306749,
        "H@3": 0.8726993865030674,
        "H@10": 0.9532208588957055,
        "MRR": 0.7423572413863684
    },
    "Test": {
        "H@1": 0.6111951588502269,
        "H@3": 0.8903177004538578,
        "H@10": 0.9644478063540091,
        "MRR": 0.7553703638353756
    }
}