{
    "Test": {
        "H@1": 0.6202723146747352,
        "H@3": 0.8229954614220878,
        "H@10": 0.9470499243570348,
        "MRR": 0.738609349737302
    }
}