{
    "Test": {
        "H@1": 0.5794251134644478,
        "H@3": 0.800302571860817,
        "H@10": 0.9425113464447806,
        "MRR": 0.7078223461425364
    }
}