{
    "Train": {
        "H@1": 0.680550320392009,
        "H@3": 0.9188654353562006,
        "H@10": 0.9939690915944214,
        "MRR": 0.806810067989475
    },
    "Val": {
        "H@1": 0.6119631901840491,
        "H@3": 0.8604294478527608,
        "H@10": 0.963957055214724,
        "MRR": 0.7474570094696965
    },
    "Test": {
        "H@1": 0.5953101361573374,
        "H@3": 0.859304084720121,
        "H@10": 0.9697428139183056,
        "MRR": 0.7411604903045694
    }
}