{
    "Test": {
        "H@1": 0.6014897579143389,
        "H@3": 0.8575418994413407,
        "H@10": 0.9739292364990689,
        "MRR": 0.738717890097239
    }
}