{
    "Test": {
        "H@1": 0.4735249621785174,
        "H@3": 0.7337367624810892,
        "H@10": 0.9198184568835098,
        "MRR": 0.630089131581268
    }
}