{
    "Test": {
        "H@1": 0.5612708018154312,
        "H@3": 0.8396369137670197,
        "H@10": 0.9485627836611196,
        "MRR": 0.7084065568430736
    }
}