{
    "Test": {
        "H@1": 0.45716945996275604,
        "H@3": 0.7616387337057728,
        "H@10": 0.9487895716945997,
        "MRR": 0.6321404459182218
    }
}