{
    "Test": {
        "H@1": 0.33519553072625696,
        "H@3": 0.5540037243947858,
        "H@10": 0.8584729981378026,
        "MRR": 0.4945092084255401
    }
}