{
    "Test": {
        "H@1": 0.4823091247672253,
        "H@3": 0.7960893854748603,
        "H@10": 0.957169459962756,
        "MRR": 0.652802830689581
    }
}