{
    "Test": {
        "H@1": 0.5022692889561271,
        "H@3": 0.7685325264750378,
        "H@10": 0.9183055975794251,
        "MRR": 0.6568560835488249
    }
}