{
    "Test": {
        "H@1": 0.19667170953101362,
        "H@3": 0.35703479576399394,
        "H@10": 0.5900151285930408,
        "MRR": 0.3239888259663465
    }
}