{
    "Test": {
        "H@1": 0.44175491679273826,
        "H@3": 0.6671709531013615,
        "H@10": 0.8721633888048411,
        "MRR": 0.5855858529253076
    }
}