{
    "Test": {
        "H@1": 0.4720121028744327,
        "H@3": 0.7004538577912254,
        "H@10": 0.8623298033282905,
        "MRR": 0.6126627744319251
    }
}