{
    "Train": {
        "H@1": 0.6734087423312883,
        "H@3": 0.9319401840490797,
        "H@10": 0.9921395705521472,
        "MRR": 0.8041908820773309
    },
    "Val": {
        "H@1": 0.5452453987730062,
        "H@3": 0.8466257668711656,
        "H@10": 0.9524539877300614,
        "MRR": 0.7021247484233489
    },
    "Test": {
        "H@1": 0.5582450832072617,
        "H@3": 0.8623298033282905,
        "H@10": 0.9591527987897126,
        "MRR": 0.7163139400874294
    }
}