{
    "Test": {
        "H@1": 0.4427860696517413,
        "H@3": 0.7213930348258707,
        "H@10": 0.9651741293532339,
        "MRR": 0.6144733238016821
    }
}