{
    "Test": {
        "H@1": 0.6883509833585476,
        "H@3": 0.9122541603630863,
        "H@10": 0.972768532526475,
        "MRR": 0.8054794103216508
    }
}