{
    "Test": {
        "H@1": 0.5754189944134078,
        "H@3": 0.8482309124767226,
        "H@10": 0.9720670391061452,
        "MRR": 0.7241039886786741
    }
}