{
    "Test": {
        "H@1": 0.6520423600605144,
        "H@3": 0.8910741301059002,
        "H@10": 0.9697428139183056,
        "MRR": 0.7763259594117506
    }
}