{
    "Test": {
        "H@1": 0.6444780635400907,
        "H@3": 0.9062027231467473,
        "H@10": 0.9667170953101362,
        "MRR": 0.7792254702176795
    }
}