{
    "Train": {
        "H@1": 0.7317531978931527,
        "H@3": 0.952313769751693,
        "H@10": 0.9945447705041385,
        "MRR": 0.8464587901125045
    },
    "Val": {
        "H@1": 0.5874233128834356,
        "H@3": 0.8412576687116564,
        "H@10": 0.9470858895705522,
        "MRR": 0.7291832646954519
    },
    "Test": {
        "H@1": 0.6096822995461422,
        "H@3": 0.8819969742813918,
        "H@10": 0.9576399394856279,
        "MRR": 0.7545382581592441
    }
}