{
    "Test": {
        "H@1": 0.5022692889561271,
        "H@3": 0.8229954614220878,
        "H@10": 0.9500756429652042,
        "MRR": 0.6728716678389098
    }
}