{
    "Train": {
        "H@1": 0.7534443168771527,
        "H@3": 0.9545541523153463,
        "H@10": 0.9939724454649828,
        "MRR": 0.8568164559961632
    },
    "Val": {
        "H@1": 0.6526073619631901,
        "H@3": 0.8888036809815951,
        "H@10": 0.9601226993865031,
        "MRR": 0.777948220116651
    },
    "Test": {
        "H@1": 0.6391830559757943,
        "H@3": 0.8948562783661119,
        "H@10": 0.9674735249621785,
        "MRR": 0.7732346479649775
    }
}