{
    "Train": {
        "H@1": 0.6054984779299848,
        "H@3": 0.8894596651445966,
        "H@10": 0.976027397260274,
        "MRR": 0.7552860144592679
    },
    "Val": {
        "H@1": 0.5475460122699386,
        "H@3": 0.8328220858895705,
        "H@10": 0.9555214723926381,
        "MRR": 0.7036700138147423
    },
    "Test": {
        "H@1": 0.5408472012102874,
        "H@3": 0.8366111951588502,
        "H@10": 0.9485627836611196,
        "MRR": 0.7014987661115657
    }
}