{
    "Test": {
        "H@1": 0.5083207261724659,
        "H@3": 0.789712556732224,
        "H@10": 0.924357034795764,
        "MRR": 0.6655838941407112
    }
}