{
    "Train": {
        "H@1": 0.7038618640920906,
        "H@3": 0.9439287040475306,
        "H@10": 0.9961010025993317,
        "MRR": 0.8287469935040549
    },
    "Val": {
        "H@1": 0.5851226993865031,
        "H@3": 0.8780674846625767,
        "H@10": 0.9616564417177914,
        "MRR": 0.7409509246190003
    },
    "Test": {
        "H@1": 0.5907715582450832,
        "H@3": 0.8767019667170953,
        "H@10": 0.9773071104387292,
        "MRR": 0.7452189294431922
    }
}