{
    "Test": {
        "H@1": 0.5537065052950075,
        "H@3": 0.8729198184568835,
        "H@10": 0.9682299546142209,
        "MRR": 0.7173037479703354
    }
}