Triple Injection Ratios,0.01,0.02,0.03
Random,0.24701870542570792,0.24004922897038644,0.24467983579990293
Closeness,0.25369866890805104,0.24286956073767765,0.2440734560003304
Betweenness,0.24950864664077915,0.241877952898805,0.24938308132486678
