Triple Injection Ratios,0.01,0.02,0.03
Random,0.2497946554970009,0.2315154191393545,0.2360198673067081
Closeness,0.23733350149951155,0.23933655082494248,0.24184439410920405
Betweenness,0.2334674922775388,0.2498010915160947,0.23547840750472684
