Triple Injection Ratios,0.01,0.02,0.03
Random,0.24193933076486465,0.24705841670930598,0.23965862415281394
Closeness,0.2514686569768821,0.2503940980090982,0.23710573418868938
Betweenness,0.25413082323825786,0.24847327944710315,0.23509769886648793
