{
    "Test": {
        "H@1": 0.6399394856278366,
        "H@3": 0.8774583963691377,
        "H@10": 0.9773071104387292,
        "MRR": 0.769608979754925
    }
}