{
    "Test": {
        "H@1": 0.680786686838124,
        "H@3": 0.9122541603630863,
        "H@10": 0.972768532526475,
        "MRR": 0.8006179800722636
    }
}