{
    "Test": {
        "H@1": 0.5558659217877095,
        "H@3": 0.8156424581005587,
        "H@10": 0.9534450651769087,
        "MRR": 0.7008233118549076
    }
}