{
    "Train": {
        "H@1": 0.7268483943241225,
        "H@3": 0.9480955937266616,
        "H@10": 0.9926250933532487,
        "MRR": 0.8394265813085269
    },
    "Val": {
        "H@1": 0.6104294478527608,
        "H@3": 0.8726993865030674,
        "H@10": 0.9624233128834356,
        "MRR": 0.7509216132982282
    },
    "Test": {
        "H@1": 0.6013615733736762,
        "H@3": 0.8683812405446294,
        "H@10": 0.972768532526475,
        "MRR": 0.7492748603759908
    }
}