{
    "Train": {
        "H@1": 0.7713765337423313,
        "H@3": 0.9677914110429447,
        "H@10": 0.9981786809815951,
        "MRR": 0.870869924759751
    },
    "Val": {
        "H@1": 0.647239263803681,
        "H@3": 0.8995398773006135,
        "H@10": 0.9670245398773006,
        "MRR": 0.779903431589423
    },
    "Test": {
        "H@1": 0.6255673222390318,
        "H@3": 0.8857791225416036,
        "H@10": 0.9720121028744326,
        "MRR": 0.765593789970857
    }
}