{
    "Test": {
        "H@1": 0.4175491679273828,
        "H@3": 0.7065052950075643,
        "H@10": 0.9273827534039334,
        "MRR": 0.59132219879485
    }
}