{
    "Test": {
        "H@1": 0.373134328358209,
        "H@3": 0.7412935323383084,
        "H@10": 0.9850746268656716,
        "MRR": 0.5715156181574091
    }
}