{
    "Test": {
        "H@1": 0.745839636913767,
        "H@3": 0.924357034795764,
        "H@10": 0.9742813918305597,
        "MRR": 0.841613426186448
    }
}