{
    "Test": {
        "H@1": 0.6021180030257186,
        "H@3": 0.8638426626323752,
        "H@10": 0.9379727685325264,
        "MRR": 0.7352586018730884
    }
}