{
    "Test": {
        "H@1": 0.3584729981378026,
        "H@3": 0.5940409683426443,
        "H@10": 0.8733705772811918,
        "MRR": 0.5198403721058004
    }
}