{
    "Test": {
        "H@1": 0.5763993948562783,
        "H@3": 0.7594553706505295,
        "H@10": 0.897125567322239,
        "MRR": 0.6876222449015483
    }
}