{
    "Test": {
        "H@1": 0.5642965204236006,
        "H@3": 0.7473524962178517,
        "H@10": 0.903177004538578,
        "MRR": 0.6803860631926573
    }
}