{
    "Train": {
        "H@1": 0.6843964858670741,
        "H@3": 0.9461420932009167,
        "H@10": 0.9913101604278075,
        "MRR": 0.817726057116029
    },
    "Val": {
        "H@1": 0.5843558282208589,
        "H@3": 0.8773006134969326,
        "H@10": 0.9616564417177914,
        "MRR": 0.7391758861386997
    },
    "Test": {
        "H@1": 0.5937972768532527,
        "H@3": 0.8925869894099848,
        "H@10": 0.959909228441755,
        "MRR": 0.7494363098187375
    }
}