{
    "Test": {
        "H@1": 0.4975124378109453,
        "H@3": 0.736318407960199,
        "H@10": 0.9950248756218906,
        "MRR": 0.6474277242933959
    }
}