{
    "Test": {
        "H@1": 0.48411497730711045,
        "H@3": 0.8411497730711044,
        "H@10": 0.9546142208774584,
        "MRR": 0.6675156237839497
    }
}