{
    "Test": {
        "H@1": 0.573373676248109,
        "H@3": 0.869894099848714,
        "H@10": 0.9636913767019667,
        "MRR": 0.7282666447863687
    }
}