{
    "Test": {
        "H@1": 0.405446293494705,
        "H@3": 0.735249621785174,
        "H@10": 0.9304084720121029,
        "MRR": 0.5920260256054443
    }
}