{
    "Train": {
        "H@1": 0.6677012791572611,
        "H@3": 0.9365124153498872,
        "H@10": 0.990594431903687,
        "MRR": 0.8062908944242256
    },
    "Val": {
        "H@1": 0.5682515337423313,
        "H@3": 0.8696319018404908,
        "H@10": 0.9593558282208589,
        "MRR": 0.7282463494842231
    },
    "Test": {
        "H@1": 0.5476550680786687,
        "H@3": 0.869894099848714,
        "H@10": 0.9674735249621785,
        "MRR": 0.7167630906370972
    }
}