{
    "Test": {
        "H@1": 0.5870646766169154,
        "H@3": 0.7761194029850746,
        "H@10": 0.9900497512437811,
        "MRR": 0.713274771110592
    }
}