{
    "Train": {
        "H@1": 0.7148058252427184,
        "H@3": 0.9502427184466019,
        "H@10": 0.9966392830470501,
        "MRR": 0.8351219008460875
    },
    "Val": {
        "H@1": 0.6119631901840491,
        "H@3": 0.8742331288343558,
        "H@10": 0.9616564417177914,
        "MRR": 0.7538566291421092
    },
    "Test": {
        "H@1": 0.6051437216338881,
        "H@3": 0.897125567322239,
        "H@10": 0.9757942511346445,
        "MRR": 0.7580041195259353
    }
}