{
    "Test": {
        "H@1": 0.5521936459909228,
        "H@3": 0.789712556732224,
        "H@10": 0.924357034795764,
        "MRR": 0.685147363539741
    }
}