{
    "Train": {
        "H@1": 0.701561324303988,
        "H@3": 0.9533483822422875,
        "H@10": 0.9958615500376222,
        "MRR": 0.8296398306816167
    },
    "Val": {
        "H@1": 0.6150306748466258,
        "H@3": 0.8980061349693251,
        "H@10": 0.968558282208589,
        "MRR": 0.7632834284348663
    },
    "Test": {
        "H@1": 0.5915279878971256,
        "H@3": 0.8835098335854765,
        "H@10": 0.9742813918305597,
        "MRR": 0.7495523797026533
    }
}