{
    "Test": {
        "H@1": 0.40037243947858475,
        "H@3": 0.6238361266294227,
        "H@10": 0.8743016759776536,
        "MRR": 0.5511426014392065
    }
}