{
    "Test": {
        "H@1": 0.3426443202979516,
        "H@3": 0.590316573556797,
        "H@10": 0.8743016759776536,
        "MRR": 0.5081828572197776
    }
}