{
    "Train": {
        "H@1": 0.7044261721483555,
        "H@3": 0.9203988803358992,
        "H@10": 0.9890657802659202,
        "MRR": 0.8183540488697534
    },
    "Val": {
        "H@1": 0.5728527607361963,
        "H@3": 0.8427914110429447,
        "H@10": 0.9478527607361963,
        "MRR": 0.7187094307653076
    },
    "Test": {
        "H@1": 0.5975794251134644,
        "H@3": 0.8691376701966718,
        "H@10": 0.9644478063540091,
        "MRR": 0.743577980047304
    }
}