{
    "Test": {
        "H@1": 0.632375189107413,
        "H@3": 0.81089258698941,
        "H@10": 0.9455370650529501,
        "MRR": 0.7376549853772886
    }
}