{
    "Train": {
        "H@1": 0.6259585889570553,
        "H@3": 0.9245590490797546,
        "H@10": 0.9956863496932515,
        "MRR": 0.7771981355390358
    },
    "Val": {
        "H@1": 0.47699386503067487,
        "H@3": 0.8289877300613497,
        "H@10": 0.963957055214724,
        "MRR": 0.6645134977165529
    },
    "Test": {
        "H@1": 0.5075642965204236,
        "H@3": 0.867624810892587,
        "H@10": 0.9735249621785174,
        "MRR": 0.6913426928138001
    }
}