{
    "Test": {
        "H@1": 0.2736318407960199,
        "H@3": 0.6119402985074627,
        "H@10": 0.9651741293532339,
        "MRR": 0.49484238812597015
    }
}