{
    "Test": {
        "H@1": 0.5680786686838124,
        "H@3": 0.7473524962178517,
        "H@10": 0.9190620272314675,
        "MRR": 0.6822162296287683
    }
}