{
    "Train": {
        "H@1": 0.7840604668962878,
        "H@3": 0.9670876387294298,
        "H@10": 0.9973210868733257,
        "MRR": 0.8778692250016461
    },
    "Val": {
        "H@1": 0.674079754601227,
        "H@3": 0.8941717791411042,
        "H@10": 0.9616564417177914,
        "MRR": 0.7927072721115193
    },
    "Test": {
        "H@1": 0.670196671709531,
        "H@3": 0.9092284417549168,
        "H@10": 0.972768532526475,
        "MRR": 0.7964624730440425
    }
}