{
    "Test": {
        "H@1": 0.4962178517397882,
        "H@3": 0.8063540090771558,
        "H@10": 0.9364599092284418,
        "MRR": 0.663402767962123
    }
}