{
    "Test": {
        "H@1": 0.6278366111951589,
        "H@3": 0.897125567322239,
        "H@10": 0.962178517397882,
        "MRR": 0.7649617072055571
    }
}