{
    "Test": {
        "H@1": 0.6989409984871406,
        "H@3": 0.913767019667171,
        "H@10": 0.9682299546142209,
        "MRR": 0.8114232996602228
    }
}