{
    "Test": {
        "H@1": 0.5476550680786687,
        "H@3": 0.8320726172465961,
        "H@10": 0.9561270801815431,
        "MRR": 0.700581757601875
    }
}