{
    "Train": {
        "H@1": 0.7137035633055345,
        "H@3": 0.9648407884761183,
        "H@10": 0.9963987869598181,
        "MRR": 0.840350208490446
    },
    "Val": {
        "H@1": 0.5973926380368099,
        "H@3": 0.8987730061349694,
        "H@10": 0.963957055214724,
        "MRR": 0.7527501091606978
    },
    "Test": {
        "H@1": 0.5915279878971256,
        "H@3": 0.8872919818456884,
        "H@10": 0.9697428139183056,
        "MRR": 0.7475846280988019
    }
}