{
    "Test": {
        "H@1": 0.6792738275340393,
        "H@3": 0.8229954614220878,
        "H@10": 0.9349470499243571,
        "MRR": 0.767716773891906
    }
}