{
    "Train": {
        "H@1": 0.7254067347710934,
        "H@3": 0.9560158910329172,
        "H@10": 0.9973514945138101,
        "MRR": 0.8427508091360782
    },
    "Val": {
        "H@1": 0.6081288343558282,
        "H@3": 0.8757668711656442,
        "H@10": 0.9723926380368099,
        "MRR": 0.7493105964255662
    },
    "Test": {
        "H@1": 0.6142208774583964,
        "H@3": 0.8819969742813918,
        "H@10": 0.970499243570348,
        "MRR": 0.7571470035736039
    }
}