{
    "Train": {
        "H@1": 0.69670245398773,
        "H@3": 0.9508243865030674,
        "H@10": 0.9961656441717791,
        "MRR": 0.8232879373865986
    },
    "Val": {
        "H@1": 0.549079754601227,
        "H@3": 0.8450920245398773,
        "H@10": 0.9493865030674846,
        "MRR": 0.7067881122653429
    },
    "Test": {
        "H@1": 0.5900151285930408,
        "H@3": 0.8721633888048411,
        "H@10": 0.9644478063540091,
        "MRR": 0.7382110796550175
    }
}