{
    "Test": {
        "H@1": 0.6959152798789713,
        "H@3": 0.9107413010590015,
        "H@10": 0.9742813918305597,
        "MRR": 0.8094538731095091
    }
}