{
    "Test": {
        "H@1": 0.3827534039334342,
        "H@3": 0.6838124054462935,
        "H@10": 0.9258698940998488,
        "MRR": 0.5667504836013946
    }
}