{
    "Test": {
        "H@1": 0.4750378214826021,
        "H@3": 0.789712556732224,
        "H@10": 0.9409984871406959,
        "MRR": 0.646830159187902
    }
}