{
    "Test": {
        "H@1": 0.5572139303482587,
        "H@3": 0.7810945273631841,
        "H@10": 0.9800995024875622,
        "MRR": 0.6983890625681671
    }
}