{
    "Train": {
        "H@1": 0.7576762699014404,
        "H@3": 0.9645564821834723,
        "H@10": 0.9969673995451099,
        "MRR": 0.8618814676755038
    },
    "Val": {
        "H@1": 0.5966257668711656,
        "H@3": 0.8604294478527608,
        "H@10": 0.9486196319018405,
        "MRR": 0.7377273506879827
    },
    "Test": {
        "H@1": 0.5922844175491679,
        "H@3": 0.8706505295007564,
        "H@10": 0.9659606656580938,
        "MRR": 0.7405896218985663
    }
}