{
    "Test": {
        "H@1": 0.4947049924357035,
        "H@3": 0.7776096822995462,
        "H@10": 0.924357034795764,
        "MRR": 0.651229540994658
    }
}