{
    "Train": {
        "H@1": 0.7898966704936854,
        "H@3": 0.9564676616915423,
        "H@10": 0.9936854190585533,
        "MRR": 0.875894855295264
    },
    "Val": {
        "H@1": 0.6924846625766872,
        "H@3": 0.8941717791411042,
        "H@10": 0.9539877300613497,
        "MRR": 0.8010883497754903
    },
    "Test": {
        "H@1": 0.6951588502269289,
        "H@3": 0.9016641452344932,
        "H@10": 0.9682299546142209,
        "MRR": 0.8068789572069685
    }
}