{
    "Test": {
        "H@1": 0.6822995461422088,
        "H@3": 0.903177004538578,
        "H@10": 0.962178517397882,
        "MRR": 0.7976507288531179
    }
}