{
    "Train": {
        "H@1": 0.7795678544351782,
        "H@3": 0.9742228961334344,
        "H@10": 0.9978203184230477,
        "MRR": 0.8782712065218526
    },
    "Val": {
        "H@1": 0.6457055214723927,
        "H@3": 0.8957055214723927,
        "H@10": 0.9716257668711656,
        "MRR": 0.7788012292322006
    },
    "Test": {
        "H@1": 0.6626323751891074,
        "H@3": 0.9258698940998488,
        "H@10": 0.9848714069591528,
        "MRR": 0.7992274073653538
    }
}