{
    "Test": {
        "H@1": 0.5446293494704992,
        "H@3": 0.8426626323751891,
        "H@10": 0.9591527987897126,
        "MRR": 0.706522029680887
    }
}