{
    "Test": {
        "H@1": 0.5223463687150838,
        "H@3": 0.819366852886406,
        "H@10": 0.9646182495344506,
        "MRR": 0.6824607576197624
    }
}