{
    "Train": {
        "H@1": 0.7430949678395763,
        "H@3": 0.9603670071888006,
        "H@10": 0.9962164207340144,
        "MRR": 0.8546423780151089
    },
    "Val": {
        "H@1": 0.6219325153374233,
        "H@3": 0.8780674846625767,
        "H@10": 0.9601226993865031,
        "MRR": 0.7602021214566173
    },
    "Test": {
        "H@1": 0.6437216338880484,
        "H@3": 0.8986384266263238,
        "H@10": 0.9750378214826021,
        "MRR": 0.7790318160931858
    }
}