{
    "Train": {
        "H@1": 0.67561115355233,
        "H@3": 0.9303857906799083,
        "H@10": 0.9869174942704354,
        "MRR": 0.8058318152311365
    },
    "Val": {
        "H@1": 0.5904907975460123,
        "H@3": 0.8634969325153374,
        "H@10": 0.9486196319018405,
        "MRR": 0.7352881148218509
    },
    "Test": {
        "H@1": 0.5915279878971256,
        "H@3": 0.875945537065053,
        "H@10": 0.9674735249621785,
        "MRR": 0.739014767671833
    }
}