{
    "Train": {
        "H@1": 0.7459969500571865,
        "H@3": 0.9634959969500572,
        "H@10": 0.9975219214639726,
        "MRR": 0.8562301115451245
    },
    "Val": {
        "H@1": 0.6257668711656442,
        "H@3": 0.8849693251533742,
        "H@10": 0.9624233128834356,
        "MRR": 0.7635606720179544
    },
    "Test": {
        "H@1": 0.6187594553706506,
        "H@3": 0.9092284417549168,
        "H@10": 0.9689863842662633,
        "MRR": 0.767875591942665
    }
}