{
    "Train": {
        "H@1": 0.7199220200519866,
        "H@3": 0.9657445228369848,
        "H@10": 0.9984218343854437,
        "MRR": 0.8440514651645663
    },
    "Val": {
        "H@1": 0.6142638036809815,
        "H@3": 0.88420245398773,
        "H@10": 0.9677914110429447,
        "MRR": 0.7575189932055783
    },
    "Test": {
        "H@1": 0.5937972768532527,
        "H@3": 0.8963691376701967,
        "H@10": 0.972768532526475,
        "MRR": 0.7518554076755438
    }
}