{
    "Test": {
        "H@1": 0.540090771558245,
        "H@3": 0.8562783661119516,
        "H@10": 0.9636913767019667,
        "MRR": 0.7035364432744622
    }
}