{
    "Train": {
        "H@1": 0.6675228310502284,
        "H@3": 0.9274162861491628,
        "H@10": 0.9861111111111112,
        "MRR": 0.8027997456456287
    },
    "Val": {
        "H@1": 0.5843558282208589,
        "H@3": 0.8535276073619632,
        "H@10": 0.9532208588957055,
        "MRR": 0.7312260391514714
    },
    "Test": {
        "H@1": 0.5748865355521936,
        "H@3": 0.8608169440242057,
        "H@10": 0.9568835098335855,
        "MRR": 0.7291395980639893
    }
}