{
    "Test": {
        "H@1": 0.3891992551210428,
        "H@3": 0.6266294227188082,
        "H@10": 0.888268156424581,
        "MRR": 0.5434135360015134
    }
}