{
    "Test": {
        "H@1": 0.6042830540037244,
        "H@3": 0.8268156424581006,
        "H@10": 0.9664804469273743,
        "MRR": 0.7336366568460977
    }
}