{
    "Test": {
        "H@1": 0.5083207261724659,
        "H@3": 0.8335854765506808,
        "H@10": 0.9576399394856279,
        "MRR": 0.6822984612123636
    }
}