{
    "Test": {
        "H@1": 0.40298507462686567,
        "H@3": 0.7711442786069652,
        "H@10": 0.9850746268656716,
        "MRR": 0.6107008248799294
    }
}