{
    "Test": {
        "H@1": 0.44478063540090773,
        "H@3": 0.7987897125567323,
        "H@10": 0.9531013615733737,
        "MRR": 0.63665987249838
    }
}