{
    "Test": {
        "H@1": 0.6989409984871406,
        "H@3": 0.9046898638426626,
        "H@10": 0.972768532526475,
        "MRR": 0.8110166513468633
    }
}