{
    "Test": {
        "H@1": 0.6293494704992436,
        "H@3": 0.8895612708018155,
        "H@10": 0.9531013615733737,
        "MRR": 0.7604041361031165
    }
}