{
    "Test": {
        "H@1": 0.30845771144278605,
        "H@3": 0.582089552238806,
        "H@10": 0.9651741293532339,
        "MRR": 0.49922620221127684
    }
}