{
    "Test": {
        "H@1": 0.5098335854765507,
        "H@3": 0.800302571860817,
        "H@10": 0.9425113464447806,
        "MRR": 0.6722421192621849
    }
}