{
    "Test": {
        "H@1": 0.5870646766169154,
        "H@3": 0.8159203980099502,
        "H@10": 0.9900497512437811,
        "MRR": 0.7203228639795803
    }
}