{
    "Test": {
        "H@1": 0.46834264432029793,
        "H@3": 0.7886405959031657,
        "H@10": 0.946927374301676,
        "MRR": 0.6476753506955598
    }
}