{
    "Train": {
        "H@1": 0.6809282088469906,
        "H@3": 0.9166062364031907,
        "H@10": 0.9903915881073242,
        "MRR": 0.8046346366755028
    },
    "Val": {
        "H@1": 0.575920245398773,
        "H@3": 0.838957055214724,
        "H@10": 0.9501533742331288,
        "MRR": 0.7184819049846433
    },
    "Test": {
        "H@1": 0.5726172465960666,
        "H@3": 0.8577912254160364,
        "H@10": 0.9583963691376702,
        "MRR": 0.722353383396833
    }
}