{
    "Test": {
        "H@1": 0.49068901303538176,
        "H@3": 0.7662942271880819,
        "H@10": 0.9534450651769087,
        "MRR": 0.6537466488937145
    }
}