{
    "Test": {
        "H@1": 0.48696461824953446,
        "H@3": 0.7914338919925512,
        "H@10": 0.9608938547486033,
        "MRR": 0.6571779243548215
    }
}