{
    "Test": {
        "H@1": 0.41603630862329805,
        "H@3": 0.680786686838124,
        "H@10": 0.8819969742813918,
        "MRR": 0.574335843274586
    }
}