{
    "Test": {
        "H@1": 0.6641452344931922,
        "H@3": 0.8093797276853253,
        "H@10": 0.9334341906202723,
        "MRR": 0.7562158812753903
    }
}