{
    "Test": {
        "H@1": 0.6580937972768532,
        "H@3": 0.8850226928895613,
        "H@10": 0.9576399394856279,
        "MRR": 0.7783311089236338
    }
}