{
    "Train": {
        "H@1": 0.1731327048585932,
        "H@3": 0.38234227701232776,
        "H@10": 0.6465736040609137,
        "MRR": 0.3258666188654652
    },
    "Val": {
        "H@1": 0.13190184049079753,
        "H@3": 0.3389570552147239,
        "H@10": 0.6012269938650306,
        "MRR": 0.2868256109857675
    },
    "Test": {
        "H@1": 0.15279878971255673,
        "H@3": 0.3661119515885023,
        "H@10": 0.6248108925869894,
        "MRR": 0.30965638503921217
    }
}