{
    "Test": {
        "H@1": 0.6913767019667171,
        "H@3": 0.8441754916792739,
        "H@10": 0.9470499243570348,
        "MRR": 0.780715743984689
    }
}