{
    "Test": {
        "H@1": 0.5113464447806354,
        "H@3": 0.708018154311649,
        "H@10": 0.8910741301059002,
        "MRR": 0.6365047165574027
    }
}