{
    "Test": {
        "H@1": 0.43872919818456885,
        "H@3": 0.7049924357034796,
        "H@10": 0.9077155824508321,
        "MRR": 0.5966198044326788
    }
}