{
    "Test": {
        "H@1": 0.5472636815920398,
        "H@3": 0.7960199004975125,
        "H@10": 0.9850746268656716,
        "MRR": 0.6999667966085877
    }
}