{
    "Test": {
        "H@1": 0.5022692889561271,
        "H@3": 0.789712556732224,
        "H@10": 0.9273827534039334,
        "MRR": 0.6588419710914509
    }
}