{
    "Train": {
        "H@1": 0.7788461538461539,
        "H@3": 0.9711538461538461,
        "H@10": 0.9985063480209111,
        "MRR": 0.8746537070423249
    },
    "Val": {
        "H@1": 0.6794478527607362,
        "H@3": 0.8987730061349694,
        "H@10": 0.9539877300613497,
        "MRR": 0.7940184533861175
    },
    "Test": {
        "H@1": 0.6989409984871406,
        "H@3": 0.905446293494705,
        "H@10": 0.972768532526475,
        "MRR": 0.807566503439169
    }
}