{
    "Test": {
        "H@1": 0.4947049924357035,
        "H@3": 0.8139183055975794,
        "H@10": 0.9440242057488654,
        "MRR": 0.660438429727226
    }
}