{
    "Test": {
        "H@1": 0.542830540037244,
        "H@3": 0.8277467411545624,
        "H@10": 0.9599627560521415,
        "MRR": 0.6975107818921508
    }
}