{
    "Test": {
        "H@1": 0.22239031770045387,
        "H@3": 0.4145234493192133,
        "H@10": 0.6172465960665658,
        "MRR": 0.3555329786922132
    }
}