{
    "Train": {
        "H@1": 0.7563957863054929,
        "H@3": 0.9585214446952596,
        "H@10": 0.9952031602708804,
        "MRR": 0.8596423950735266
    },
    "Val": {
        "H@1": 0.6702453987730062,
        "H@3": 0.8872699386503068,
        "H@10": 0.9570552147239264,
        "MRR": 0.786085838290759
    },
    "Test": {
        "H@1": 0.653555219364599,
        "H@3": 0.903177004538578,
        "H@10": 0.9735249621785174,
        "MRR": 0.7861433490887695
    }
}