{
    "Test": {
        "H@1": 0.5658093797276853,
        "H@3": 0.8835098335854765,
        "H@10": 0.9606656580937972,
        "MRR": 0.7272479368944118
    }
}