{
    "Test": {
        "H@1": 0.5279878971255674,
        "H@3": 0.7760968229954615,
        "H@10": 0.9107413010590015,
        "MRR": 0.6705675175352911
    }
}