{
    "Train": {
        "H@1": 0.7468607305936074,
        "H@3": 0.975361491628615,
        "H@10": 0.9989535768645358,
        "MRR": 0.8610203089655125
    },
    "Val": {
        "H@1": 0.61579754601227,
        "H@3": 0.9049079754601227,
        "H@10": 0.9708588957055214,
        "MRR": 0.7669612339353112
    },
    "Test": {
        "H@1": 0.6346444780635401,
        "H@3": 0.916036308623298,
        "H@10": 0.9773071104387292,
        "MRR": 0.781971181508974
    }
}