{
    "Test": {
        "H@1": 0.3767019667170953,
        "H@3": 0.6384266263237519,
        "H@10": 0.8381240544629349,
        "MRR": 0.535172005988966
    }
}