{
    "Test": {
        "H@1": 0.4402420574886536,
        "H@3": 0.7307110438729199,
        "H@10": 0.9016641452344932,
        "MRR": 0.6059666162842902
    }
}