{
    "Test": {
        "H@1": 0.583963691376702,
        "H@3": 0.886535552193646,
        "H@10": 0.9652042360060514,
        "MRR": 0.7396363748300222
    }
}