{
    "Train": {
        "H@1": 0.5497507668711656,
        "H@3": 0.8517062883435583,
        "H@10": 0.9837998466257669,
        "MRR": 0.7128294152806808
    },
    "Val": {
        "H@1": 0.4317484662576687,
        "H@3": 0.7653374233128835,
        "H@10": 0.9355828220858896,
        "MRR": 0.6149053415133738
    },
    "Test": {
        "H@1": 0.434947049924357,
        "H@3": 0.7723146747352496,
        "H@10": 0.9515885022692889,
        "MRR": 0.6221660482200289
    }
}