{
    "Test": {
        "H@1": 0.46142208774583965,
        "H@3": 0.7609682299546142,
        "H@10": 0.9198184568835098,
        "MRR": 0.6293808462824586
    }
}