{
    "Test": {
        "H@1": 0.3845437616387337,
        "H@3": 0.6210428305400373,
        "H@10": 0.8649906890130353,
        "MRR": 0.540502445155845
    }
}