{
    "Test": {
        "H@1": 0.6505295007564297,
        "H@3": 0.8789712556732224,
        "H@10": 0.962178517397882,
        "MRR": 0.7738459422774645
    }
}