{
    "Test": {
        "H@1": 0.3880597014925373,
        "H@3": 0.6766169154228856,
        "H@10": 0.9601990049751243,
        "MRR": 0.5726669681893561
    }
}