{
    "Test": {
        "H@1": 0.49924357034795763,
        "H@3": 0.8456883509833586,
        "H@10": 0.972768532526475,
        "MRR": 0.6803509714728644
    }
}