{
    "Train": {
        "H@1": 0.7130853474320241,
        "H@3": 0.9533610271903323,
        "H@10": 0.9923527190332326,
        "MRR": 0.8355238155914281
    },
    "Val": {
        "H@1": 0.6081288343558282,
        "H@3": 0.8765337423312883,
        "H@10": 0.963957055214724,
        "MRR": 0.7536203582401395
    },
    "Test": {
        "H@1": 0.5801815431164902,
        "H@3": 0.8721633888048411,
        "H@10": 0.9720121028744326,
        "MRR": 0.738253615698759
    }
}