{
    "Test": {
        "H@1": 0.5204841713221602,
        "H@3": 0.8202979515828678,
        "H@10": 0.9543761638733705,
        "MRR": 0.6816183228783544
    }
}