{
    "Test": {
        "H@1": 0.3524962178517398,
        "H@3": 0.5552193645990923,
        "H@10": 0.7851739788199698,
        "MRR": 0.49232469509804394
    }
}