{
    "Test": {
        "H@1": 0.5219364599092284,
        "H@3": 0.8426626323751891,
        "H@10": 0.9531013615733737,
        "MRR": 0.689410314067887
    }
}