{
    "Test": {
        "H@1": 0.5007564296520424,
        "H@3": 0.7276853252647504,
        "H@10": 0.9183055975794251,
        "MRR": 0.6427168702988462
    }
}