{
    "Test": {
        "H@1": 0.6157337367624811,
        "H@3": 0.875945537065053,
        "H@10": 0.9773071104387292,
        "MRR": 0.7501684319189879
    }
}