{
    "Test": {
        "H@1": 0.5559757942511346,
        "H@3": 0.7367624810892587,
        "H@10": 0.9062027231467473,
        "MRR": 0.6721491440225379
    }
}