{
    "Test": {
        "H@1": 0.5279878971255674,
        "H@3": 0.8275340393343419,
        "H@10": 0.9440242057488654,
        "MRR": 0.6874536720193085
    }
}