{
    "Test": {
        "H@1": 0.5113464447806354,
        "H@3": 0.8169440242057489,
        "H@10": 0.9394856278366112,
        "MRR": 0.6740249915081797
    }
}