{
    "Test": {
        "H@1": 0.5068078668683812,
        "H@3": 0.8290468986384266,
        "H@10": 0.9606656580937972,
        "MRR": 0.6762115571806286
    }
}