{
    "Test": {
        "H@1": 0.45537065052950076,
        "H@3": 0.735249621785174,
        "H@10": 0.9016641452344932,
        "MRR": 0.6169476497725839
    }
}