{
    "Test": {
        "H@1": 0.4735249621785174,
        "H@3": 0.7685325264750378,
        "H@10": 0.913767019667171,
        "MRR": 0.636703246684219
    }
}