{
    "Test": {
        "H@1": 0.546142208774584,
        "H@3": 0.8018154311649016,
        "H@10": 0.9515885022692889,
        "MRR": 0.6953121351298772
    }
}