{
    "Test": {
        "H@1": 0.6248108925869894,
        "H@3": 0.8804841149773072,
        "H@10": 0.972768532526475,
        "MRR": 0.7604381375031904
    }
}