{
    "Test": {
        "H@1": 0.5856610800744879,
        "H@3": 0.8500931098696461,
        "H@10": 0.9655493482309124,
        "MRR": 0.7272000972156875
    }
}