{
    "Test": {
        "H@1": 0.6338880484114977,
        "H@3": 0.8169440242057489,
        "H@10": 0.9425113464447806,
        "MRR": 0.7424157899044175
    }
}