{
    "Test": {
        "H@1": 0.37821482602118,
        "H@3": 0.7291981845688351,
        "H@10": 0.9258698940998488,
        "MRR": 0.5759556765275131
    }
}