{
    "Test": {
        "H@1": 0.5718608169440242,
        "H@3": 0.8033282904689864,
        "H@10": 0.9440242057488654,
        "MRR": 0.7049005441706613
    }
}