{
    "Test": {
        "H@1": 0.572139303482587,
        "H@3": 0.8059701492537313,
        "H@10": 0.9800995024875622,
        "MRR": 0.7056508582627986
    }
}