{
    "Test": {
        "H@1": 0.5572139303482587,
        "H@3": 0.7910447761194029,
        "H@10": 0.9701492537313433,
        "MRR": 0.7011174839533049
    }
}