{
    "Test": {
        "H@1": 0.4975124378109453,
        "H@3": 0.8059701492537313,
        "H@10": 0.9900497512437811,
        "MRR": 0.6742183742183743
    }
}