{
    "Test": {
        "H@1": 0.680786686838124,
        "H@3": 0.903177004538578,
        "H@10": 0.9742813918305597,
        "MRR": 0.7962017636204611
    }
}