{
    "Test": {
        "H@1": 0.4296520423600605,
        "H@3": 0.7549167927382754,
        "H@10": 0.9364599092284418,
        "MRR": 0.6087857440430827
    }
}