{
    "Test": {
        "H@1": 0.49924357034795763,
        "H@3": 0.7987897125567323,
        "H@10": 0.9546142208774584,
        "MRR": 0.6644629766094957
    }
}