{
    "Test": {
        "H@1": 0.7700453857791225,
        "H@3": 0.9288956127080181,
        "H@10": 0.9712556732223904,
        "MRR": 0.853518668081187
    }
}