{
    "Test": {
        "H@1": 0.5915279878971256,
        "H@3": 0.8547655068078669,
        "H@10": 0.9652042360060514,
        "MRR": 0.73113831104075
    }
}