{
    "Train": {
        "H@1": 0.17631631037212986,
        "H@3": 0.3628760886777514,
        "H@10": 0.5747723673792557,
        "MRR": 0.3117980636002471
    },
    "Val": {
        "H@1": 0.2668711656441718,
        "H@3": 0.522239263803681,
        "H@10": 0.772239263803681,
        "MRR": 0.43402941152809515
    },
    "Test": {
        "H@1": 0.2783661119515885,
        "H@3": 0.5385779122541604,
        "H@10": 0.7745839636913767,
        "MRR": 0.4468142568327909
    }
}