{
    "Test": {
        "H@1": 0.43781094527363185,
        "H@3": 0.7512437810945274,
        "H@10": 0.9751243781094527,
        "MRR": 0.6117435908480684
    }
}