Triple Injection Ratios,0.01,0.02,0.03
Random,0.6696071459694136,0.6683014051419613,0.6821621752357991
PageRank,0.6611998323845395,0.6746654348325216,0.6536171841966543
Harmonic closeness,0.6687082510461859,0.6706062474699876,0.6633593590926019
