Triple Injection Ratios,0.01,0.02,0.03
Random,0.6647154313234148,0.6775560270546783,0.6822577248912033
PageRank,0.6647860712068371,0.6595504178950558,0.6594078100703408
Harmonic closeness,0.6645691733416225,0.6697950983426221,0.6630169722430966
