Triple Injection Ratios,0.01,0.02,0.03
Random,0.6614566437756663,0.6668300658399188,0.6746410779820474
PageRank,0.6651426323361375,0.6593718952829757,0.6586043325198978
Harmonic closeness,0.6717528119922539,0.6621520372173173,0.6692951570999803
