{
    "Test": {
        "H@1": 0.40130353817504655,
        "H@3": 0.6219739292364991,
        "H@10": 0.8733705772811918,
        "MRR": 0.5471654960980387
    }
}