{
    "Test": {
        "H@1": 0.38308457711442784,
        "H@3": 0.7164179104477612,
        "H@10": 0.9850746268656716,
        "MRR": 0.5782104987328868
    }
}