{
    "Test": {
        "H@1": 0.4372163388804841,
        "H@3": 0.6989409984871406,
        "H@10": 0.9107413010590015,
        "MRR": 0.5965958282470173
    }
}