{
    "Test": {
        "H@1": 0.5113464447806354,
        "H@3": 0.8124054462934948,
        "H@10": 0.962178517397882,
        "MRR": 0.6797204398690991
    }
}