{
    "Test": {
        "H@1": 0.6278366111951589,
        "H@3": 0.7972768532526475,
        "H@10": 0.9183055975794251,
        "MRR": 0.7325046229227044
    }
}