{
    "Train": {
        "H@1": 0.42245015337423314,
        "H@3": 0.790260736196319,
        "H@10": 0.9609854294478528,
        "MRR": 0.6207073112471239
    },
    "Val": {
        "H@1": 0.3121165644171779,
        "H@3": 0.6779141104294478,
        "H@10": 0.9217791411042945,
        "MRR": 0.5216790899993813
    },
    "Test": {
        "H@1": 0.3350983358547655,
        "H@3": 0.6936459909228442,
        "H@10": 0.9099848714069592,
        "MRR": 0.5372855208322385
    }
}