{
    "Test": {
        "H@1": 0.529500756429652,
        "H@3": 0.8290468986384266,
        "H@10": 0.9485627836611196,
        "MRR": 0.6866639598595126
    }
}