{
    "Test": {
        "H@1": 0.4697428139183056,
        "H@3": 0.6913767019667171,
        "H@10": 0.8925869894099848,
        "MRR": 0.6101604486261697
    }
}