{
    "Test": {
        "H@1": 0.3034825870646766,
        "H@3": 0.6218905472636815,
        "H@10": 0.9850746268656716,
        "MRR": 0.511364354274802
    }
}