{
    "Test": {
        "H@1": 0.5249621785173979,
        "H@3": 0.735249621785174,
        "H@10": 0.9069591527987897,
        "MRR": 0.654437209862774
    }
}