{
    "Test": {
        "H@1": 0.6444780635400907,
        "H@3": 0.8774583963691377,
        "H@10": 0.9500756429652042,
        "MRR": 0.7674205539870763
    }
}