Triple Injection Ratios,0.01,0.02,0.03
Random,0.35030363345403354,0.34637356554616056,0.35561599963354723
Closeness,0.3527319167489817,0.3363952395672067,0.35099442164569233
Betweenness,0.3196707311787295,0.352351382988737,0.3217560276798173
