Triple Injection Ratios,0.01,0.02,0.03
Random,0.3462410381931123,0.3304306278565964,0.3476383342741694
Closeness,0.35106309213412384,0.314434751682811,0.33769648453904844
Betweenness,0.36559688591313205,0.35389211995702824,0.33583167240231404
