Triple Injection Ratios,0.01,0.02,0.03
Random,0.34917660190726624,0.35038536658310926,0.30923258008885346
Closeness,0.3391191758470036,0.341118817540364,0.34850184587691185
Betweenness,0.36400084081024564,0.3285303720572319,0.3367509110993265
