{
    "Test": {
        "H@1": 0.38640595903165736,
        "H@3": 0.5968342644320298,
        "H@10": 0.8761638733705773,
        "MRR": 0.5369732836988205
    }
}