{
    "Test": {
        "H@1": 0.5605143721633888,
        "H@3": 0.7496217851739788,
        "H@10": 0.9213313161875946,
        "MRR": 0.6789908558657158
    }
}