{
    "Test": {
        "H@1": 0.6217851739788199,
        "H@3": 0.8033282904689864,
        "H@10": 0.9379727685325264,
        "MRR": 0.7323665196525363
    }
}