Triple Injection Ratios,0.01,0.02,0.03
Random,0.35982404994967415,0.35428650949787993,0.351813581146713
Closeness,0.36264714399798187,0.36442149735261303,0.35663348114827603
Betweenness,0.3607080790760654,0.3602790552314746,0.3590026586087901
