Triple Injection Ratios,0.01,0.02,0.03
Random,0.35849550074116554,0.3572167522864991,0.34946605546480186
Closeness,0.3614392400399701,0.35967128716378094,0.35858585955275907
Betweenness,0.3602618149638855,0.3603098863265303,0.3589724988660481
