Triple Injection Ratios,0.01,0.02,0.03
Random,0.36053161401250405,0.3550437553660083,0.35337261510413154
Closeness,0.3620581790016413,0.3627347262415525,0.3608459796787637
Betweenness,0.36295552789248564,0.3598547465863734,0.3610500384287614
