{
    "Test": {
        "H@1": 0.5809379727685325,
        "H@3": 0.8910741301059002,
        "H@10": 0.9606656580937972,
        "MRR": 0.7349794752618685
    }
}