{
    "Test": {
        "H@1": 0.5521936459909228,
        "H@3": 0.8426626323751891,
        "H@10": 0.9531013615733737,
        "MRR": 0.7100033230118356
    }
}