{
    "Test": {
        "H@1": 0.3230912476722533,
        "H@3": 0.5893854748603352,
        "H@10": 0.8677839851024208,
        "MRR": 0.49669537524386825
    }
}