{
    "Test": {
        "H@1": 0.6266294227188082,
        "H@3": 0.861266294227188,
        "H@10": 0.9739292364990689,
        "MRR": 0.755357876005521
    }
}