{
    "Test": {
        "H@1": 0.7019667170953101,
        "H@3": 0.9107413010590015,
        "H@10": 0.9757942511346445,
        "MRR": 0.8149478067785773
    }
}