{
    "Test": {
        "H@1": 0.6580937972768532,
        "H@3": 0.8290468986384266,
        "H@10": 0.9470499243570348,
        "MRR": 0.7596980860045487
    }
}