{
    "Train": {
        "H@1": 0.6444695259593679,
        "H@3": 0.9235327313769752,
        "H@10": 0.9887133182844243,
        "MRR": 0.7866387193135891
    },
    "Val": {
        "H@1": 0.5498466257668712,
        "H@3": 0.8381901840490797,
        "H@10": 0.9555214723926381,
        "MRR": 0.7071765475463591
    },
    "Test": {
        "H@1": 0.5211800302571861,
        "H@3": 0.8434190620272315,
        "H@10": 0.9636913767019667,
        "MRR": 0.6945144866647074
    }
}