{
    "Test": {
        "H@1": 0.49924357034795763,
        "H@3": 0.8260211800302572,
        "H@10": 0.9591527987897126,
        "MRR": 0.674233141122109
    }
}