{
    "Test": {
        "H@1": 0.5264750378214826,
        "H@3": 0.7866868381240545,
        "H@10": 0.9364599092284418,
        "MRR": 0.67734740107893
    }
}