{
    "Train": {
        "H@1": 0.7489495798319328,
        "H@3": 0.9490068754774638,
        "H@10": 0.9931245225362872,
        "MRR": 0.8527351366869507
    },
    "Val": {
        "H@1": 0.6572085889570553,
        "H@3": 0.8803680981595092,
        "H@10": 0.9486196319018405,
        "MRR": 0.7769614406206964
    },
    "Test": {
        "H@1": 0.6618759455370651,
        "H@3": 0.9024205748865356,
        "H@10": 0.981089258698941,
        "MRR": 0.7884450540729112
    }
}