{
    "Test": {
        "H@1": 0.6006051437216339,
        "H@3": 0.848714069591528,
        "H@10": 0.9652042360060514,
        "MRR": 0.7379844266928401
    }
}