{
    "Test": {
        "H@1": 0.6550680786686838,
        "H@3": 0.8956127080181543,
        "H@10": 0.9742813918305597,
        "MRR": 0.7792606100896606
    }
}