{
    "Test": {
        "H@1": 0.5970149253731343,
        "H@3": 0.7611940298507462,
        "H@10": 0.9800995024875622,
        "MRR": 0.711490223430522
    }
}