{
    "Test": {
        "H@1": 0.4205748865355522,
        "H@3": 0.680786686838124,
        "H@10": 0.8714069591527988,
        "MRR": 0.5763127674265046
    }
}