{
    "Test": {
        "H@1": 0.594553706505295,
        "H@3": 0.8653555219364599,
        "H@10": 0.9591527987897126,
        "MRR": 0.7375098401453308
    }
}