{
    "Test": {
        "H@1": 0.6006051437216339,
        "H@3": 0.859304084720121,
        "H@10": 0.9334341906202723,
        "MRR": 0.7317487139328211
    }
}