{
    "Test": {
        "H@1": 0.6822995461422088,
        "H@3": 0.9062027231467473,
        "H@10": 0.9712556732223904,
        "MRR": 0.8009336114121169
    }
}