{
    "Test": {
        "H@1": 0.27382753403933435,
        "H@3": 0.5355521936459909,
        "H@10": 0.7594553706505295,
        "MRR": 0.4391410928902151
    }
}