{
    "Test": {
        "H@1": 0.394856278366112,
        "H@3": 0.708018154311649,
        "H@10": 0.903177004538578,
        "MRR": 0.5788285140940114
    }
}