{
    "Test": {
        "H@1": 0.44175491679273826,
        "H@3": 0.773071104387292,
        "H@10": 0.9591527987897126,
        "MRR": 0.6284172478371748
    }
}