{
    "Test": {
        "H@1": 0.5612708018154312,
        "H@3": 0.8381240544629349,
        "H@10": 0.9425113464447806,
        "MRR": 0.708561626200185
    }
}