{
    "Test": {
        "H@1": 0.329803328290469,
        "H@3": 0.5869894099848714,
        "H@10": 0.8275340393343419,
        "MRR": 0.4948175276842485
    }
}