{
    "Test": {
        "H@1": 0.42786069651741293,
        "H@3": 0.7263681592039801,
        "H@10": 0.9651741293532339,
        "MRR": 0.6023517527248871
    }
}