{
    "Test": {
        "H@1": 0.5234493192133132,
        "H@3": 0.8018154311649016,
        "H@10": 0.9485627836611196,
        "MRR": 0.67932332440073
    }
}