{
    "Train": {
        "H@1": 0.6619638826185101,
        "H@3": 0.90895410082769,
        "H@10": 0.9879608728367193,
        "MRR": 0.7916801586748431
    },
    "Val": {
        "H@1": 0.5575153374233128,
        "H@3": 0.8236196319018405,
        "H@10": 0.9371165644171779,
        "MRR": 0.704954634385195
    },
    "Test": {
        "H@1": 0.5847201210287444,
        "H@3": 0.8381240544629349,
        "H@10": 0.9493192133131618,
        "MRR": 0.7246119068484345
    }
}