{
    "Test": {
        "H@1": 0.373134328358209,
        "H@3": 0.7014925373134329,
        "H@10": 0.9552238805970149,
        "MRR": 0.5668748609047116
    }
}