{
    "Test": {
        "H@1": 0.6414523449319214,
        "H@3": 0.8804841149773072,
        "H@10": 0.9606656580937972,
        "MRR": 0.7682696961012064
    }
}