{
    "Train": {
        "H@1": 0.01485148514851485,
        "H@3": 0.028352835283528353,
        "H@10": 0.056255625562556255,
        "MRR": 0.036501769520952534
    },
    "Val": {
        "H@1": 0.020833333333333332,
        "H@3": 0.08333333333333333,
        "H@10": 0.08333333333333333,
        "MRR": 0.059327546659818764
    },
    "Test": {
        "H@1": 0.041666666666666664,
        "H@3": 0.125,
        "H@10": 0.125,
        "MRR": 0.08945205313350602
    }
}