{
    "Test": {
        "H@1": 0.6154562383612663,
        "H@3": 0.8482309124767226,
        "H@10": 0.962756052141527,
        "MRR": 0.7424092345846306
    }
}