{
    "Test": {
        "H@1": 0.44776119402985076,
        "H@3": 0.7761194029850746,
        "H@10": 0.9800995024875622,
        "MRR": 0.635477913462988
    }
}