{
    "Test": {
        "H@1": 0.6021180030257186,
        "H@3": 0.8335854765506808,
        "H@10": 0.9546142208774584,
        "MRR": 0.7308152008018334
    }
}