{
    "Test": {
        "H@1": 0.46142208774583965,
        "H@3": 0.8169440242057489,
        "H@10": 0.9591527987897126,
        "MRR": 0.6479767654775505
    }
}