{
    "Test": {
        "H@1": 0.5143721633888049,
        "H@3": 0.8305597579425114,
        "H@10": 0.9667170953101362,
        "MRR": 0.6892471146572807
    }
}