{
    "Test": {
        "H@1": 0.659606656580938,
        "H@3": 0.9046898638426626,
        "H@10": 0.9773071104387292,
        "MRR": 0.7862266344919341
    }
}