{
    "Test": {
        "H@1": 0.5869894099848714,
        "H@3": 0.8048411497730711,
        "H@10": 0.9167927382753404,
        "MRR": 0.7115470721461327
    }
}