{
    "Test": {
        "H@1": 0.5124378109452736,
        "H@3": 0.8059701492537313,
        "H@10": 0.9751243781094527,
        "MRR": 0.6734229286468092
    }
}