{
    "Train": {
        "H@1": 0.6978548170848496,
        "H@3": 0.9320053629572879,
        "H@10": 0.9902317563685118,
        "MRR": 0.8197138663023881
    },
    "Val": {
        "H@1": 0.593558282208589,
        "H@3": 0.8504601226993865,
        "H@10": 0.9493865030674846,
        "MRR": 0.7350484230035956
    },
    "Test": {
        "H@1": 0.6006051437216339,
        "H@3": 0.8555219364599093,
        "H@10": 0.953857791225416,
        "MRR": 0.7388012479475365
    }
}