{
    "Train": {
        "H@1": 0.7418653045781309,
        "H@3": 0.9604615966704503,
        "H@10": 0.9979190314037079,
        "MRR": 0.8522235969113822
    },
    "Val": {
        "H@1": 0.61579754601227,
        "H@3": 0.8857361963190185,
        "H@10": 0.963957055214724,
        "MRR": 0.7587053255563893
    },
    "Test": {
        "H@1": 0.6263237518910741,
        "H@3": 0.9069591527987897,
        "H@10": 0.981089258698941,
        "MRR": 0.7733105146415576
    }
}