{
    "Test": {
        "H@1": 0.5234493192133132,
        "H@3": 0.7594553706505295,
        "H@10": 0.903177004538578,
        "MRR": 0.6602576184388613
    }
}