{
    "Test": {
        "H@1": 0.6580937972768532,
        "H@3": 0.8290468986384266,
        "H@10": 0.9258698940998488,
        "MRR": 0.7539168329716821
    }
}