{
    "Test": {
        "H@1": 0.3333333333333333,
        "H@3": 0.5651769087523277,
        "H@10": 0.8547486033519553,
        "MRR": 0.49194128202762927
    }
}