{
    "Test": {
        "H@1": 0.3978819969742814,
        "H@3": 0.6913767019667171,
        "H@10": 0.9167927382753404,
        "MRR": 0.5743342719271707
    }
}