{
    "Test": {
        "H@1": 0.6051437216338881,
        "H@3": 0.8547655068078669,
        "H@10": 0.9485627836611196,
        "MRR": 0.7366116826112065
    }
}