{
    "Test": {
        "H@1": 0.6777609682299546,
        "H@3": 0.8940998487140696,
        "H@10": 0.9515885022692889,
        "MRR": 0.7867629707969291
    }
}