{
    "Test": {
        "H@1": 0.37821482602118,
        "H@3": 0.7034795763993948,
        "H@10": 0.9349470499243571,
        "MRR": 0.5648480648324514
    }
}