{
    "Train": {
        "H@1": 0.6187691717791411,
        "H@3": 0.9197661042944786,
        "H@10": 0.9941526073619632,
        "MRR": 0.7735160360965153
    },
    "Val": {
        "H@1": 0.49309815950920244,
        "H@3": 0.8397239263803681,
        "H@10": 0.9662576687116564,
        "MRR": 0.6781870642993042
    },
    "Test": {
        "H@1": 0.5,
        "H@3": 0.846444780635401,
        "H@10": 0.9712556732223904,
        "MRR": 0.6838937458828532
    }
}