{
    "Train": {
        "H@1": 0.7563361908311591,
        "H@3": 0.9509877003354454,
        "H@10": 0.995061498322773,
        "MRR": 0.8573872772316221
    },
    "Val": {
        "H@1": 0.6487730061349694,
        "H@3": 0.875,
        "H@10": 0.9539877300613497,
        "MRR": 0.7707185663704192
    },
    "Test": {
        "H@1": 0.6611195158850227,
        "H@3": 0.8978819969742814,
        "H@10": 0.9689863842662633,
        "MRR": 0.7847457714179675
    }
}