{
    "Test": {
        "H@1": 0.4664804469273743,
        "H@3": 0.7821229050279329,
        "H@10": 0.9599627560521415,
        "MRR": 0.6420874944536848
    }
}