{
    "Test": {
        "H@1": 0.5083798882681564,
        "H@3": 0.8184357541899442,
        "H@10": 0.9655493482309124,
        "MRR": 0.6766652334261458
    }
}