{
    "Test": {
        "H@1": 0.5363128491620112,
        "H@3": 0.840782122905028,
        "H@10": 0.962756052141527,
        "MRR": 0.6974192328220465
    }
}