{
    "Test": {
        "H@1": 0.4341906202723147,
        "H@3": 0.6989409984871406,
        "H@10": 0.8880484114977307,
        "MRR": 0.5931405343724897
    }
}