{
    "Test": {
        "H@1": 0.6135940409683427,
        "H@3": 0.8268156424581006,
        "H@10": 0.9711359404096834,
        "MRR": 0.7377638592377312
    }
}