{
    "Test": {
        "H@1": 0.36318407960199006,
        "H@3": 0.681592039800995,
        "H@10": 0.9552238805970149,
        "MRR": 0.5618485853560481
    }
}