{
    "Test": {
        "H@1": 0.44478063540090773,
        "H@3": 0.7912254160363086,
        "H@10": 0.9470499243570348,
        "MRR": 0.6334327372184626
    }
}