{
    "Train": {
        "H@1": 0.7393048128342246,
        "H@3": 0.9542589763177999,
        "H@10": 0.9969442322383499,
        "MRR": 0.8492251729456088
    },
    "Val": {
        "H@1": 0.6464723926380368,
        "H@3": 0.8857361963190185,
        "H@10": 0.9631901840490797,
        "MRR": 0.7736685986006084
    },
    "Test": {
        "H@1": 0.6641452344931922,
        "H@3": 0.8978819969742814,
        "H@10": 0.970499243570348,
        "MRR": 0.7893260034952068
    }
}