{
    "Train": {
        "H@1": 0.6464278873778969,
        "H@3": 0.915054587243823,
        "H@10": 0.9810381153035816,
        "MRR": 0.7860712410589449
    },
    "Val": {
        "H@1": 0.5927914110429447,
        "H@3": 0.8504601226993865,
        "H@10": 0.9486196319018405,
        "MRR": 0.7332421184699511
    },
    "Test": {
        "H@1": 0.5499243570347958,
        "H@3": 0.8456883509833586,
        "H@10": 0.9470499243570348,
        "MRR": 0.7086878526952366
    }
}