{
    "Train": {
        "H@1": 0.7898009950248757,
        "H@3": 0.9664179104477612,
        "H@10": 0.9978951396861845,
        "MRR": 0.8794507861546411
    },
    "Val": {
        "H@1": 0.6618098159509203,
        "H@3": 0.8811349693251533,
        "H@10": 0.9585889570552147,
        "MRR": 0.7795801389403735
    },
    "Test": {
        "H@1": 0.6928895612708018,
        "H@3": 0.8956127080181543,
        "H@10": 0.9667170953101362,
        "MRR": 0.8032276332490687
    }
}