{
    "Test": {
        "H@1": 0.37367624810892586,
        "H@3": 0.6671709531013615,
        "H@10": 0.8789712556732224,
        "MRR": 0.5464682830065666
    }
}