{
    "Test": {
        "H@1": 0.47806354009077157,
        "H@3": 0.7700453857791225,
        "H@10": 0.9606656580937972,
        "MRR": 0.6496865850631388
    }
}