{
    "Test": {
        "H@1": 0.7201210287443268,
        "H@3": 0.903177004538578,
        "H@10": 0.9742813918305597,
        "MRR": 0.817477869016417
    }
}