{
    "Test": {
        "H@1": 0.3034825870646766,
        "H@3": 0.6616915422885572,
        "H@10": 0.9701492537313433,
        "MRR": 0.5107694406201869
    }
}