{
    "Test": {
        "H@1": 0.4228855721393035,
        "H@3": 0.7810945273631841,
        "H@10": 0.9751243781094527,
        "MRR": 0.6257287350570934
    }
}