{
    "Test": {
        "H@1": 0.44175491679273826,
        "H@3": 0.7367624810892587,
        "H@10": 0.9183055975794251,
        "MRR": 0.6095341810388041
    }
}