{
    "Test": {
        "H@1": 0.5642965204236006,
        "H@3": 0.8547655068078669,
        "H@10": 0.9576399394856279,
        "MRR": 0.7191752756418921
    }
}