{
    "Test": {
        "H@1": 0.6157337367624811,
        "H@3": 0.9077155824508321,
        "H@10": 0.972768532526475,
        "MRR": 0.7646904477260367
    }
}