{
    "Test": {
        "H@1": 0.4130105900151286,
        "H@3": 0.7715582450832073,
        "H@10": 0.9425113464447806,
        "MRR": 0.6076839077287678
    }
}