{
    "Test": {
        "H@1": 0.594553706505295,
        "H@3": 0.8683812405446294,
        "H@10": 0.972768532526475,
        "MRR": 0.7398199131485642
    }
}