{
    "Train": {
        "H@1": 0.7641106572595618,
        "H@3": 0.9599888600074267,
        "H@10": 0.9964723356851095,
        "MRR": 0.8643094434657265
    },
    "Val": {
        "H@1": 0.6480061349693251,
        "H@3": 0.8811349693251533,
        "H@10": 0.9539877300613497,
        "MRR": 0.7736043254477545
    },
    "Test": {
        "H@1": 0.6422087745839636,
        "H@3": 0.9016641452344932,
        "H@10": 0.9674735249621785,
        "MRR": 0.7781287203209551
    }
}