{
    "Test": {
        "H@1": 0.5476550680786687,
        "H@3": 0.7881996974281392,
        "H@10": 0.9273827534039334,
        "MRR": 0.6790262438742197
    }
}