{
    "Test": {
        "H@1": 0.3903177004538578,
        "H@3": 0.7004538577912254,
        "H@10": 0.8895612708018155,
        "MRR": 0.5694324656431903
    }
}