{
    "Test": {
        "H@1": 0.6308623298033282,
        "H@3": 0.8850226928895613,
        "H@10": 0.962178517397882,
        "MRR": 0.7629876891199893
    }
}