{
    "Test": {
        "H@1": 0.5990922844175491,
        "H@3": 0.8744326777609682,
        "H@10": 0.9455370650529501,
        "MRR": 0.7368693941190704
    }
}