{
    "Test": {
        "H@1": 0.49924357034795763,
        "H@3": 0.7972768532526475,
        "H@10": 0.9591527987897126,
        "MRR": 0.6641995927579031
    }
}