{
    "Train": {
        "H@1": 0.722897026831037,
        "H@3": 0.932831762146483,
        "H@10": 0.9912073966642495,
        "MRR": 0.8330123659280142
    },
    "Val": {
        "H@1": 0.602760736196319,
        "H@3": 0.8473926380368099,
        "H@10": 0.9524539877300614,
        "MRR": 0.739123970860756
    },
    "Test": {
        "H@1": 0.6013615733736762,
        "H@3": 0.850983358547655,
        "H@10": 0.9583963691376702,
        "MRR": 0.7394946959162024
    }
}