{
    "Test": {
        "H@1": 0.4523449319213313,
        "H@3": 0.7866868381240545,
        "H@10": 0.9273827534039334,
        "MRR": 0.632323125541882
    }
}