{
    "Train": {
        "H@1": 0.6934645376903082,
        "H@3": 0.9323245451169699,
        "H@10": 0.9908095061269959,
        "MRR": 0.8151322655158981
    },
    "Val": {
        "H@1": 0.5774539877300614,
        "H@3": 0.8427914110429447,
        "H@10": 0.9486196319018405,
        "MRR": 0.7216826016993352
    },
    "Test": {
        "H@1": 0.5748865355521936,
        "H@3": 0.8449319213313162,
        "H@10": 0.9462934947049925,
        "MRR": 0.7202536993001925
    }
}