{
    "Test": {
        "H@1": 0.4175491679273828,
        "H@3": 0.7125567322239031,
        "H@10": 0.9258698940998488,
        "MRR": 0.5896229774606051
    }
}