{
    "Test": {
        "H@1": 0.5920398009950248,
        "H@3": 0.835820895522388,
        "H@10": 0.9850746268656716,
        "MRR": 0.730376257241929
    }
}