{
    "Test": {
        "H@1": 0.5931098696461825,
        "H@3": 0.8500931098696461,
        "H@10": 0.9720670391061452,
        "MRR": 0.7327045891505259
    }
}