{
    "Train": {
        "H@1": 0.7212850644427596,
        "H@3": 0.9484457922668689,
        "H@10": 0.9945034116755117,
        "MRR": 0.8367472720792831
    },
    "Val": {
        "H@1": 0.6226993865030674,
        "H@3": 0.875,
        "H@10": 0.9624233128834356,
        "MRR": 0.7560615589152951
    },
    "Test": {
        "H@1": 0.5741301059001512,
        "H@3": 0.8835098335854765,
        "H@10": 0.9614220877458396,
        "MRR": 0.7338985529309033
    }
}