{
    "Test": {
        "H@1": 0.594553706505295,
        "H@3": 0.7957639939485628,
        "H@10": 0.9183055975794251,
        "MRR": 0.7128960699961605
    }
}