{
    "Test": {
        "H@1": 0.4281391830559758,
        "H@3": 0.7034795763993948,
        "H@10": 0.8835098335854765,
        "MRR": 0.5880903500452034
    }
}