{
    "Test": {
        "H@1": 0.47049924357034795,
        "H@3": 0.81089258698941,
        "H@10": 0.9425113464447806,
        "MRR": 0.6499031824547056
    }
}