{
    "Test": {
        "H@1": 0.5391061452513967,
        "H@3": 0.8305400372439479,
        "H@10": 0.9608938547486033,
        "MRR": 0.6957634894942275
    }
}