{
    "Test": {
        "H@1": 0.6898638426626323,
        "H@3": 0.8835098335854765,
        "H@10": 0.9561270801815431,
        "MRR": 0.7924501110324442
    }
}