{
    "Train": {
        "H@1": 0.750667174990469,
        "H@3": 0.967689668318719,
        "H@10": 0.9976172321768967,
        "MRR": 0.8609052112134002
    },
    "Val": {
        "H@1": 0.6311349693251533,
        "H@3": 0.9125766871165644,
        "H@10": 0.968558282208589,
        "MRR": 0.7763961198975382
    },
    "Test": {
        "H@1": 0.6527987897125568,
        "H@3": 0.9114977307110439,
        "H@10": 0.9697428139183056,
        "MRR": 0.7895496578808079
    }
}