{
    "Test": {
        "H@1": 0.6792738275340393,
        "H@3": 0.886535552193646,
        "H@10": 0.962178517397882,
        "MRR": 0.7891244603928624
    }
}