Triple Injection Ratios,0.01,0.02,0.03
Random,0.3080811653481052,0.312079606477016,0.3098643965905755
Closeness,0.30893269920791727,0.30822136983299614,0.31655921571496526
Betweenness,0.3119843549450438,0.3040265082694815,0.3099117929315466
