Triple Injection Ratios,0.01,0.02,0.03
Random,0.3091019666571791,0.30497337588851176,0.3059827567963175
Closeness,0.3118531412397201,0.3108856438496822,0.31064287536847746
Betweenness,0.3112631818257389,0.31506653984111077,0.31017854526113275
