Triple Injection Ratios,0.01,0.02,0.03
Random,0.31431773502125143,0.30587049805302347,0.3109444525575481
Closeness,0.31028886277656176,0.31487944948301416,0.31173329905755753
Betweenness,0.31225689006390545,0.30631014110017224,0.30934155971404403
