{
    "Test": {
        "H@1": 0.4175491679273828,
        "H@3": 0.7322239031770046,
        "H@10": 0.9288956127080181,
        "MRR": 0.5972079928460099
    }
}