{
    "Test": {
        "H@1": 0.6111951588502269,
        "H@3": 0.8063540090771558,
        "H@10": 0.9425113464447806,
        "MRR": 0.7286428298992241
    }
}