{
    "Test": {
        "H@1": 0.527363184079602,
        "H@3": 0.8109452736318408,
        "H@10": 0.9950248756218906,
        "MRR": 0.6842592592592592
    }
}