{
    "Test": {
        "H@1": 0.5409683426443203,
        "H@3": 0.8370577281191807,
        "H@10": 0.9553072625698324,
        "MRR": 0.6994516784441319
    }
}