Triple Injection Ratios,0.01,0.02,0.03
Random,0.3612873880984556,0.35799907583691826,0.3555196628512852
Closeness,0.3696226705242293,0.36563054073303064,0.357224665948569
Betweenness,0.36218805723355607,0.3610073833927343,0.3640708393143997
