Triple Injection Ratios,0.01,0.02,0.03
Random,0.3625681900845469,0.35645001779446,0.3524676045793829
Closeness,0.3645936544537121,0.3619170542454235,0.3627479993522697
Betweenness,0.36713047474955884,0.3650992421309688,0.3618160612191665
