Triple Injection Ratios,0.01,0.02,0.03
Random,0.3600485942558061,0.3549628109756501,0.3559834119510832
Closeness,0.3640179680628895,0.36136821001935593,0.3631129454351993
Betweenness,0.36763559192213274,0.36439828855792145,0.36111769013602785
