{
    "Test": {
        "H@1": 0.5476550680786687,
        "H@3": 0.8018154311649016,
        "H@10": 0.9349470499243571,
        "MRR": 0.6896051923026132
    }
}