{
    "Test": {
        "H@1": 0.3751891074130106,
        "H@3": 0.7065052950075643,
        "H@10": 0.9258698940998488,
        "MRR": 0.5624113411765634
    }
}