{
    "Test": {
        "H@1": 0.7216338880484114,
        "H@3": 0.9046898638426626,
        "H@10": 0.9697428139183056,
        "MRR": 0.8205913420841172
    }
}