{
    "Test": {
        "H@1": 0.4039334341906203,
        "H@3": 0.7291981845688351,
        "H@10": 0.9409984871406959,
        "MRR": 0.5872054235980291
    }
}