{
    "Test": {
        "H@1": 0.5824508320726173,
        "H@3": 0.8381240544629349,
        "H@10": 0.9576399394856279,
        "MRR": 0.7225906794056661
    }
}