{
    "Test": {
        "H@1": 0.4527363184079602,
        "H@3": 0.7412935323383084,
        "H@10": 0.9900497512437811,
        "MRR": 0.6288262870352421
    }
}