{
    "Test": {
        "H@1": 0.529500756429652,
        "H@3": 0.8517397881996974,
        "H@10": 0.9576399394856279,
        "MRR": 0.697711290810607
    }
}