{
    "Test": {
        "H@1": 0.7428139183055976,
        "H@3": 0.9167927382753404,
        "H@10": 0.9667170953101362,
        "MRR": 0.8362944184080268
    }
}