{
    "Test": {
        "H@1": 0.4962178517397882,
        "H@3": 0.7110438729198184,
        "H@10": 0.8804841149773072,
        "MRR": 0.6272567094418939
    }
}