{
    "Test": {
        "H@1": 0.6308623298033282,
        "H@3": 0.897125567322239,
        "H@10": 0.9591527987897126,
        "MRR": 0.7652756230400724
    }
}