{
    "Test": {
        "H@1": 0.5022692889561271,
        "H@3": 0.8547655068078669,
        "H@10": 0.9531013615733737,
        "MRR": 0.6798235171630732
    }
}