{
    "Test": {
        "H@1": 0.5537065052950075,
        "H@3": 0.8320726172465961,
        "H@10": 0.9515885022692889,
        "MRR": 0.7061803748471364
    }
}