{
    "Test": {
        "H@1": 0.5195530726256983,
        "H@3": 0.7998137802607076,
        "H@10": 0.9497206703910615,
        "MRR": 0.6767928023141409
    }
}