{
    "Test": {
        "H@1": 0.5385779122541604,
        "H@3": 0.8184568835098336,
        "H@10": 0.9470499243570348,
        "MRR": 0.692272650216579
    }
}