{
    "Test": {
        "H@1": 0.4826021180030257,
        "H@3": 0.7685325264750378,
        "H@10": 0.9379727685325264,
        "MRR": 0.6430780593982371
    }
}