{
    "Train": {
        "H@1": 0.726869335347432,
        "H@3": 0.9414652567975831,
        "H@10": 0.9941465256797583,
        "MRR": 0.8386960501032894
    },
    "Val": {
        "H@1": 0.6280674846625767,
        "H@3": 0.8565950920245399,
        "H@10": 0.9524539877300614,
        "MRR": 0.7544084950563327
    },
    "Test": {
        "H@1": 0.6051437216338881,
        "H@3": 0.8547655068078669,
        "H@10": 0.9576399394856279,
        "MRR": 0.7440527350194643
    }
}