{
    "Train": {
        "H@1": 0.6806596701649176,
        "H@3": 0.9363755622188905,
        "H@10": 0.9945652173913043,
        "MRR": 0.8131066951100788
    },
    "Val": {
        "H@1": 0.5989263803680982,
        "H@3": 0.8826687116564417,
        "H@10": 0.9716257668711656,
        "MRR": 0.7492356013058079
    },
    "Test": {
        "H@1": 0.5801815431164902,
        "H@3": 0.8903177004538578,
        "H@10": 0.9780635400907716,
        "MRR": 0.742059520878278
    }
}