{
    "Test": {
        "H@1": 0.5249621785173979,
        "H@3": 0.8683812405446294,
        "H@10": 0.9682299546142209,
        "MRR": 0.6991115921371222
    }
}