{
    "Test": {
        "H@1": 0.6263237518910741,
        "H@3": 0.7957639939485628,
        "H@10": 0.9258698940998488,
        "MRR": 0.7305918597281775
    }
}