{
    "Test": {
        "H@1": 0.6187594553706506,
        "H@3": 0.9092284417549168,
        "H@10": 0.9788199697428139,
        "MRR": 0.7653257479338658
    }
}