{
    "Test": {
        "H@1": 0.6959152798789713,
        "H@3": 0.8275340393343419,
        "H@10": 0.9394856278366112,
        "MRR": 0.7788477854372373
    }
}