{
    "Train": {
        "H@1": 0.7438884644766998,
        "H@3": 0.9593200916730329,
        "H@10": 0.9941749427043545,
        "MRR": 0.8529499430235392
    },
    "Val": {
        "H@1": 0.6556748466257669,
        "H@3": 0.9102760736196319,
        "H@10": 0.9700920245398773,
        "MRR": 0.7884223454590298
    },
    "Test": {
        "H@1": 0.632375189107413,
        "H@3": 0.897125567322239,
        "H@10": 0.970499243570348,
        "MRR": 0.7718387749190176
    }
}