{
    "Test": {
        "H@1": 0.4079601990049751,
        "H@3": 0.7164179104477612,
        "H@10": 0.9502487562189055,
        "MRR": 0.5886958260092588
    }
}