{
    "Test": {
        "H@1": 0.5325264750378215,
        "H@3": 0.81089258698941,
        "H@10": 0.9561270801815431,
        "MRR": 0.6899808969480343
    }
}