{
    "Train": {
        "H@1": 0.702054794520548,
        "H@3": 0.9420662100456622,
        "H@10": 0.9924847792998478,
        "MRR": 0.8260974542488707
    },
    "Val": {
        "H@1": 0.6311349693251533,
        "H@3": 0.8819018404907976,
        "H@10": 0.9647239263803681,
        "MRR": 0.7670048516382869
    },
    "Test": {
        "H@1": 0.6051437216338881,
        "H@3": 0.8774583963691377,
        "H@10": 0.9720121028744326,
        "MRR": 0.7508154739842906
    }
}