{
    "Test": {
        "H@1": 0.4826021180030257,
        "H@3": 0.7186081694402421,
        "H@10": 0.8956127080181543,
        "MRR": 0.6227491504920666
    }
}