{
    "Train": {
        "H@1": 0.7427028051554208,
        "H@3": 0.9544162244124337,
        "H@10": 0.9946929492039424,
        "MRR": 0.8502100794438667
    },
    "Val": {
        "H@1": 0.6096625766871165,
        "H@3": 0.8627300613496932,
        "H@10": 0.9470858895705522,
        "MRR": 0.7441011689491065
    },
    "Test": {
        "H@1": 0.6043872919818457,
        "H@3": 0.8819969742813918,
        "H@10": 0.9576399394856279,
        "MRR": 0.7481580906944528
    }
}