{
    "Test": {
        "H@1": 0.572139303482587,
        "H@3": 0.8208955223880597,
        "H@10": 0.9950248756218906,
        "MRR": 0.7111369559130755
    }
}