{
    "Test": {
        "H@1": 0.6883509833585476,
        "H@3": 0.8124054462934948,
        "H@10": 0.9379727685325264,
        "MRR": 0.7706895443997118
    }
}