{
    "Test": {
        "H@1": 0.6671709531013615,
        "H@3": 0.8925869894099848,
        "H@10": 0.9667170953101362,
        "MRR": 0.7871986300757452
    }
}