{
    "Test": {
        "H@1": 0.36405959031657353,
        "H@3": 0.590316573556797,
        "H@10": 0.866852886405959,
        "MRR": 0.5198684117297335
    }
}