{
    "Train": {
        "H@1": 0.8587039877300614,
        "H@3": 0.977760736196319,
        "H@10": 0.9968366564417178,
        "MRR": 0.9189775529069564
    },
    "Val": {
        "H@1": 0.6242331288343558,
        "H@3": 0.8328220858895705,
        "H@10": 0.941717791411043,
        "MRR": 0.7457219840339475
    },
    "Test": {
        "H@1": 0.6444780635400907,
        "H@3": 0.8532526475037822,
        "H@10": 0.9508320726172466,
        "MRR": 0.7607411559478086
    }
}