{
    "Train": {
        "H@1": 0.7797162576687117,
        "H@3": 0.9716257668711656,
        "H@10": 0.9968366564417178,
        "MRR": 0.8759241844046957
    },
    "Val": {
        "H@1": 0.6418711656441718,
        "H@3": 0.8773006134969326,
        "H@10": 0.9601226993865031,
        "MRR": 0.7702323839634893
    },
    "Test": {
        "H@1": 0.6626323751891074,
        "H@3": 0.9069591527987897,
        "H@10": 0.9697428139183056,
        "MRR": 0.7919303175190928
    }
}