{
    "Train": {
        "H@1": 0.9049079754601227,
        "H@3": 0.9936733128834356,
        "H@10": 0.9992331288343558,
        "MRR": 0.9491147175081224
    },
    "Val": {
        "H@1": 0.7108895705521472,
        "H@3": 0.9072085889570553,
        "H@10": 0.9785276073619632,
        "MRR": 0.8187014378360195
    },
    "Test": {
        "H@1": 0.7231467473524962,
        "H@3": 0.9236006051437217,
        "H@10": 0.983358547655068,
        "MRR": 0.8296300994606756
    }
}