{
    "Train": {
        "H@1": 0.88142254601227,
        "H@3": 0.9758435582822086,
        "H@10": 0.9958780674846626,
        "MRR": 0.9297139498992164
    },
    "Val": {
        "H@1": 0.6411042944785276,
        "H@3": 0.8274539877300614,
        "H@10": 0.9363496932515337,
        "MRR": 0.7477664260271942
    },
    "Test": {
        "H@1": 0.6588502269288956,
        "H@3": 0.8381240544629349,
        "H@10": 0.9334341906202723,
        "MRR": 0.7630593609584962
    }
}