{
    "Train": {
        "H@1": 0.9338573619631901,
        "H@3": 0.9965490797546013,
        "H@10": 0.999808282208589,
        "MRR": 0.9650677894447068
    },
    "Val": {
        "H@1": 0.6978527607361963,
        "H@3": 0.9156441717791411,
        "H@10": 0.9754601226993865,
        "MRR": 0.8119062530597715
    },
    "Test": {
        "H@1": 0.7110438729198184,
        "H@3": 0.9107413010590015,
        "H@10": 0.9788199697428139,
        "MRR": 0.8199815891515417
    }
}