{
    "Test": {
        "H@1": 0.6792738275340393,
        "H@3": 0.8139183055975794,
        "H@10": 0.9319213313161876,
        "MRR": 0.7675661478232685
    }
}