{
    "Test": {
        "H@1": 0.4266263237518911,
        "H@3": 0.7261724659606656,
        "H@10": 0.903177004538578,
        "MRR": 0.5976290891432116
    }
}