{
    "Test": {
        "H@1": 0.4795763993948563,
        "H@3": 0.7760968229954615,
        "H@10": 0.9349470499243571,
        "MRR": 0.6458834752590888
    }
}