{
    "Test": {
        "H@1": 0.4478584729981378,
        "H@3": 0.7867783985102421,
        "H@10": 0.9432029795158287,
        "MRR": 0.632718543298214
    }
}