{
    "Test": {
        "H@1": 0.568901303538175,
        "H@3": 0.8258845437616388,
        "H@10": 0.9581005586592178,
        "MRR": 0.7117331966389707
    }
}