{
    "Test": {
        "H@1": 0.5022692889561271,
        "H@3": 0.7518910741301059,
        "H@10": 0.9379727685325264,
        "MRR": 0.6523107515450374
    }
}