{
    "Test": {
        "H@1": 0.6191806331471136,
        "H@3": 0.8500931098696461,
        "H@10": 0.9767225325884544,
        "MRR": 0.7493862874822294
    }
}