{
    "Test": {
        "H@1": 0.44780635400907715,
        "H@3": 0.7518910741301059,
        "H@10": 0.9319213313161876,
        "MRR": 0.6247982212538351
    }
}