{
    "Test": {
        "H@1": 0.5621890547263682,
        "H@3": 0.7960199004975125,
        "H@10": 0.9900497512437811,
        "MRR": 0.6997611150596226
    }
}