{
    "Test": {
        "H@1": 0.7549167927382754,
        "H@3": 0.9198184568835098,
        "H@10": 0.9697428139183056,
        "MRR": 0.8431282852172134
    }
}