{
    "Test": {
        "H@1": 0.6142208774583964,
        "H@3": 0.8502269288956127,
        "H@10": 0.9576399394856279,
        "MRR": 0.7463715444884755
    }
}