{
    "Test": {
        "H@1": 0.43781094527363185,
        "H@3": 0.7661691542288557,
        "H@10": 0.9701492537313433,
        "MRR": 0.6258215250752563
    }
}