{
    "Test": {
        "H@1": 0.5323383084577115,
        "H@3": 0.8009950248756219,
        "H@10": 0.9651741293532339,
        "MRR": 0.6870470187634367
    }
}