{
    "Test": {
        "H@1": 0.5688350983358548,
        "H@3": 0.8441754916792739,
        "H@10": 0.962178517397882,
        "MRR": 0.7196535631853747
    }
}