{
    "Test": {
        "H@1": 0.4508320726172466,
        "H@3": 0.8169440242057489,
        "H@10": 0.9576399394856279,
        "MRR": 0.6440979041760875
    }
}