{
    "Train": {
        "H@1": 0.7033483822422875,
        "H@3": 0.9313393528969149,
        "H@10": 0.9902182091798345,
        "MRR": 0.821874714242799
    },
    "Val": {
        "H@1": 0.6142638036809815,
        "H@3": 0.848159509202454,
        "H@10": 0.9532208588957055,
        "MRR": 0.7430886461054795
    },
    "Test": {
        "H@1": 0.624054462934947,
        "H@3": 0.8600605143721634,
        "H@10": 0.9614220877458396,
        "MRR": 0.754356900469829
    }
}