{
    "Test": {
        "H@1": 0.4975124378109453,
        "H@3": 0.7761194029850746,
        "H@10": 0.9800995024875622,
        "MRR": 0.6599253013432118
    }
}