{
    "Train": {
        "H@1": 0.21794617141722117,
        "H@3": 0.4011321879034661,
        "H@10": 0.6085509981130202,
        "MRR": 0.3496524226562063
    },
    "Val": {
        "H@1": 0.34049079754601225,
        "H@3": 0.5943251533742331,
        "H@10": 0.8305214723926381,
        "MRR": 0.5019602571180785
    },
    "Test": {
        "H@1": 0.3373676248108926,
        "H@3": 0.6059001512859304,
        "H@10": 0.8388804841149773,
        "MRR": 0.5047597769138495
    }
}