{
    "Train": {
        "H@1": 0.7439117199391172,
        "H@3": 0.9556697108066972,
        "H@10": 0.9969558599695586,
        "MRR": 0.8535135335554999
    },
    "Val": {
        "H@1": 0.6073619631901841,
        "H@3": 0.8803680981595092,
        "H@10": 0.963957055214724,
        "MRR": 0.753943874037797
    },
    "Test": {
        "H@1": 0.6111951588502269,
        "H@3": 0.8895612708018155,
        "H@10": 0.9667170953101362,
        "MRR": 0.7595968751597425
    }
}