{
    "Test": {
        "H@1": 0.5124378109452736,
        "H@3": 0.7960199004975125,
        "H@10": 0.9850746268656716,
        "MRR": 0.673694713246952
    }
}