{
    "Test": {
        "H@1": 0.5409683426443203,
        "H@3": 0.8249534450651769,
        "H@10": 0.9674115456238361,
        "MRR": 0.6958048499484392
    }
}