{
    "Test": {
        "H@1": 0.5476550680786687,
        "H@3": 0.8502269288956127,
        "H@10": 0.9485627836611196,
        "MRR": 0.7083090441958269
    }
}