{
    "Test": {
        "H@1": 0.7004538577912254,
        "H@3": 0.897125567322239,
        "H@10": 0.9606656580937972,
        "MRR": 0.8049644027621625
    }
}