{
    "Test": {
        "H@1": 0.6656580937972768,
        "H@3": 0.8819969742813918,
        "H@10": 0.9394856278366112,
        "MRR": 0.7766684374980053
    }
}