{
    "Test": {
        "H@1": 0.48756218905472637,
        "H@3": 0.7761194029850746,
        "H@10": 0.9950248756218906,
        "MRR": 0.6577568506672984
    }
}