{
    "Test": {
        "H@1": 0.27001862197392923,
        "H@3": 0.5363128491620112,
        "H@10": 0.8556797020484171,
        "MRR": 0.45237675040071135
    }
}