{
    "Test": {
        "H@1": 0.5940409683426443,
        "H@3": 0.8361266294227188,
        "H@10": 0.9692737430167597,
        "MRR": 0.728866863662663
    }
}