{
    "Test": {
        "H@1": 0.6232980332829047,
        "H@3": 0.8850226928895613,
        "H@10": 0.9576399394856279,
        "MRR": 0.7550889030382487
    }
}