{
    "Test": {
        "H@1": 0.4183055975794251,
        "H@3": 0.6845688350983359,
        "H@10": 0.9009077155824509,
        "MRR": 0.5804312880122489
    }
}