{
    "Test": {
        "H@1": 0.6959152798789713,
        "H@3": 0.8335854765506808,
        "H@10": 0.9425113464447806,
        "MRR": 0.7782084875274151
    }
}