{
    "Test": {
        "H@1": 0.19364599092284418,
        "H@3": 0.4281391830559758,
        "H@10": 0.7004538577912254,
        "MRR": 0.3544378954248459
    }
}