{
    "Test": {
        "H@1": 0.7473524962178517,
        "H@3": 0.9062027231467473,
        "H@10": 0.9697428139183056,
        "MRR": 0.8319825805784508
    }
}