{
    "Test": {
        "H@1": 0.4856278366111952,
        "H@3": 0.7806354009077155,
        "H@10": 0.9273827534039334,
        "MRR": 0.6486148116949405
    }
}