{
    "Test": {
        "H@1": 0.6762481089258698,
        "H@3": 0.9107413010590015,
        "H@10": 0.9712556732223904,
        "MRR": 0.7981794730328693
    }
}