{
    "Test": {
        "H@1": 0.582089552238806,
        "H@3": 0.7661691542288557,
        "H@10": 0.9850746268656716,
        "MRR": 0.7041321724157544
    }
}