{
    "Test": {
        "H@1": 0.6069651741293532,
        "H@3": 0.8308457711442786,
        "H@10": 0.9900497512437811,
        "MRR": 0.7334751760124896
    }
}