{
    "Test": {
        "H@1": 0.5869894099848714,
        "H@3": 0.8350983358547656,
        "H@10": 0.9485627836611196,
        "MRR": 0.7188829210155073
    }
}