{
    "Train": {
        "H@1": 0.4111388036809816,
        "H@3": 0.7623657975460123,
        "H@10": 0.9652990797546013,
        "MRR": 0.606885692897361
    },
    "Val": {
        "H@1": 0.3220858895705521,
        "H@3": 0.6533742331288344,
        "H@10": 0.9133435582822086,
        "MRR": 0.5188083227250893
    },
    "Test": {
        "H@1": 0.31316187594553707,
        "H@3": 0.6618759455370651,
        "H@10": 0.9288956127080181,
        "MRR": 0.5191791361613699
    }
}