{
    "Train": {
        "H@1": 0.7015395381385584,
        "H@3": 0.908852344296711,
        "H@10": 0.9865290412876138,
        "MRR": 0.8129297159913116
    },
    "Val": {
        "H@1": 0.6111963190184049,
        "H@3": 0.8374233128834356,
        "H@10": 0.9516871165644172,
        "MRR": 0.7384275794448496
    },
    "Test": {
        "H@1": 0.6459909228441755,
        "H@3": 0.8797276853252648,
        "H@10": 0.9667170953101362,
        "MRR": 0.7736431734395545
    }
}