{
    "Train": {
        "H@1": 0.553680981595092,
        "H@3": 0.8742331288343558,
        "H@10": 0.9884969325153374,
        "MRR": 0.7211103909329257
    },
    "Val": {
        "H@1": 0.46319018404907975,
        "H@3": 0.7691717791411042,
        "H@10": 0.9363496932515337,
        "MRR": 0.6338468165953652
    },
    "Test": {
        "H@1": 0.4409984871406959,
        "H@3": 0.7987897125567323,
        "H@10": 0.9553706505295008,
        "MRR": 0.6327642295785024
    }
}