{
    "Test": {
        "H@1": 0.5355521936459909,
        "H@3": 0.8456883509833586,
        "H@10": 0.9591527987897126,
        "MRR": 0.7025213784479144
    }
}