{
    "Test": {
        "H@1": 0.5642965204236006,
        "H@3": 0.8608169440242057,
        "H@10": 0.9667170953101362,
        "MRR": 0.7200728707419081
    }
}