{
    "Test": {
        "H@1": 0.6777609682299546,
        "H@3": 0.8880484114977307,
        "H@10": 0.9576399394856279,
        "MRR": 0.7889865223893417
    }
}