{
    "Test": {
        "H@1": 0.5718608169440242,
        "H@3": 0.8744326777609682,
        "H@10": 0.9712556732223904,
        "MRR": 0.7257171754506703
    }
}