{
    "Train": {
        "H@1": 0.6044861963190185,
        "H@3": 0.8943634969325154,
        "H@10": 0.9899348159509203,
        "MRR": 0.7552152845612959
    },
    "Val": {
        "H@1": 0.48006134969325154,
        "H@3": 0.7898773006134969,
        "H@10": 0.9570552147239264,
        "MRR": 0.6517131126539345
    },
    "Test": {
        "H@1": 0.4863842662632375,
        "H@3": 0.8229954614220878,
        "H@10": 0.962178517397882,
        "MRR": 0.6657448421361005
    }
}