{
    "Test": {
        "H@1": 0.3681592039800995,
        "H@3": 0.6616915422885572,
        "H@10": 0.9751243781094527,
        "MRR": 0.554252602013796
    }
}