{
    "Test": {
        "H@1": 0.5748865355521936,
        "H@3": 0.8396369137670197,
        "H@10": 0.9591527987897126,
        "MRR": 0.7210880617864466
    }
}