{
    "Test": {
        "H@1": 0.45537065052950076,
        "H@3": 0.7776096822995462,
        "H@10": 0.9319213313161876,
        "MRR": 0.635077525414346
    }
}