{
    "Test": {
        "H@1": 0.46444780635400906,
        "H@3": 0.789712556732224,
        "H@10": 0.9379727685325264,
        "MRR": 0.6460727601884038
    }
}