{
    "Test": {
        "H@1": 0.5718608169440242,
        "H@3": 0.8411497730711044,
        "H@10": 0.9500756429652042,
        "MRR": 0.7166818933333381
    }
}