{
    "Test": {
        "H@1": 0.6550680786686838,
        "H@3": 0.8139183055975794,
        "H@10": 0.9258698940998488,
        "MRR": 0.7522979979398641
    }
}