{
    "Test": {
        "H@1": 0.4583963691376702,
        "H@3": 0.6921331316187594,
        "H@10": 0.8986384266263238,
        "MRR": 0.6060192469199646
    }
}