{
    "Test": {
        "H@1": 0.6142208774583964,
        "H@3": 0.8850226928895613,
        "H@10": 0.9561270801815431,
        "MRR": 0.7539534473486941
    }
}