{
    "Test": {
        "H@1": 0.670196671709531,
        "H@3": 0.8290468986384266,
        "H@10": 0.9409984871406959,
        "MRR": 0.7650651457398903
    }
}