{
    "Test": {
        "H@1": 0.735249621785174,
        "H@3": 0.9092284417549168,
        "H@10": 0.9697428139183056,
        "MRR": 0.830415310665945
    }
}