{
    "Test": {
        "H@1": 0.4129353233830846,
        "H@3": 0.7860696517412935,
        "H@10": 0.9800995024875622,
        "MRR": 0.6208739850530895
    }
}