{
    "Train": {
        "H@1": 0.7854955989284348,
        "H@3": 0.9668962877918101,
        "H@10": 0.9977037887485649,
        "MRR": 0.8778725843818526
    },
    "Val": {
        "H@1": 0.6618098159509203,
        "H@3": 0.8903374233128835,
        "H@10": 0.9647239263803681,
        "MRR": 0.784196231539913
    },
    "Test": {
        "H@1": 0.6580937972768532,
        "H@3": 0.8993948562783661,
        "H@10": 0.9742813918305597,
        "MRR": 0.7846075753353156
    }
}