{
    "Test": {
        "H@1": 0.41074130105900153,
        "H@3": 0.6588502269288956,
        "H@10": 0.875945537065053,
        "MRR": 0.5651352565827029
    }
}