{
    "Test": {
        "H@1": 0.5422885572139303,
        "H@3": 0.8059701492537313,
        "H@10": 0.9900497512437811,
        "MRR": 0.6869957571450108
    }
}