{
    "Train": {
        "H@1": 0.5782015395381386,
        "H@3": 0.857592722183345,
        "H@10": 0.9676347095871238,
        "MRR": 0.730895319741019
    },
    "Val": {
        "H@1": 0.5115030674846626,
        "H@3": 0.7998466257668712,
        "H@10": 0.9317484662576687,
        "MRR": 0.6752912395485148
    },
    "Test": {
        "H@1": 0.5090771558245083,
        "H@3": 0.81089258698941,
        "H@10": 0.943267776096823,
        "MRR": 0.6768575995902055
    }
}