{
    "Test": {
        "H@1": 0.5875232774674115,
        "H@3": 0.8361266294227188,
        "H@10": 0.962756052141527,
        "MRR": 0.728772227397558
    }
}