{
    "Test": {
        "H@1": 0.4069591527987897,
        "H@3": 0.7095310136157338,
        "H@10": 0.9409984871406959,
        "MRR": 0.5848830148883293
    }
}