{
    "Test": {
        "H@1": 0.5176908752327747,
        "H@3": 0.7932960893854749,
        "H@10": 0.9608938547486033,
        "MRR": 0.6761157585684138
    }
}