{
    "Train": {
        "H@1": 0.6662293853073463,
        "H@3": 0.9410607196401799,
        "H@10": 0.9933470764617691,
        "MRR": 0.8074318573771897
    },
    "Val": {
        "H@1": 0.602760736196319,
        "H@3": 0.8918711656441718,
        "H@10": 0.9654907975460123,
        "MRR": 0.7541068255027932
    },
    "Test": {
        "H@1": 0.5915279878971256,
        "H@3": 0.8910741301059002,
        "H@10": 0.9712556732223904,
        "MRR": 0.7473928991084925
    }
}