{
    "Train": {
        "H@1": 0.7408934049079755,
        "H@3": 0.9620398773006135,
        "H@10": 0.9964532208588958,
        "MRR": 0.8525194349626201
    },
    "Val": {
        "H@1": 0.6487730061349694,
        "H@3": 0.8803680981595092,
        "H@10": 0.9608895705521472,
        "MRR": 0.7750246429238602
    },
    "Test": {
        "H@1": 0.6202723146747352,
        "H@3": 0.8903177004538578,
        "H@10": 0.9636913767019667,
        "MRR": 0.7629745810200775
    }
}