{
    "Test": {
        "H@1": 0.5211800302571861,
        "H@3": 0.7276853252647504,
        "H@10": 0.9167927382753404,
        "MRR": 0.6517615665612734
    }
}