{
    "Test": {
        "H@1": 0.2980332829046899,
        "H@3": 0.5037821482602118,
        "H@10": 0.7261724659606656,
        "MRR": 0.4362550215023569
    }
}