{
    "Test": {
        "H@1": 0.6256983240223464,
        "H@3": 0.8538175046554934,
        "H@10": 0.9646182495344506,
        "MRR": 0.7551383992705296
    }
}