{
    "Test": {
        "H@1": 0.4659606656580938,
        "H@3": 0.7276853252647504,
        "H@10": 0.9167927382753404,
        "MRR": 0.6233894105721146
    }
}