{
    "Test": {
        "H@1": 0.5373134328358209,
        "H@3": 0.7910447761194029,
        "H@10": 0.9950248756218906,
        "MRR": 0.6805871436468452
    }
}