{
    "Test": {
        "H@1": 0.6471135940409684,
        "H@3": 0.8575418994413407,
        "H@10": 0.9692737430167597,
        "MRR": 0.764052446077684
    }
}