{
    "Test": {
        "H@1": 0.642965204236006,
        "H@3": 0.8774583963691377,
        "H@10": 0.9742813918305597,
        "MRR": 0.7699292457044765
    }
}