{
    "Test": {
        "H@1": 0.4720121028744327,
        "H@3": 0.7821482602118003,
        "H@10": 0.9409984871406959,
        "MRR": 0.6446779025605008
    }
}