{
    "Test": {
        "H@1": 0.43267776096822996,
        "H@3": 0.708018154311649,
        "H@10": 0.9077155824508321,
        "MRR": 0.5959765598300921
    }
}