Triple Injection Ratios,0.01,0.02,0.03
Random,0.36116680464089707,0.36346159745105605,0.3655215461356958
PageRank,0.3602203006975898,0.3586675136602743,0.3606259336767387
Harmonic closeness,0.36283317233287593,0.3620696132255384,0.3643042724911682
