Triple Injection Ratios,0.01,0.02,0.03
Random,0.36646354173674384,0.3533462714940658,0.36251440183637834
PageRank,0.36311195399679225,0.36402649314952285,0.36055139635718864
Harmonic closeness,0.3629299032053068,0.3548873836650019,0.35089791333616677
