Triple Injection Ratios,0.01,0.02,0.03
Random,0.35959398095220363,0.36246631286583153,0.36036850062481657
PageRank,0.35338064087090554,0.3590613178911413,0.35326150946037127
Harmonic closeness,0.3633150849585345,0.3599439417475908,0.36144592915366713
