{
    "Test": {
        "H@1": 0.6747352496217852,
        "H@3": 0.8986384266263238,
        "H@10": 0.983358547655068,
        "MRR": 0.7957732859830329
    }
}