{
    "Test": {
        "H@1": 0.4296520423600605,
        "H@3": 0.6732223903177005,
        "H@10": 0.8789712556732224,
        "MRR": 0.5821865197333258
    }
}