{
    "Test": {
        "H@1": 0.5446293494704992,
        "H@3": 0.7428139183055976,
        "H@10": 0.9213313161875946,
        "MRR": 0.667678844483722
    }
}