{
    "Train": {
        "H@1": 0.6383248730964467,
        "H@3": 0.902102973168963,
        "H@10": 0.9852248005801305,
        "MRR": 0.7787586358348625
    },
    "Val": {
        "H@1": 0.5383435582822086,
        "H@3": 0.8305214723926381,
        "H@10": 0.9455521472392638,
        "MRR": 0.6990106564557351
    },
    "Test": {
        "H@1": 0.5438729198184569,
        "H@3": 0.8320726172465961,
        "H@10": 0.9508320726172466,
        "MRR": 0.7026809369329953
    }
}