{
    "Train": {
        "H@1": 0.009699057287889775,
        "H@3": 0.03245105148658448,
        "H@10": 0.08194343727338652,
        "MRR": 0.04770587584399857
    },
    "Val": {
        "H@1": 0.009202453987730062,
        "H@3": 0.028374233128834355,
        "H@10": 0.07668711656441718,
        "MRR": 0.04619783671195435
    },
    "Test": {
        "H@1": 0.0113464447806354,
        "H@3": 0.036308623298033284,
        "H@10": 0.09984871406959153,
        "MRR": 0.05285535392419781
    }
}