{
    "Test": {
        "H@1": 0.670196671709531,
        "H@3": 0.8819969742813918,
        "H@10": 0.9546142208774584,
        "MRR": 0.7849678720152217
    }
}