{
    "Test": {
        "H@1": 0.5446293494704992,
        "H@3": 0.8804841149773072,
        "H@10": 0.9636913767019667,
        "MRR": 0.7155376400653467
    }
}