{
    "Train": {
        "H@1": 0.6769555214723927,
        "H@3": 0.9337615030674846,
        "H@10": 0.9926188650306749,
        "MRR": 0.8067839638968606
    },
    "Val": {
        "H@1": 0.5598159509202454,
        "H@3": 0.8404907975460123,
        "H@10": 0.9394171779141104,
        "MRR": 0.7085433678153789
    },
    "Test": {
        "H@1": 0.5695915279878971,
        "H@3": 0.8600605143721634,
        "H@10": 0.9583963691376702,
        "MRR": 0.7216177691478054
    }
}