{
    "Test": {
        "H@1": 0.6036308623298033,
        "H@3": 0.7806354009077155,
        "H@10": 0.9288956127080181,
        "MRR": 0.7136670448795416
    }
}