{
    "Train": {
        "H@1": 0.7478244419220582,
        "H@3": 0.9615020809685962,
        "H@10": 0.9960272417707151,
        "MRR": 0.8563822211077046
    },
    "Val": {
        "H@1": 0.6464723926380368,
        "H@3": 0.8888036809815951,
        "H@10": 0.9593558282208589,
        "MRR": 0.7753711259276239
    },
    "Test": {
        "H@1": 0.6361573373676248,
        "H@3": 0.8986384266263238,
        "H@10": 0.9591527987897126,
        "MRR": 0.7743792142697048
    }
}