{
    "Test": {
        "H@1": 0.5007564296520424,
        "H@3": 0.81089258698941,
        "H@10": 0.9531013615733737,
        "MRR": 0.6644161230256659
    }
}