{
    "Test": {
        "H@1": 0.4977307110438729,
        "H@3": 0.7186081694402421,
        "H@10": 0.9107413010590015,
        "MRR": 0.6316110872889199
    }
}