{
    "Test": {
        "H@1": 0.6626323751891074,
        "H@3": 0.8290468986384266,
        "H@10": 0.9273827534039334,
        "MRR": 0.7611640477538762
    }
}