{
    "Train": {
        "H@1": 0.1879274457329765,
        "H@3": 0.391812865497076,
        "H@10": 0.6081871345029239,
        "MRR": 0.3312481887599377
    },
    "Val": {
        "H@1": 0.24846625766871167,
        "H@3": 0.5567484662576687,
        "H@10": 0.8136503067484663,
        "MRR": 0.4390248347233411
    },
    "Test": {
        "H@1": 0.2579425113464448,
        "H@3": 0.5869894099848714,
        "H@10": 0.8350983358547656,
        "MRR": 0.4559529924587504
    }
}