{
    "Test": {
        "H@1": 0.6656580937972768,
        "H@3": 0.8804841149773072,
        "H@10": 0.9652042360060514,
        "MRR": 0.7817566933355599
    }
}