{
    "Test": {
        "H@1": 0.417910447761194,
        "H@3": 0.7412935323383084,
        "H@10": 0.9850746268656716,
        "MRR": 0.6128206922983043
    }
}