{
    "Test": {
        "H@1": 0.6747352496217852,
        "H@3": 0.8729198184568835,
        "H@10": 0.9788199697428139,
        "MRR": 0.7871159879311401
    }
}