{
    "Test": {
        "H@1": 0.5098335854765507,
        "H@3": 0.848714069591528,
        "H@10": 0.9742813918305597,
        "MRR": 0.686410441367814
    }
}