{
    "Test": {
        "H@1": 0.5779122541603631,
        "H@3": 0.8532526475037822,
        "H@10": 0.9500756429652042,
        "MRR": 0.7197025133892595
    }
}