{
    "Test": {
        "H@1": 0.7367624810892587,
        "H@3": 0.9167927382753404,
        "H@10": 0.9652042360060514,
        "MRR": 0.8340228883061616
    }
}