{
    "Test": {
        "H@1": 0.4599092284417549,
        "H@3": 0.7579425113464447,
        "H@10": 0.9183055975794251,
        "MRR": 0.6281040639364752
    }
}