{
    "Test": {
        "H@1": 0.4826021180030257,
        "H@3": 0.794251134644478,
        "H@10": 0.9561270801815431,
        "MRR": 0.654044546983383
    }
}