{
    "Test": {
        "H@1": 0.6369137670196672,
        "H@3": 0.8638426626323752,
        "H@10": 0.9485627836611196,
        "MRR": 0.7592728909986546
    }
}