{
    "Test": {
        "H@1": 0.6354009077155824,
        "H@3": 0.8562783661119516,
        "H@10": 0.9546142208774584,
        "MRR": 0.756420001843933
    }
}