{
    "Test": {
        "H@1": 0.4720121028744327,
        "H@3": 0.81089258698941,
        "H@10": 0.9531013615733737,
        "MRR": 0.6494706750290479
    }
}