{
    "Test": {
        "H@1": 0.4114977307110439,
        "H@3": 0.7503782148260212,
        "H@10": 0.9288956127080181,
        "MRR": 0.6036893543743704
    }
}