{
    "Test": {
        "H@1": 0.4833585476550681,
        "H@3": 0.7246596066565809,
        "H@10": 0.905446293494705,
        "MRR": 0.628557096511776
    }
}