{
    "Test": {
        "H@1": 0.6354009077155824,
        "H@3": 0.8744326777609682,
        "H@10": 0.9652042360060514,
        "MRR": 0.7611652678976993
    }
}