{
    "Test": {
        "H@1": 0.6187594553706506,
        "H@3": 0.8623298033282905,
        "H@10": 0.9652042360060514,
        "MRR": 0.7527510881353628
    }
}