{
    "Test": {
        "H@1": 0.3888048411497731,
        "H@3": 0.7291981845688351,
        "H@10": 0.9319213313161876,
        "MRR": 0.58107435821157
    }
}