{
    "Train": {
        "H@1": 0.6815868827742179,
        "H@3": 0.9331888428194497,
        "H@10": 0.9926498303807011,
        "MRR": 0.8123586396103128
    },
    "Val": {
        "H@1": 0.5751533742331288,
        "H@3": 0.8504601226993865,
        "H@10": 0.9555214723926381,
        "MRR": 0.7256511514075201
    },
    "Test": {
        "H@1": 0.5476550680786687,
        "H@3": 0.8524962178517398,
        "H@10": 0.9561270801815431,
        "MRR": 0.7111024665316478
    }
}