{
    "Train": {
        "H@1": 0.7023205221174764,
        "H@3": 0.9318346627991299,
        "H@10": 0.9889412617839014,
        "MRR": 0.8221021346880795
    },
    "Val": {
        "H@1": 0.5989263803680982,
        "H@3": 0.8642638036809815,
        "H@10": 0.9624233128834356,
        "MRR": 0.7421292561874212
    },
    "Test": {
        "H@1": 0.6013615733736762,
        "H@3": 0.8804841149773072,
        "H@10": 0.9667170953101362,
        "MRR": 0.7501887396849066
    }
}