{
    "Test": {
        "H@1": 0.47392923649906893,
        "H@3": 0.7821229050279329,
        "H@10": 0.9553072625698324,
        "MRR": 0.6452247102578847
    }
}