Triple Injection Ratios,0.01,0.02,0.03
Random,0.25567170722513977,0.24327123003359363,0.25985015558002217
PageRank,0.24518776401424786,0.25542927751875394,0.23523565160075266
Harmonic closeness,0.25737671758459413,0.256282979337614,0.24201632361205017
