Triple Injection Ratios,0.01,0.02,0.03
Random,0.2429174671252266,0.25682432430686475,0.26237301830358994
PageRank,0.2596061121087007,0.25213559940060754,0.2451770874961635
Harmonic closeness,0.26673647589386745,0.2517662861046491,0.24947843553964083
