Triple Injection Ratios,0.01,0.02,0.03
Random,0.2660938093016705,0.2532381800011209,0.2646465657525109
PageRank,0.24167107093444448,0.24777122699611845,0.24433477346081775
Harmonic closeness,0.243142761500737,0.2557844376002462,0.24852867516746255
