{
    "Test": {
        "H@1": 0.5340393343419062,
        "H@3": 0.8638426626323752,
        "H@10": 0.9742813918305597,
        "MRR": 0.7088395203044429
    }
}