Triple Injection Ratios,0.01,0.02,0.03
Random,0.4616471194972276,0.4640550564708121,0.3885329041323732
Closeness,0.2950548810738623,0.19815287794895833,0.4386101567882818
Betweenness,0.4334126040525185,0.3718162748617862,0.3567174915095725
