Triple Injection Ratios,0.01,0.02,0.03
Random,0.4701676478041983,0.4381433855740489,0.4756727396383688
Closeness,0.3420490506102379,0.13505240875304603,0.37641373507911285
Betweenness,0.37597423931601176,0.39606764615088996,0.3016448962729163
