Triple Injection Ratios,0.01,0.02,0.03
Random,0.4205256311987747,0.45008677250845974,0.4011473947434631
Closeness,0.3529980322566343,0.13536793749991108,0.3773967677678187
Betweenness,0.386989901211082,0.42892408531044723,0.2795421825628853
