{
    "Test": {
        "H@1": 0.5782122905027933,
        "H@3": 0.8389199255121043,
        "H@10": 0.9711359404096834,
        "MRR": 0.722791922277998
    }
}