{
    "Test": {
        "H@1": 0.6944024205748865,
        "H@3": 0.8275340393343419,
        "H@10": 0.9470499243570348,
        "MRR": 0.7751959795109598
    }
}