{
    "Train": {
        "H@1": 0.7037830786433097,
        "H@3": 0.936358553857622,
        "H@10": 0.9921729407379799,
        "MRR": 0.8242612683003504
    },
    "Val": {
        "H@1": 0.6265337423312883,
        "H@3": 0.8619631901840491,
        "H@10": 0.9585889570552147,
        "MRR": 0.756708017790243
    },
    "Test": {
        "H@1": 0.6059001512859304,
        "H@3": 0.8782148260211801,
        "H@10": 0.9606656580937972,
        "MRR": 0.7503472581130445
    }
}