{
    "Test": {
        "H@1": 0.6444780635400907,
        "H@3": 0.9107413010590015,
        "H@10": 0.9803328290468987,
        "MRR": 0.7814559500669248
    }
}