{
    "Test": {
        "H@1": 0.5476550680786687,
        "H@3": 0.8638426626323752,
        "H@10": 0.9682299546142209,
        "MRR": 0.7083728349364228
    }
}