{
    "Test": {
        "H@1": 0.6641452344931922,
        "H@3": 0.9077155824508321,
        "H@10": 0.9742813918305597,
        "MRR": 0.7921349539731632
    }
}