{
    "Test": {
        "H@1": 0.4962756052141527,
        "H@3": 0.7793296089385475,
        "H@10": 0.962756052141527,
        "MRR": 0.6599405859364788
    }
}