{
    "Test": {
        "H@1": 0.5249621785173979,
        "H@3": 0.8290468986384266,
        "H@10": 0.9304084720121029,
        "MRR": 0.6821527212929217
    }
}