{
    "Test": {
        "H@1": 0.4296520423600605,
        "H@3": 0.75642965204236,
        "H@10": 0.9500756429652042,
        "MRR": 0.6107613329554329
    }
}