{
    "Train": {
        "H@1": 0.6331828442437923,
        "H@3": 0.8913656884875847,
        "H@10": 0.9795899172310008,
        "MRR": 0.7717360290676527
    },
    "Val": {
        "H@1": 0.5644171779141104,
        "H@3": 0.8320552147239264,
        "H@10": 0.9501533742331288,
        "MRR": 0.7134919271534516
    },
    "Test": {
        "H@1": 0.5514372163388804,
        "H@3": 0.8290468986384266,
        "H@10": 0.9455370650529501,
        "MRR": 0.7031025612790984
    }
}