{
    "Test": {
        "H@1": 0.4975124378109453,
        "H@3": 0.7761194029850746,
        "H@10": 0.9651741293532339,
        "MRR": 0.6548190891474474
    }
}