{
    "Test": {
        "H@1": 0.6006051437216339,
        "H@3": 0.8729198184568835,
        "H@10": 0.9500756429652042,
        "MRR": 0.7390725304499818
    }
}