{
    "Test": {
        "H@1": 0.35661080074487894,
        "H@3": 0.5865921787709497,
        "H@10": 0.8891992551210428,
        "MRR": 0.5157529742672489
    }
}