{
    "Test": {
        "H@1": 0.5074626865671642,
        "H@3": 0.8159203980099502,
        "H@10": 0.9950248756218906,
        "MRR": 0.6771718607539502
    }
}