Triple Injection Ratios,0.01,0.02,0.03
Random,0.3543439344120865,0.34535699165067635,0.35183621706957247
Closeness,0.3620708616027972,0.35373476422282657,0.35198857557391744
Betweenness,0.35645362032844863,0.35798286526846285,0.3588302646789607
