Triple Injection Ratios,0.01,0.02,0.03
Random,0.36029542018998634,0.35955597643671744,0.353385081600669
Closeness,0.35686891248860764,0.36524050683035375,0.35895112569272847
Betweenness,0.36105822593580766,0.3565295400279557,0.35220788077748877
