Triple Injection Ratios,0.01,0.02,0.03
Random,0.3545529176781907,0.35415795386790455,0.3406993337752514
Closeness,0.35429313393501,0.35489452648704845,0.3547731854991857
Betweenness,0.35078673805686683,0.3526034512422381,0.3572867790698708
