{
    "Test": {
        "H@1": 0.6293494704992436,
        "H@3": 0.9016641452344932,
        "H@10": 0.9697428139183056,
        "MRR": 0.7659998108649009
    }
}