{
    "Train": {
        "H@1": 0.6684744576627012,
        "H@3": 0.8898705388383485,
        "H@10": 0.9746326102169349,
        "MRR": 0.788659241622679
    },
    "Val": {
        "H@1": 0.5897239263803681,
        "H@3": 0.8289877300613497,
        "H@10": 0.9539877300613497,
        "MRR": 0.7243593954586708
    },
    "Test": {
        "H@1": 0.5915279878971256,
        "H@3": 0.840393343419062,
        "H@10": 0.9515885022692889,
        "MRR": 0.7285743296906227
    }
}