{
    "Train": {
        "H@1": 0.6909682357443552,
        "H@3": 0.9323574435514734,
        "H@10": 0.9851703023344814,
        "MRR": 0.8149955376687972
    },
    "Val": {
        "H@1": 0.5966257668711656,
        "H@3": 0.8466257668711656,
        "H@10": 0.9424846625766872,
        "MRR": 0.7331207522225242
    },
    "Test": {
        "H@1": 0.5983358547655068,
        "H@3": 0.869894099848714,
        "H@10": 0.9478063540090772,
        "MRR": 0.7431240915948851
    }
}