{
    "Test": {
        "H@1": 0.4069591527987897,
        "H@3": 0.7745839636913767,
        "H@10": 0.9364599092284418,
        "MRR": 0.6066480358032033
    }
}