{
    "Train": {
        "H@1": 0.6166602760736196,
        "H@3": 0.9095092024539877,
        "H@10": 0.9943443251533742,
        "MRR": 0.7658612835426962
    },
    "Val": {
        "H@1": 0.49693251533742333,
        "H@3": 0.8328220858895705,
        "H@10": 0.9516871165644172,
        "MRR": 0.673980024713856
    },
    "Test": {
        "H@1": 0.5060514372163388,
        "H@3": 0.8343419062027232,
        "H@10": 0.9652042360060514,
        "MRR": 0.6797252462148806
    }
}