{
    "Test": {
        "H@1": 0.6142208774583964,
        "H@3": 0.8653555219364599,
        "H@10": 0.962178517397882,
        "MRR": 0.7470695170109692
    }
}