{
    "Test": {
        "H@1": 0.39664804469273746,
        "H@3": 0.6210428305400373,
        "H@10": 0.8649906890130353,
        "MRR": 0.545674511315764
    }
}