{
    "Test": {
        "H@1": 0.4795763993948563,
        "H@3": 0.7912254160363086,
        "H@10": 0.962178517397882,
        "MRR": 0.6519730172663603
    }
}