{
    "Test": {
        "H@1": 0.43781094527363185,
        "H@3": 0.8059701492537313,
        "H@10": 0.9900497512437811,
        "MRR": 0.6359772206787132
    }
}