{
    "Test": {
        "H@1": 0.5456238361266295,
        "H@3": 0.8128491620111732,
        "H@10": 0.952513966480447,
        "MRR": 0.695189626081108
    }
}