{
    "Test": {
        "H@1": 0.4925373134328358,
        "H@3": 0.8059701492537313,
        "H@10": 0.9850746268656716,
        "MRR": 0.6678671936134623
    }
}