{
    "Test": {
        "H@1": 0.5869894099848714,
        "H@3": 0.8472012102874432,
        "H@10": 0.9288956127080181,
        "MRR": 0.7220841191288969
    }
}