{
    "Train": {
        "H@1": 0.6673696319018405,
        "H@3": 0.9543711656441718,
        "H@10": 0.9966449386503068,
        "MRR": 0.811196972974804
    },
    "Val": {
        "H@1": 0.5513803680981595,
        "H@3": 0.8550613496932515,
        "H@10": 0.9578220858895705,
        "MRR": 0.7151564910714617
    },
    "Test": {
        "H@1": 0.56732223903177,
        "H@3": 0.8797276853252648,
        "H@10": 0.9674735249621785,
        "MRR": 0.7325803590801258
    }
}