{
    "Test": {
        "H@1": 0.5771144278606966,
        "H@3": 0.8009950248756219,
        "H@10": 0.9900497512437811,
        "MRR": 0.7094193534492041
    }
}