{
    "Test": {
        "H@1": 0.43116490166414523,
        "H@3": 0.7186081694402421,
        "H@10": 0.9062027231467473,
        "MRR": 0.5982202757897992
    }
}