{
    "Test": {
        "H@1": 0.46368715083798884,
        "H@3": 0.770949720670391,
        "H@10": 0.9599627560521415,
        "MRR": 0.6376769977747866
    }
}