{
    "Test": {
        "H@1": 0.4145234493192133,
        "H@3": 0.735249621785174,
        "H@10": 0.924357034795764,
        "MRR": 0.5941210108795488
    }
}