{
    "Test": {
        "H@1": 0.3582089552238806,
        "H@3": 0.6368159203980099,
        "H@10": 0.9303482587064676,
        "MRR": 0.5394754085052593
    }
}