{
    "Train": {
        "H@1": 0.7366054343666284,
        "H@3": 0.936758515116724,
        "H@10": 0.9903367776502104,
        "MRR": 0.8409194020027986
    },
    "Val": {
        "H@1": 0.6365030674846626,
        "H@3": 0.8473926380368099,
        "H@10": 0.9516871165644172,
        "MRR": 0.7556570792789887
    },
    "Test": {
        "H@1": 0.602874432677761,
        "H@3": 0.8547655068078669,
        "H@10": 0.9500756429652042,
        "MRR": 0.739887318208742
    }
}