{
    "Train": {
        "H@1": 0.7461291540785498,
        "H@3": 0.9596865558912386,
        "H@10": 0.995845921450151,
        "MRR": 0.8550452815189781
    },
    "Val": {
        "H@1": 0.6886503067484663,
        "H@3": 0.8888036809815951,
        "H@10": 0.9539877300613497,
        "MRR": 0.7966420617802129
    },
    "Test": {
        "H@1": 0.659606656580938,
        "H@3": 0.8986384266263238,
        "H@10": 0.9735249621785174,
        "MRR": 0.7856151646842929
    }
}