{
    "Train": {
        "H@1": 0.7254583651642476,
        "H@3": 0.9392666157372039,
        "H@10": 0.9913101604278075,
        "MRR": 0.8364655491803461
    },
    "Val": {
        "H@1": 0.5996932515337423,
        "H@3": 0.8473926380368099,
        "H@10": 0.9524539877300614,
        "MRR": 0.7375394244367239
    },
    "Test": {
        "H@1": 0.6180030257186082,
        "H@3": 0.8782148260211801,
        "H@10": 0.9659606656580938,
        "MRR": 0.7577191821099342
    }
}