{
    "Test": {
        "H@1": 0.4823091247672253,
        "H@3": 0.7951582867783985,
        "H@10": 0.962756052141527,
        "MRR": 0.6571253033867384
    }
}