{
    "Test": {
        "H@1": 0.5249621785173979,
        "H@3": 0.869894099848714,
        "H@10": 0.9773071104387292,
        "MRR": 0.6979041079701843
    }
}