{
    "Test": {
        "H@1": 0.518910741301059,
        "H@3": 0.794251134644478,
        "H@10": 0.9531013615733737,
        "MRR": 0.6764965509547962
    }
}