{
    "Test": {
        "H@1": 0.39636913767019666,
        "H@3": 0.6959152798789713,
        "H@10": 0.9334341906202723,
        "MRR": 0.5766867305051792
    }
}