{
    "Test": {
        "H@1": 0.670196671709531,
        "H@3": 0.8910741301059002,
        "H@10": 0.9652042360060514,
        "MRR": 0.7893703458308001
    }
}