{
    "Test": {
        "H@1": 0.3230912476722533,
        "H@3": 0.5763500931098696,
        "H@10": 0.861266294227188,
        "MRR": 0.49126502975113684
    }
}