{
    "Test": {
        "H@1": 0.4776536312849162,
        "H@3": 0.7942271880819367,
        "H@10": 0.9497206703910615,
        "MRR": 0.6522909470140223
    }
}