{
    "Test": {
        "H@1": 0.5158850226928896,
        "H@3": 0.7987897125567323,
        "H@10": 0.9409984871406959,
        "MRR": 0.675044559948961
    }
}