{
    "Test": {
        "H@1": 0.5113464447806354,
        "H@3": 0.8139183055975794,
        "H@10": 0.9258698940998488,
        "MRR": 0.6708064093398213
    }
}