{
    "Test": {
        "H@1": 0.48258706467661694,
        "H@3": 0.8407960199004975,
        "H@10": 0.9950248756218906,
        "MRR": 0.6676144888831456
    }
}