{
    "Train": {
        "H@1": 0.7578604294478528,
        "H@3": 0.9691334355828221,
        "H@10": 0.9974118098159509,
        "MRR": 0.8639313419101519
    },
    "Val": {
        "H@1": 0.6326687116564417,
        "H@3": 0.8934049079754601,
        "H@10": 0.9608895705521472,
        "MRR": 0.7675752382806936
    },
    "Test": {
        "H@1": 0.6338880484114977,
        "H@3": 0.8940998487140696,
        "H@10": 0.9742813918305597,
        "MRR": 0.7721884971787262
    }
}