{
    "Train": {
        "H@1": 0.7482095740670939,
        "H@3": 0.9569355446664154,
        "H@10": 0.9963249151903506,
        "MRR": 0.8549243127632048
    },
    "Val": {
        "H@1": 0.629601226993865,
        "H@3": 0.875,
        "H@10": 0.9624233128834356,
        "MRR": 0.7623078399443718
    },
    "Test": {
        "H@1": 0.6210287443267776,
        "H@3": 0.8910741301059002,
        "H@10": 0.9735249621785174,
        "MRR": 0.7648648278791914
    }
}