{
    "Test": {
        "H@1": 0.5074626865671642,
        "H@3": 0.736318407960199,
        "H@10": 0.9850746268656716,
        "MRR": 0.6571039104621195
    }
}