{
    "Test": {
        "H@1": 0.6565809379727685,
        "H@3": 0.913767019667171,
        "H@10": 0.9742813918305597,
        "MRR": 0.7898054560936401
    }
}