{
    "Test": {
        "H@1": 0.670196671709531,
        "H@3": 0.8502269288956127,
        "H@10": 0.9409984871406959,
        "MRR": 0.7685015624349201
    }
}