{
    "Test": {
        "H@1": 0.4577114427860697,
        "H@3": 0.7960199004975125,
        "H@10": 0.9950248756218906,
        "MRR": 0.6481818899729347
    }
}