{
    "Test": {
        "H@1": 0.3681592039800995,
        "H@3": 0.7661691542288557,
        "H@10": 0.9850746268656716,
        "MRR": 0.5853258957736569
    }
}