{
    "Test": {
        "H@1": 0.5310136157337367,
        "H@3": 0.81089258698941,
        "H@10": 0.9288956127080181,
        "MRR": 0.6880800510616069
    }
}