{
    "Test": {
        "H@1": 0.5537065052950075,
        "H@3": 0.8366111951588502,
        "H@10": 0.9440242057488654,
        "MRR": 0.7048218374204573
    }
}