{
    "Test": {
        "H@1": 0.5264750378214826,
        "H@3": 0.7443267776096822,
        "H@10": 0.8986384266263238,
        "MRR": 0.661335085668964
    }
}