{
    "Test": {
        "H@1": 0.5642965204236006,
        "H@3": 0.8154311649016641,
        "H@10": 0.9455370650529501,
        "MRR": 0.705377575079112
    }
}