{
    "Test": {
        "H@1": 0.7095310136157338,
        "H@3": 0.9167927382753404,
        "H@10": 0.9652042360060514,
        "MRR": 0.8134211657092104
    }
}