{
    "Train": {
        "H@1": 0.7543759512937596,
        "H@3": 0.969558599695586,
        "H@10": 0.9978120243531202,
        "MRR": 0.8627155021273001
    },
    "Val": {
        "H@1": 0.6441717791411042,
        "H@3": 0.901840490797546,
        "H@10": 0.9670245398773006,
        "MRR": 0.7796128766948127
    },
    "Test": {
        "H@1": 0.653555219364599,
        "H@3": 0.9046898638426626,
        "H@10": 0.9697428139183056,
        "MRR": 0.7865517088333837
    }
}