{
    "Test": {
        "H@1": 0.49924357034795763,
        "H@3": 0.8063540090771558,
        "H@10": 0.9531013615733737,
        "MRR": 0.6677552507808308
    }
}