{
    "Test": {
        "H@1": 0.5930408472012103,
        "H@3": 0.8835098335854765,
        "H@10": 0.9803328290468987,
        "MRR": 0.7439228161618102
    }
}