Triple Injection Ratios,0.01,0.02,0.03
Random,0.3726364064164828,0.3739474419755093,0.4274933936794262
Closeness,0.36616975929924156,0.09543746277887365,0.3680915843216069
Betweenness,0.4047799222114006,0.4006153031122758,0.31967586223663175
