Triple Injection Ratios,0.01,0.02,0.03
Random,0.4630188003148896,0.38897235753555753,0.404783773735345
Closeness,0.33445782614383934,0.1342699175244882,0.4246161993708386
Betweenness,0.37675325591778575,0.3152681058605228,0.32272911432815743
