Triple Injection Ratios,0.01,0.02,0.03
Random,0.4669752192648964,0.4451321518125498,0.3824854972035083
Closeness,0.3027905719749743,0.14991693619612542,0.3789477040747684
Betweenness,0.3677301731931542,0.3445393880966651,0.36884033250453224
