{
    "Test": {
        "H@1": 0.6565809379727685,
        "H@3": 0.8154311649016641,
        "H@10": 0.924357034795764,
        "MRR": 0.7514982926683396
    }
}