{
    "Test": {
        "H@1": 0.6792738275340393,
        "H@3": 0.8986384266263238,
        "H@10": 0.9606656580937972,
        "MRR": 0.7932206334695358
    }
}