{
    "Test": {
        "H@1": 0.4826021180030257,
        "H@3": 0.7216338880484114,
        "H@10": 0.8895612708018155,
        "MRR": 0.6260352840428621
    }
}