{
    "Test": {
        "H@1": 0.5251396648044693,
        "H@3": 0.8091247672253259,
        "H@10": 0.9608938547486033,
        "MRR": 0.6841450951925993
    }
}