{
    "Test": {
        "H@1": 0.3770949720670391,
        "H@3": 0.5931098696461825,
        "H@10": 0.87243947858473,
        "MRR": 0.5274426553023784
    }
}