{
    "Train": {
        "H@1": 0.7406178923426838,
        "H@3": 0.9578278999241849,
        "H@10": 0.9952615617892343,
        "MRR": 0.8515748479087089
    },
    "Val": {
        "H@1": 0.6119631901840491,
        "H@3": 0.8634969325153374,
        "H@10": 0.9516871165644172,
        "MRR": 0.7474802275126241
    },
    "Test": {
        "H@1": 0.6013615733736762,
        "H@3": 0.8842662632375189,
        "H@10": 0.9659606656580938,
        "MRR": 0.7496517560015297
    }
}