{
    "Test": {
        "H@1": 0.43872919818456885,
        "H@3": 0.7776096822995462,
        "H@10": 0.9409984871406959,
        "MRR": 0.6267259522552401
    }
}