{
    "Test": {
        "H@1": 0.745839636913767,
        "H@3": 0.9107413010590015,
        "H@10": 0.9757942511346445,
        "MRR": 0.8363501273968543
    }
}