{
    "Test": {
        "H@1": 0.46444780635400906,
        "H@3": 0.8078668683812406,
        "H@10": 0.9470499243570348,
        "MRR": 0.6436322495274427
    }
}