{
    "Train": {
        "H@1": 0.7553680981595092,
        "H@3": 0.9661618098159509,
        "H@10": 0.9966449386503068,
        "MRR": 0.861442113433713
    },
    "Val": {
        "H@1": 0.6380368098159509,
        "H@3": 0.88420245398773,
        "H@10": 0.9578220858895705,
        "MRR": 0.769743982040445
    },
    "Test": {
        "H@1": 0.6293494704992436,
        "H@3": 0.9077155824508321,
        "H@10": 0.9757942511346445,
        "MRR": 0.7738039816544036
    }
}