{
    "Test": {
        "H@1": 0.5128593040847201,
        "H@3": 0.7972768532526475,
        "H@10": 0.9409984871406959,
        "MRR": 0.6715073651252496
    }
}