{
    "Test": {
        "H@1": 0.4947049924357035,
        "H@3": 0.8381240544629349,
        "H@10": 0.962178517397882,
        "MRR": 0.6750082961631982
    }
}