{
    "Test": {
        "H@1": 0.48411497730711045,
        "H@3": 0.7927382753403933,
        "H@10": 0.9531013615733737,
        "MRR": 0.653900954817134
    }
}