{
    "Test": {
        "H@1": 0.388268156424581,
        "H@3": 0.6024208566108007,
        "H@10": 0.87243947858473,
        "MRR": 0.5364068346160381
    }
}