{
    "Test": {
        "H@1": 0.6338880484114977,
        "H@3": 0.8714069591527988,
        "H@10": 0.9803328290468987,
        "MRR": 0.7618489927483393
    }
}