{
    "Test": {
        "H@1": 0.6278366111951589,
        "H@3": 0.8714069591527988,
        "H@10": 0.9591527987897126,
        "MRR": 0.7575718864241117
    }
}