{
    "Test": {
        "H@1": 0.7291981845688351,
        "H@3": 0.9152798789712556,
        "H@10": 0.9757942511346445,
        "MRR": 0.8286540374119656
    }
}