{
    "Train": {
        "H@1": 0.7113129020052971,
        "H@3": 0.9523269012485811,
        "H@10": 0.9961218312523648,
        "MRR": 0.8346138650815985
    },
    "Val": {
        "H@1": 0.5927914110429447,
        "H@3": 0.8726993865030674,
        "H@10": 0.9516871165644172,
        "MRR": 0.7404644309999122
    },
    "Test": {
        "H@1": 0.594553706505295,
        "H@3": 0.8706505295007564,
        "H@10": 0.9667170953101362,
        "MRR": 0.7416100971660275
    }
}