{
    "Test": {
        "H@1": 0.5484171322160148,
        "H@3": 0.8342644320297952,
        "H@10": 0.9711359404096834,
        "MRR": 0.7041308702056149
    }
}