{
    "Test": {
        "H@1": 0.5113464447806354,
        "H@3": 0.8411497730711044,
        "H@10": 0.9531013615733737,
        "MRR": 0.6847421910811643
    }
}