{
    "Test": {
        "H@1": 0.49016641452344933,
        "H@3": 0.8154311649016641,
        "H@10": 0.9485627836611196,
        "MRR": 0.6618598936973298
    }
}