{
    "Test": {
        "H@1": 0.5718608169440242,
        "H@3": 0.7791225416036308,
        "H@10": 0.9258698940998488,
        "MRR": 0.6954463230112543
    }
}