{
    "Test": {
        "H@1": 0.5325884543761639,
        "H@3": 0.8175046554934823,
        "H@10": 0.9553072625698324,
        "MRR": 0.6881729324325067
    }
}