Triple Injection Ratios,0.01,0.02,0.03
Random,0.6834863592482167,0.6716738469611,0.6375856219647353
Closeness,0.6767141309120849,0.5764229543644269,0.7319024248240927
Betweenness,0.693602256515632,0.6527151929449866,0.6398250674335361
