Triple Injection Ratios,0.01,0.02,0.03
Random,0.6922217069060342,0.6671158447877498,0.6674442909265993
Closeness,0.6983475075599764,0.5851835089861566,0.7196253846307189
Betweenness,0.6949093254602755,0.6621923248868584,0.6433341635342552
