Triple Injection Ratios,0.01,0.02,0.03
Random,0.6818461753459368,0.6719777948740396,0.6328538777708064
Closeness,0.6884441704138142,0.5021488440521981,0.726196086151352
Betweenness,0.7011758487167145,0.6870502125287159,0.6777502847711712
