{
    "Test": {
        "H@1": 0.5869894099848714,
        "H@3": 0.8774583963691377,
        "H@10": 0.9697428139183056,
        "MRR": 0.7359348280213633
    }
}