{
    "Test": {
        "H@1": 0.35323383084577115,
        "H@3": 0.7313432835820896,
        "H@10": 0.9850746268656716,
        "MRR": 0.5630696279950012
    }
}