{
    "Train": {
        "H@1": 0.6653254023792862,
        "H@3": 0.9087648705388384,
        "H@10": 0.9862666200139958,
        "MRR": 0.794131886872765
    },
    "Val": {
        "H@1": 0.5674846625766872,
        "H@3": 0.8320552147239264,
        "H@10": 0.9348159509202454,
        "MRR": 0.7127358363847682
    },
    "Test": {
        "H@1": 0.5680786686838124,
        "H@3": 0.8547655068078669,
        "H@10": 0.9470499243570348,
        "MRR": 0.7201632882510249
    }
}