{
    "Test": {
        "H@1": 0.35703479576399394,
        "H@3": 0.6898638426626323,
        "H@10": 0.9152798789712556,
        "MRR": 0.5522227643199977
    }
}