{
    "Test": {
        "H@1": 0.6656580937972768,
        "H@3": 0.913767019667171,
        "H@10": 0.989409984871407,
        "MRR": 0.7925777192667408
    }
}