{
    "Test": {
        "H@1": 0.5763993948562783,
        "H@3": 0.8668683812405447,
        "H@10": 0.9803328290468987,
        "MRR": 0.737435560749567
    }
}