Triple Injection Ratios,0.01,0.02,0.03
Random,0.29613590822200725,0.2934498618604194,0.28854370016292136
Closeness,0.2973756640295451,0.2915196252781621,0.28405552533887385
Betweenness,0.30306452927226024,0.29734621415531093,0.29358665591039057
