Triple Injection Ratios,0.01,0.02,0.03
Random,0.286092490105646,0.2975584151433666,0.29335212127490234
Closeness,0.2870994766509919,0.2816227388518732,0.286610413842633
Betweenness,0.2953208773438645,0.2993811971032084,0.2878549439799587
