Triple Injection Ratios,0.01,0.02,0.03
Random,0.30080078218018047,0.28386058500682837,0.2776119302488378
Closeness,0.2902113715065221,0.2864997920418255,0.2831357224117233
Betweenness,0.29495075631028794,0.29205280178523063,0.2890843587195394
