{
    "Test": {
        "H@1": 0.5128593040847201,
        "H@3": 0.7337367624810892,
        "H@10": 0.9077155824508321,
        "MRR": 0.6475986943013933
    }
}