{
    "Test": {
        "H@1": 0.6520423600605144,
        "H@3": 0.8668683812405447,
        "H@10": 0.9667170953101362,
        "MRR": 0.772864727071199
    }
}