{
    "Test": {
        "H@1": 0.43781094527363185,
        "H@3": 0.746268656716418,
        "H@10": 0.9900497512437811,
        "MRR": 0.6145743145743146
    }
}