{
    "Train": {
        "H@1": 0.7408934049079755,
        "H@3": 0.968558282208589,
        "H@10": 0.9986579754601227,
        "MRR": 0.8543590319623756
    },
    "Val": {
        "H@1": 0.6226993865030674,
        "H@3": 0.8880368098159509,
        "H@10": 0.9608895705521472,
        "MRR": 0.7628275459668437
    },
    "Test": {
        "H@1": 0.6414523449319214,
        "H@3": 0.9099848714069592,
        "H@10": 0.9788199697428139,
        "MRR": 0.7811272749893887
    }
}