{
    "Test": {
        "H@1": 0.5621890547263682,
        "H@3": 0.7562189054726368,
        "H@10": 0.9850746268656716,
        "MRR": 0.6894319886857202
    }
}