{
    "Test": {
        "H@1": 0.5703479576399395,
        "H@3": 0.7655068078668684,
        "H@10": 0.9334341906202723,
        "MRR": 0.6901181453601044
    }
}