{
    "Test": {
        "H@1": 0.49906890130353815,
        "H@3": 0.792364990689013,
        "H@10": 0.957169459962756,
        "MRR": 0.6653422068195659
    }
}