Triple Injection Ratios,0.01,0.02,0.03
Random,0.6340055774864486,0.6016702832427188,0.6301304930675914
Closeness,0.6251970938424308,0.37541653320080504,0.5866519111261037
Betweenness,0.633533566256215,0.6131848236224257,0.5893460268427594
