Triple Injection Ratios,0.01,0.02,0.03
Random,0.6620163337676441,0.6217216683437372,0.631117487207565
Closeness,0.6109433776156253,0.3817874603026493,0.6305340733130684
Betweenness,0.6543435064423254,0.631937565258417,0.6106164498273058
