Triple Injection Ratios,0.01,0.02,0.03
Random,0.6117290230214187,0.6070428599079937,0.617663743883168
Closeness,0.6074961640071942,0.4308689690406455,0.6262046380379857
Betweenness,0.6478872040920961,0.6281350835152275,0.595032496621352
