Triple Injection Ratios,0.01,0.02,0.03
Random,0.3728745398111402,0.37408929251746276,0.37156647739027954
PageRank,0.375089731117675,0.37251677873907196,0.37850502290536225
Harmonic closeness,0.37069428873779586,0.3732411487327652,0.36857991898649056
