Triple Injection Ratios,0.01,0.02,0.03
Random,0.3735337119779852,0.37430211838997934,0.37350255704339275
PageRank,0.3757466243195589,0.37765078273300917,0.3758471377874863
Harmonic closeness,0.3729404596613547,0.36787105887913946,0.36450576862362905
