Triple Injection Ratios,0.01,0.02,0.03
Random,0.3679946261604147,0.37441039745537036,0.37470528501251993
PageRank,0.37688233476905547,0.37208483190712854,0.37584462728223517
Harmonic closeness,0.36559796815044227,0.37001827780029317,0.370559079625195
