{
    "Train": {
        "H@1": 0.73644806671721,
        "H@3": 0.9666413949962093,
        "H@10": 0.9986732373009856,
        "MRR": 0.8519815512859467
    },
    "Val": {
        "H@1": 0.620398773006135,
        "H@3": 0.8911042944785276,
        "H@10": 0.9708588957055214,
        "MRR": 0.7648878484850451
    },
    "Test": {
        "H@1": 0.6066565809379728,
        "H@3": 0.9039334341906202,
        "H@10": 0.9795763993948563,
        "MRR": 0.7619394577088485
    }
}