Triple Injection Ratios,0.01,0.02,0.03
Random,0.25930837517220234,0.2630977058908269,0.25112385025165146
PageRank,0.24656950578522935,0.2519868217865985,0.26814499370269346
Harmonic closeness,0.2941379714859787,0.26404721184484137,0.26728763585075843
