Triple Injection Ratios,0.01,0.02,0.03
Random,0.2353125511092584,0.2566929752984009,0.23571285052263585
PageRank,0.27757135707210906,0.2626396278965691,0.27387289833461975
Harmonic closeness,0.30854599537918276,0.2899889340276798,0.2574031193503061
