Triple Injection Ratios,0.01,0.02,0.03
Random,0.2505390993073818,0.26271619555426723,0.23907512758396995
PageRank,0.25167681784965207,0.23020536011241974,0.23389444973104775
Harmonic closeness,0.24408333506578625,0.24607198181653375,0.22803504981693168
