{
    "Test": {
        "H@1": 0.6399394856278366,
        "H@3": 0.869894099848714,
        "H@10": 0.9470499243570348,
        "MRR": 0.7603860408271645
    }
}