{
    "Test": {
        "H@1": 0.3888048411497731,
        "H@3": 0.6792738275340393,
        "H@10": 0.913767019667171,
        "MRR": 0.5715744556723857
    }
}