{
    "Test": {
        "H@1": 0.4947049924357035,
        "H@3": 0.7851739788199698,
        "H@10": 0.9485627836611196,
        "MRR": 0.6588107688821728
    }
}