{
    "Test": {
        "H@1": 0.44478063540090773,
        "H@3": 0.800302571860817,
        "H@10": 0.9470499243570348,
        "MRR": 0.6344364911103969
    }
}