{
    "Test": {
        "H@1": 0.5572139303482587,
        "H@3": 0.7761194029850746,
        "H@10": 0.9900497512437811,
        "MRR": 0.6956963020395857
    }
}