{
    "Test": {
        "H@1": 0.49924357034795763,
        "H@3": 0.8169440242057489,
        "H@10": 0.9515885022692889,
        "MRR": 0.6690703487590831
    }
}