{
    "Test": {
        "H@1": 0.4450651769087523,
        "H@3": 0.7839851024208566,
        "H@10": 0.9534450651769087,
        "MRR": 0.6320046798260907
    }
}