{
    "Train": {
        "H@1": 0.5956671779141104,
        "H@3": 0.8880368098159509,
        "H@10": 0.9810199386503068,
        "MRR": 0.7483387376681918
    },
    "Val": {
        "H@1": 0.46702453987730064,
        "H@3": 0.7799079754601227,
        "H@10": 0.941717791411043,
        "MRR": 0.6417112807626886
    },
    "Test": {
        "H@1": 0.5052950075642966,
        "H@3": 0.8048411497730711,
        "H@10": 0.9455370650529501,
        "MRR": 0.6723133621685984
    }
}