{
    "Test": {
        "H@1": 0.5870646766169154,
        "H@3": 0.845771144278607,
        "H@10": 0.9950248756218906,
        "MRR": 0.7274304882513838
    }
}