{
    "Test": {
        "H@1": 0.4402420574886536,
        "H@3": 0.6838124054462935,
        "H@10": 0.8888048411497731,
        "MRR": 0.5927769154981413
    }
}