{
    "Test": {
        "H@1": 0.44776119402985076,
        "H@3": 0.736318407960199,
        "H@10": 0.9950248756218906,
        "MRR": 0.6306939329327389
    }
}