{
    "Test": {
        "H@1": 0.5970149253731343,
        "H@3": 0.7810945273631841,
        "H@10": 0.9900497512437811,
        "MRR": 0.7199026512459348
    }
}