Triple Injection Ratios,0.01,0.02,0.03
Random,0.45669156858575677,0.5222347204273545,0.5258484910388989
PageRank,0.5378954384170689,0.5293067691448472,0.5035831061608557
Harmonic closeness,0.46304139326478233,0.5290102964563798,0.4736371366637986
