Triple Injection Ratios,0.01,0.02,0.03
Random,0.5257167660782023,0.5039343897675991,0.47368032774574254
PageRank,0.5207615128083753,0.5212726806052826,0.44549236400127745
Harmonic closeness,0.5183898324725058,0.5083121385081653,0.5377154985072855
