Triple Injection Ratios,0.01,0.02,0.03
Random,0.4900726451982534,0.4886569713170122,0.5682634160047828
PageRank,0.5579368971960567,0.5465516410359537,0.5860111221486187
Harmonic closeness,0.49428997142323416,0.5706817867000769,0.5948513578317305
