{
    "Test": {
        "H@1": 0.573373676248109,
        "H@3": 0.8472012102874432,
        "H@10": 0.9576399394856279,
        "MRR": 0.7176017292929608
    }
}