{
    "Test": {
        "H@1": 0.7065052950075643,
        "H@3": 0.9107413010590015,
        "H@10": 0.9697428139183056,
        "MRR": 0.8137872417075821
    }
}