{
    "Train": {
        "H@1": 0.6775541207747816,
        "H@3": 0.9450246866691986,
        "H@10": 0.9931636916065325,
        "MRR": 0.8135828271809776
    },
    "Val": {
        "H@1": 0.575920245398773,
        "H@3": 0.8834355828220859,
        "H@10": 0.9631901840490797,
        "MRR": 0.7347249482189346
    },
    "Test": {
        "H@1": 0.5529500756429652,
        "H@3": 0.8872919818456884,
        "H@10": 0.9720121028744326,
        "MRR": 0.7265600941555812
    }
}