{
    "Test": {
        "H@1": 0.49813780260707635,
        "H@3": 0.797951582867784,
        "H@10": 0.9534450651769087,
        "MRR": 0.6640416156369888
    }
}