{
    "Test": {
        "H@1": 0.4975124378109453,
        "H@3": 0.7562189054726368,
        "H@10": 0.9900497512437811,
        "MRR": 0.6513645696481517
    }
}