{
    "Train": {
        "H@1": 0.6466641104294478,
        "H@3": 0.9245590490797546,
        "H@10": 0.9894555214723927,
        "MRR": 0.7884760979524086
    },
    "Val": {
        "H@1": 0.5406441717791411,
        "H@3": 0.8397239263803681,
        "H@10": 0.9493865030674846,
        "MRR": 0.6998604930691349
    },
    "Test": {
        "H@1": 0.5446293494704992,
        "H@3": 0.8623298033282905,
        "H@10": 0.962178517397882,
        "MRR": 0.7103367261958312
    }
}