{
    "Test": {
        "H@1": 0.5173978819969742,
        "H@3": 0.783661119515885,
        "H@10": 0.9198184568835098,
        "MRR": 0.6660486451471912
    }
}