Triple Injection Ratios,0.01,0.02,0.03
Random,0.6626545033722131,0.6449558231780043,0.648452925799263
Closeness,0.6714151808417355,0.6676025550713728,0.6609546936511558
Betweenness,0.6602495477483894,0.6633200805555551,0.6418826992292498
