Triple Injection Ratios,0.01,0.02,0.03
Random,0.6714692394088619,0.6579859159053397,0.6583427615811623
Closeness,0.667373663350287,0.6658622905513573,0.6462587481417998
Betweenness,0.6580855671112791,0.6414009117440438,0.6547580098610768
