Triple Injection Ratios,0.01,0.02,0.03
Random,0.6560778906348594,0.6445941730664718,0.6447214428590063
Closeness,0.6718915769460988,0.6725500823890999,0.6599627916940147
Betweenness,0.6724710730804595,0.6530067560661292,0.6479798442543404
