{
    "Train": {
        "H@1": 0.7510249720462169,
        "H@3": 0.9599329109206113,
        "H@10": 0.9977636973537085,
        "MRR": 0.8570615889496328
    },
    "Val": {
        "H@1": 0.6434049079754601,
        "H@3": 0.8680981595092024,
        "H@10": 0.963957055214724,
        "MRR": 0.7691092351209726
    },
    "Test": {
        "H@1": 0.6270801815431165,
        "H@3": 0.8933434190620272,
        "H@10": 0.9750378214826021,
        "MRR": 0.7683822739241634
    }
}