{
    "Train": {
        "H@1": 0.7788535276073619,
        "H@3": 0.9740222392638037,
        "H@10": 0.9987538343558282,
        "MRR": 0.8762753017386955
    },
    "Val": {
        "H@1": 0.647239263803681,
        "H@3": 0.8987730061349694,
        "H@10": 0.9631901840490797,
        "MRR": 0.7757509871908188
    },
    "Test": {
        "H@1": 0.6437216338880484,
        "H@3": 0.8850226928895613,
        "H@10": 0.9697428139183056,
        "MRR": 0.7754035613241212
    }
}