{
    "Test": {
        "H@1": 0.5800744878957169,
        "H@3": 0.8538175046554934,
        "H@10": 0.9711359404096834,
        "MRR": 0.7266576580100716
    }
}