{
    "Test": {
        "H@1": 0.4129353233830846,
        "H@3": 0.7910447761194029,
        "H@10": 1.0,
        "MRR": 0.6178788596699044
    }
}