{
    "Test": {
        "H@1": 0.4720121028744327,
        "H@3": 0.7972768532526475,
        "H@10": 0.9636913767019667,
        "MRR": 0.6514284681362957
    }
}