{
    "Test": {
        "H@1": 0.4568835098335855,
        "H@3": 0.8078668683812406,
        "H@10": 0.9591527987897126,
        "MRR": 0.6477631421728769
    }
}