{
    "Test": {
        "H@1": 0.6792738275340393,
        "H@3": 0.8925869894099848,
        "H@10": 0.9500756429652042,
        "MRR": 0.7903654634316258
    }
}