{
    "Train": {
        "H@1": 0.7588021431305013,
        "H@3": 0.9596249521622656,
        "H@10": 0.9961729812476081,
        "MRR": 0.8617797714161306
    },
    "Val": {
        "H@1": 0.6510736196319018,
        "H@3": 0.8834355828220859,
        "H@10": 0.9654907975460123,
        "MRR": 0.7777441421320778
    },
    "Test": {
        "H@1": 0.6376701966717095,
        "H@3": 0.8797276853252648,
        "H@10": 0.9742813918305597,
        "MRR": 0.7705230177313273
    }
}