{
    "Test": {
        "H@1": 0.6096822995461422,
        "H@3": 0.8744326777609682,
        "H@10": 0.9636913767019667,
        "MRR": 0.7500386258519328
    }
}