{
    "Test": {
        "H@1": 0.4720121028744327,
        "H@3": 0.7791225416036308,
        "H@10": 0.9319213313161876,
        "MRR": 0.6435829640279174
    }
}