{
    "Test": {
        "H@1": 0.43116490166414523,
        "H@3": 0.6709531013615734,
        "H@10": 0.8661119515885023,
        "MRR": 0.57982161939631
    }
}