{
    "Test": {
        "H@1": 0.5794251134644478,
        "H@3": 0.8804841149773072,
        "H@10": 0.9561270801815431,
        "MRR": 0.7310231545937521
    }
}