{
    "Test": {
        "H@1": 0.4130105900151286,
        "H@3": 0.7488653555219364,
        "H@10": 0.9001512859304085,
        "MRR": 0.5979440760967043
    }
}