{
    "Train": {
        "H@1": 0.6845732628398792,
        "H@3": 0.9241880664652568,
        "H@10": 0.9858383685800605,
        "MRR": 0.8114972154562317
    },
    "Val": {
        "H@1": 0.5973926380368099,
        "H@3": 0.8627300613496932,
        "H@10": 0.9401840490797546,
        "MRR": 0.7396949729752073
    },
    "Test": {
        "H@1": 0.5741301059001512,
        "H@3": 0.8683812405446294,
        "H@10": 0.9606656580937972,
        "MRR": 0.731837450534898
    }
}