{
    "Test": {
        "H@1": 0.6626323751891074,
        "H@3": 0.8335854765506808,
        "H@10": 0.9379727685325264,
        "MRR": 0.7627266710154689
    }
}