{
    "Test": {
        "H@1": 0.35323383084577115,
        "H@3": 0.7263681592039801,
        "H@10": 0.9601990049751243,
        "MRR": 0.5623885650005053
    }
}