{
    "Test": {
        "H@1": 0.4886535552193646,
        "H@3": 0.7927382753403933,
        "H@10": 0.9485627836611196,
        "MRR": 0.6583098607579645
    }
}