{
    "Train": {
        "H@1": 0.7147291196388262,
        "H@3": 0.9620955605718585,
        "H@10": 0.9973664409330324,
        "MRR": 0.838232726769011
    },
    "Val": {
        "H@1": 0.6150306748466258,
        "H@3": 0.8888036809815951,
        "H@10": 0.9562883435582822,
        "MRR": 0.7572095289308972
    },
    "Test": {
        "H@1": 0.5711043872919819,
        "H@3": 0.8880484114977307,
        "H@10": 0.9773071104387292,
        "MRR": 0.736081755514718
    }
}