Triple Injection Ratios,0.01,0.02,0.03
Random,0.4604817574516184,0.42570813699119653,0.4956721356304288
PageRank,0.47404372899161346,0.5251404477934757,0.479468129044125
Harmonic closeness,0.48098398096880945,0.548450576523788,0.5281546407133596
