Triple Injection Ratios,0.01,0.02,0.03
Random,0.5317808407329713,0.49042623514276734,0.5196844712950882
PageRank,0.5354252115607824,0.5186179729649965,0.5167532596500143
Harmonic closeness,0.5225739334096997,0.5240692191327505,0.4974440199747328
