Triple Injection Ratios,0.01,0.02,0.03
Random,0.5239090198340645,0.5328064345551045,0.4983738858060438
PageRank,0.5095089639906948,0.48127594537558993,0.4548618125541428
Harmonic closeness,0.4400437179634017,0.4768698278128146,0.4893123256172121
