{
    "Test": {
        "H@1": 0.3857791225416036,
        "H@3": 0.7186081694402421,
        "H@10": 0.9167927382753404,
        "MRR": 0.5703131601083099
    }
}