{
    "Test": {
        "H@1": 0.6838124054462935,
        "H@3": 0.8093797276853253,
        "H@10": 0.9319213313161876,
        "MRR": 0.7682785074456967
    }
}