{
    "Test": {
        "H@1": 0.5990922844175491,
        "H@3": 0.9016641452344932,
        "H@10": 0.972768532526475,
        "MRR": 0.7541625233380909
    }
}