{
    "Train": {
        "H@1": 0.6136706948640483,
        "H@3": 0.8896336858006042,
        "H@10": 0.9786631419939577,
        "MRR": 0.7604378067817522
    },
    "Val": {
        "H@1": 0.5529141104294478,
        "H@3": 0.8243865030674846,
        "H@10": 0.9432515337423313,
        "MRR": 0.7026687841985799
    },
    "Test": {
        "H@1": 0.537821482602118,
        "H@3": 0.8449319213313162,
        "H@10": 0.9591527987897126,
        "MRR": 0.7035433239902368
    }
}