{
    "Train": {
        "H@1": 0.897239263803681,
        "H@3": 0.9950153374233128,
        "H@10": 0.9984662576687117,
        "MRR": 0.9463933708875807
    },
    "Val": {
        "H@1": 0.8159509202453987,
        "H@3": 0.9693251533742331,
        "H@10": 0.99079754601227,
        "MRR": 0.8941507557832773
    },
    "Test": {
        "H@1": 0.7639939485627837,
        "H@3": 0.972768532526475,
        "H@10": 0.9924357034795764,
        "MRR": 0.8721139213468376
    }
}