{
    "Train": {
        "H@1": 0.6287222012815681,
        "H@3": 0.8878627968337731,
        "H@10": 0.9815303430079155,
        "MRR": 0.7677360256553006
    },
    "Val": {
        "H@1": 0.5812883435582822,
        "H@3": 0.8228527607361963,
        "H@10": 0.9493865030674846,
        "MRR": 0.7179141135592251
    },
    "Test": {
        "H@1": 0.556732223903177,
        "H@3": 0.829803328290469,
        "H@10": 0.9531013615733737,
        "MRR": 0.7081795965289536
    }
}