{
    "Test": {
        "H@1": 0.6163873370577281,
        "H@3": 0.8566108007448789,
        "H@10": 0.9646182495344506,
        "MRR": 0.7466731398666883
    }
}