{
    "Test": {
        "H@1": 0.6762481089258698,
        "H@3": 0.9152798789712556,
        "H@10": 0.9757942511346445,
        "MRR": 0.7986910892452868
    }
}