{
    "Test": {
        "H@1": 0.5310136157337367,
        "H@3": 0.8366111951588502,
        "H@10": 0.962178517397882,
        "MRR": 0.6950139556197252
    }
}