{
    "Test": {
        "H@1": 0.6565809379727685,
        "H@3": 0.8184568835098336,
        "H@10": 0.9198184568835098,
        "MRR": 0.7530409394012296
    }
}