{
    "Test": {
        "H@1": 0.5658093797276853,
        "H@3": 0.8804841149773072,
        "H@10": 0.962178517397882,
        "MRR": 0.7287834670431208
    }
}