{
    "Train": {
        "H@1": 0.6647922226458254,
        "H@3": 0.9247045367899351,
        "H@10": 0.990659550133435,
        "MRR": 0.8009958104879993
    },
    "Val": {
        "H@1": 0.5904907975460123,
        "H@3": 0.8634969325153374,
        "H@10": 0.9647239263803681,
        "MRR": 0.7370915227899809
    },
    "Test": {
        "H@1": 0.5695915279878971,
        "H@3": 0.8524962178517398,
        "H@10": 0.9614220877458396,
        "MRR": 0.7242316046346009
    }
}