{
    "Test": {
        "H@1": 0.6573556797020484,
        "H@3": 0.87243947858473,
        "H@10": 0.9664804469273743,
        "MRR": 0.7748049910627111
    }
}