{
    "Test": {
        "H@1": 0.6021180030257186,
        "H@3": 0.8683812405446294,
        "H@10": 0.9636913767019667,
        "MRR": 0.7443802525025984
    }
}