{
    "Test": {
        "H@1": 0.5009310986964618,
        "H@3": 0.7932960893854749,
        "H@10": 0.9478584729981379,
        "MRR": 0.6627254098430587
    }
}