{
    "Test": {
        "H@1": 0.5391061452513967,
        "H@3": 0.8007448789571695,
        "H@10": 0.9608938547486033,
        "MRR": 0.6876172739805747
    }
}