{
    "Test": {
        "H@1": 0.6959152798789713,
        "H@3": 0.8335854765506808,
        "H@10": 0.9470499243570348,
        "MRR": 0.7794920172579833
    }
}