{
    "Test": {
        "H@1": 0.4341906202723147,
        "H@3": 0.7397881996974282,
        "H@10": 0.9364599092284418,
        "MRR": 0.6063328954331789
    }
}