{
    "Test": {
        "H@1": 0.5093109869646183,
        "H@3": 0.8277467411545624,
        "H@10": 0.9618249534450651,
        "MRR": 0.6784363914925065
    }
}