{
    "Test": {
        "H@1": 0.5355521936459909,
        "H@3": 0.848714069591528,
        "H@10": 0.9682299546142209,
        "MRR": 0.6996951493812213
    }
}