{
    "Test": {
        "H@1": 0.573373676248109,
        "H@3": 0.8714069591527988,
        "H@10": 0.9591527987897126,
        "MRR": 0.7255884441380669
    }
}