{
    "Train": {
        "H@1": 0.6494595601938129,
        "H@3": 0.9270406261647409,
        "H@10": 0.9931979127841968,
        "MRR": 0.792433202878833
    },
    "Val": {
        "H@1": 0.5345092024539877,
        "H@3": 0.8374233128834356,
        "H@10": 0.9440184049079755,
        "MRR": 0.6956921589092617
    },
    "Test": {
        "H@1": 0.5347957639939486,
        "H@3": 0.8608169440242057,
        "H@10": 0.9712556732223904,
        "MRR": 0.7089954195375179
    }
}