{
    "Test": {
        "H@1": 0.48756218905472637,
        "H@3": 0.746268656716418,
        "H@10": 0.9950248756218906,
        "MRR": 0.6412718155255468
    }
}