{
    "Test": {
        "H@1": 0.529500756429652,
        "H@3": 0.8517397881996974,
        "H@10": 0.9515885022692889,
        "MRR": 0.6956690194133419
    }
}