{
    "Train": {
        "H@1": 0.7294838470107686,
        "H@3": 0.9544188637207576,
        "H@10": 0.9966580022279985,
        "MRR": 0.8444443805472113
    },
    "Val": {
        "H@1": 0.6173312883435583,
        "H@3": 0.879601226993865,
        "H@10": 0.9601226993865031,
        "MRR": 0.7554607147461796
    },
    "Test": {
        "H@1": 0.6467473524962178,
        "H@3": 0.9009077155824509,
        "H@10": 0.9682299546142209,
        "MRR": 0.7800959636955029
    }
}