{
    "Train": {
        "H@1": 0.7668051359516617,
        "H@3": 0.9588368580060423,
        "H@10": 0.994429758308157,
        "MRR": 0.8649702935557146
    },
    "Val": {
        "H@1": 0.6671779141104295,
        "H@3": 0.9003067484662577,
        "H@10": 0.9723926380368099,
        "MRR": 0.7917383254697599
    },
    "Test": {
        "H@1": 0.6739788199697428,
        "H@3": 0.8986384266263238,
        "H@10": 0.9757942511346445,
        "MRR": 0.7956512853222455
    }
}