{
    "Test": {
        "H@1": 0.7201210287443268,
        "H@3": 0.913767019667171,
        "H@10": 0.972768532526475,
        "MRR": 0.8235488912522733
    }
}