{
    "Test": {
        "H@1": 0.6006051437216339,
        "H@3": 0.8623298033282905,
        "H@10": 0.9682299546142209,
        "MRR": 0.7443130269459596
    }
}