{
    "Test": {
        "H@1": 0.4629349470499244,
        "H@3": 0.8124054462934948,
        "H@10": 0.9470499243570348,
        "MRR": 0.6510216048746811
    }
}