{
    "Test": {
        "H@1": 0.5885022692889561,
        "H@3": 0.789712556732224,
        "H@10": 0.9273827534039334,
        "MRR": 0.7069852820738085
    }
}