{
    "Test": {
        "H@1": 0.6580937972768532,
        "H@3": 0.8320726172465961,
        "H@10": 0.9304084720121029,
        "MRR": 0.7569439847736987
    }
}