{
    "Train": {
        "H@1": 0.636023773006135,
        "H@3": 0.9164110429447853,
        "H@10": 0.9925230061349694,
        "MRR": 0.7784845014328873
    },
    "Val": {
        "H@1": 0.5253067484662577,
        "H@3": 0.8297546012269938,
        "H@10": 0.9693251533742331,
        "MRR": 0.6914498663276223
    },
    "Test": {
        "H@1": 0.5007564296520424,
        "H@3": 0.8214826021180031,
        "H@10": 0.9591527987897126,
        "MRR": 0.671916204083552
    }
}