{
    "Test": {
        "H@1": 0.5771144278606966,
        "H@3": 0.835820895522388,
        "H@10": 0.9950248756218906,
        "MRR": 0.7251599147121536
    }
}