{
    "Test": {
        "H@1": 0.4947049924357035,
        "H@3": 0.7382753403933434,
        "H@10": 0.8925869894099848,
        "MRR": 0.6404196035513844
    }
}