{
    "Test": {
        "H@1": 0.3978819969742814,
        "H@3": 0.7140695915279879,
        "H@10": 0.9304084720121029,
        "MRR": 0.5839118271590648
    }
}