{
    "Test": {
        "H@1": 0.5363128491620112,
        "H@3": 0.797951582867784,
        "H@10": 0.9478584729981379,
        "MRR": 0.6843622906289627
    }
}