{
    "Test": {
        "H@1": 0.4130105900151286,
        "H@3": 0.653555219364599,
        "H@10": 0.8797276853252648,
        "MRR": 0.5685250107345919
    }
}