{
    "Test": {
        "H@1": 0.18305597579425115,
        "H@3": 0.4130105900151286,
        "H@10": 0.6580937972768532,
        "MRR": 0.3378015080644305
    }
}