{
    "Test": {
        "H@1": 0.4977307110438729,
        "H@3": 0.81089258698941,
        "H@10": 0.9606656580937972,
        "MRR": 0.6707162986458858
    }
}