{
    "Train": {
        "H@1": 0.5430406441717791,
        "H@3": 0.8524731595092024,
        "H@10": 0.9796779141104295,
        "MRR": 0.708559613348112
    },
    "Val": {
        "H@1": 0.4455521472392638,
        "H@3": 0.7523006134969326,
        "H@10": 0.9371165644171779,
        "MRR": 0.6205249800802741
    },
    "Test": {
        "H@1": 0.4462934947049924,
        "H@3": 0.7844175491679274,
        "H@10": 0.9402420574886535,
        "MRR": 0.6266451263508291
    }
}