{
    "Test": {
        "H@1": 0.6219739292364991,
        "H@3": 0.8482309124767226,
        "H@10": 0.9608938547486033,
        "MRR": 0.7491470801659638
    }
}