{
    "Test": {
        "H@1": 0.7413010590015129,
        "H@3": 0.9167927382753404,
        "H@10": 0.9757942511346445,
        "MRR": 0.8354864850855004
    }
}