{
    "Test": {
        "H@1": 0.5885022692889561,
        "H@3": 0.8018154311649016,
        "H@10": 0.9425113464447806,
        "MRR": 0.7126721741205757
    }
}