{
    "Test": {
        "H@1": 0.4776536312849162,
        "H@3": 0.8054003724394786,
        "H@10": 0.9590316573556797,
        "MRR": 0.6540519802818453
    }
}