{
    "Test": {
        "H@1": 0.697428139183056,
        "H@3": 0.9167927382753404,
        "H@10": 0.9788199697428139,
        "MRR": 0.8109673146327254
    }
}