{
    "Test": {
        "H@1": 0.7337367624810892,
        "H@3": 0.9167927382753404,
        "H@10": 0.9773071104387292,
        "MRR": 0.8318588605644635
    }
}