{
    "Test": {
        "H@1": 0.6172465960665658,
        "H@3": 0.8835098335854765,
        "H@10": 0.9606656580937972,
        "MRR": 0.7560393975876765
    }
}