{
    "Test": {
        "H@1": 0.4523449319213313,
        "H@3": 0.7745839636913767,
        "H@10": 0.9228441754916793,
        "MRR": 0.6280574564770752
    }
}