{
    "Test": {
        "H@1": 0.5472636815920398,
        "H@3": 0.8059701492537313,
        "H@10": 0.9950248756218906,
        "MRR": 0.6970781015557134
    }
}