triple injection ratios,0.1,0.2,0.3,0.4,0.5,0.6
random,0.8050465866031272,0.808809238177095,0.8323842831804044,0.791888203351197,0.8067841540143892,0.8386850704673305
res_wbox_low_scores_simple,0.7876946402096432,0.7997744357445207,0.8217164901891352,0.790594726963932,0.7893275956605367,0.8031933595472531
res_wbox_high_closeness_simple,0.7752276360992153,0.798672407673174,0.8150343112054186,0.810422613222222,0.7877779549003794,0.7802784088318367
res_wbox_high_gradients_simple,0.7742825047735176,0.7836565815654205,0.8132598549713896,0.7969145730764583,0.8049956885271996,0.8175903150777472
res_fgsm_main,0.8331265106477466,0.8604400822637825,0.7715842344222059,0.8059279180223973,0.7786416598977028,0.7704733310820926
res_wbox_low_scores_fgsm,0.8419251101252243,0.768071124817436,0.7512541237691583,0.7496466118541169,0.7266153223463842,0.7041217810970268
res_high_closeness_fgsm,0.8288837986482394,0.8245914524541077,0.8011747435164094,0.8002528839368281,0.760979843202524,0.749893615378771
res_high_gradients_fgsm,0.7783824001460443,0.7690932941159502,0.7761045463014659,0.7580737899036646,0.7683775915667491,0.7553614177135733
