triple injection ratios,0.1,0.2,0.3,0.4,0.5,0.6
random,0.774260782374093,0.8332301368013822,0.8295614611537319,0.8017898125602058,0.8169580303866476,0.8154424398760248
res_wbox_low_scores_simple,0.7748101510844684,0.8117195914738836,0.7876698055713993,0.7754605162423127,0.7936095810970567,0.7889249029136454
res_wbox_high_closeness_simple,0.7715462229650524,0.8134643434725122,0.8454971164212948,0.8229063465830073,0.7914580334001805,0.747392392611014
res_wbox_high_gradients_simple,0.7955836764262222,0.8000341130290729,0.8211026636583675,0.8033347336756479,0.7893817365396085,0.8186073339366405
res_fgsm_main,0.8331265106477466,0.8604400822637825,0.7715842344222059,0.8059279180223973,0.7786416598977028,0.7704733310820926
res_wbox_low_scores_fgsm,0.8419251101252243,0.768071124817436,0.7512541237691583,0.7496466118541169,0.7266153223463842,0.7041217810970268
res_high_closeness_fgsm,0.8288837986482394,0.8245914524541077,0.8011747435164094,0.8002528839368281,0.760979843202524,0.749893615378771
res_high_gradients_fgsm,0.7783824001460443,0.7690932941159502,0.7761045463014659,0.7580737899036646,0.7683775915667491,0.7553614177135733
