triple injection ratios,0.1,0.2,0.3,0.4,0.5,0.6
random,0.7839724902423486,0.835052321814525
res_wbox_low_scores_simple,0.7964364842795281,0.8038781992504689
res_wbox_high_closeness_simple,0.7950953019099527,0.8001621624274468
res_wbox_high_gradients_simple,0.7648106329251614,0.8188055468699765
res_fgsm_main,0.8331265106477466,0.8604400822637825
res_wbox_low_scores_fgsm,0.8419251101252243,0.768071124817436
res_high_closeness_fgsm,0.8288837986482394,0.8245914524541077
res_high_gradients_fgsm,0.7783824001460443,0.7690932941159502
