triple injection ratios,0.1,0.2,0.3,0.4,0.5,0.6
random,0.790718975833295,0.8054960248152195,0.8397188080818183,0.8132715627658145,0.8131083796266558,0.8355984007050304
res_wbox_low_scores_simple,0.8070046250988144,0.8109011177287964,0.8102462193586515,0.7672470738401825,0.8100229908284802,0.8099939506448877
res_wbox_high_closeness_simple,0.7786733163696072,0.8002354497240433,0.8173342315335062,0.7971465280884096,0.7953345253812734,0.7999207087130832
res_wbox_high_gradients_simple,0.7918548838248796,0.8210686487084644,0.7984856373539442,0.780900294383756,0.8015045984740768,0.799992909567692
res_fgsm_main,0.8331265106477466,0.8604400822637825,0.7715842344222059,0.8059279180223973,0.7786416598977028,0.7704733310820926
res_wbox_low_scores_fgsm,0.8419251101252243,0.768071124817436,0.7512541237691583,0.7496466118541169,0.7266153223463842,0.7041217810970268
res_high_closeness_fgsm,0.8288837986482394,0.8245914524541077,0.8011747435164094,0.8002528839368281,0.760979843202524,0.749893615378771
res_high_gradients_fgsm,0.7783824001460443,0.7690932941159502,0.7761045463014659,0.7580737899036646,0.7683775915667491,0.7553614177135733
