{
    "Test": {
        "H@1": 0.5422885572139303,
        "H@3": 0.7860696517412935,
        "H@10": 0.9900497512437811,
        "MRR": 0.6933328142283365
    }
}