{
    "Test": {
        "H@1": 0.39800995024875624,
        "H@3": 0.7263681592039801,
        "H@10": 0.9850746268656716,
        "MRR": 0.5916887424350111
    }
}