{
    "Test": {
        "H@1": 0.6550680786686838,
        "H@3": 0.9107413010590015,
        "H@10": 0.9818456883509834,
        "MRR": 0.7859770823557639
    }
}