{
    "Train": {
        "H@1": 0.6775306748466258,
        "H@3": 0.8610046012269938,
        "H@10": 0.9584930981595092,
        "MRR": 0.7808652132463719
    },
    "Val": {
        "H@1": 0.45475460122699385,
        "H@3": 0.6671779141104295,
        "H@10": 0.8366564417177914,
        "MRR": 0.5856721418211515
    },
    "Test": {
        "H@1": 0.45007564296520425,
        "H@3": 0.6671709531013615,
        "H@10": 0.857034795763994,
        "MRR": 0.5875016692637752
    }
}