{
    "Train": {
        "H@1": 0.7150588682111659,
        "H@3": 0.9481579946828712,
        "H@10": 0.9948727687048994,
        "MRR": 0.834621058754892
    },
    "Val": {
        "H@1": 0.6088957055214724,
        "H@3": 0.8734662576687117,
        "H@10": 0.9624233128834356,
        "MRR": 0.749303863406102
    },
    "Test": {
        "H@1": 0.6096822995461422,
        "H@3": 0.8782148260211801,
        "H@10": 0.9644478063540091,
        "MRR": 0.752159347540525
    }
}