{
    "Test": {
        "H@1": 0.43872919818456885,
        "H@3": 0.7397881996974282,
        "H@10": 0.9198184568835098,
        "MRR": 0.6104516836567057
    }
}