{
    "Train": {
        "H@1": 0.7456240487062404,
        "H@3": 0.9557648401826484,
        "H@10": 0.9966704718417048,
        "MRR": 0.8533707110890354
    },
    "Val": {
        "H@1": 0.6495398773006135,
        "H@3": 0.879601226993865,
        "H@10": 0.9593558282208589,
        "MRR": 0.7739315289844271
    },
    "Test": {
        "H@1": 0.6520423600605144,
        "H@3": 0.8948562783661119,
        "H@10": 0.972768532526475,
        "MRR": 0.7832479316568278
    }
}