{
    "Test": {
        "H@1": 0.5128593040847201,
        "H@3": 0.8048411497730711,
        "H@10": 0.9455370650529501,
        "MRR": 0.6756710098703885
    }
}