{
    "Train": {
        "H@1": 0.7489455521472392,
        "H@3": 0.9690375766871165,
        "H@10": 0.9970283742331288,
        "MRR": 0.8581051477554068
    },
    "Val": {
        "H@1": 0.6311349693251533,
        "H@3": 0.8949386503067485,
        "H@10": 0.9601226993865031,
        "MRR": 0.7669486316990813
    },
    "Test": {
        "H@1": 0.5907715582450832,
        "H@3": 0.9062027231467473,
        "H@10": 0.9757942511346445,
        "MRR": 0.752078191698682
    }
}