{
    "Test": {
        "H@1": 0.49016641452344933,
        "H@3": 0.800302571860817,
        "H@10": 0.9652042360060514,
        "MRR": 0.6649277468934575
    }
}