{
    "Train": {
        "H@1": 0.7361637604245641,
        "H@3": 0.9506254738438211,
        "H@10": 0.993366186504928,
        "MRR": 0.8457901210370103
    },
    "Val": {
        "H@1": 0.6150306748466258,
        "H@3": 0.8719325153374233,
        "H@10": 0.9547546012269938,
        "MRR": 0.7518955511753413
    },
    "Test": {
        "H@1": 0.6263237518910741,
        "H@3": 0.8668683812405447,
        "H@10": 0.9576399394856279,
        "MRR": 0.7560732389921229
    }
}