{
    "Test": {
        "H@1": 0.5068078668683812,
        "H@3": 0.8078668683812406,
        "H@10": 0.9364599092284418,
        "MRR": 0.6727054375228163
    }
}