{
    "Test": {
        "H@1": 0.6399394856278366,
        "H@3": 0.8956127080181543,
        "H@10": 0.9667170953101362,
        "MRR": 0.7731917146493658
    }
}