{
    "Test": {
        "H@1": 0.4977307110438729,
        "H@3": 0.8124054462934948,
        "H@10": 0.9425113464447806,
        "MRR": 0.664958175008374
    }
}