{
    "Test": {
        "H@1": 0.7049924357034796,
        "H@3": 0.9077155824508321,
        "H@10": 0.9757942511346445,
        "MRR": 0.8136420743753544
    }
}