{
    "Test": {
        "H@1": 0.6777609682299546,
        "H@3": 0.8335854765506808,
        "H@10": 0.9440242057488654,
        "MRR": 0.7710555583321733
    }
}