{
    "Test": {
        "H@1": 0.34916201117318435,
        "H@3": 0.5977653631284916,
        "H@10": 0.8752327746741154,
        "MRR": 0.5139061030195546
    }
}