{
    "Test": {
        "H@1": 0.4205748865355522,
        "H@3": 0.745839636913767,
        "H@10": 0.9213313161875946,
        "MRR": 0.5986042738926488
    }
}