{
    "Test": {
        "H@1": 0.3283582089552239,
        "H@3": 0.6517412935323383,
        "H@10": 0.9751243781094527,
        "MRR": 0.5353492831104771
    }
}