{
    "Test": {
        "H@1": 0.39939485627836613,
        "H@3": 0.7034795763993948,
        "H@10": 0.9364599092284418,
        "MRR": 0.5790563954711626
    }
}