{
    "Test": {
        "H@1": 0.5307262569832403,
        "H@3": 0.8044692737430168,
        "H@10": 0.9506517690875232,
        "MRR": 0.6867219010005652
    }
}