{
    "Test": {
        "H@1": 0.47806354009077157,
        "H@3": 0.7806354009077155,
        "H@10": 0.9546142208774584,
        "MRR": 0.6520257326049607
    }
}