{
    "Test": {
        "H@1": 0.3903177004538578,
        "H@3": 0.7291981845688351,
        "H@10": 0.9107413010590015,
        "MRR": 0.5755633745639036
    }
}