{
    "Test": {
        "H@1": 0.6762481089258698,
        "H@3": 0.9228441754916793,
        "H@10": 0.9773071104387292,
        "MRR": 0.8035559085350452
    }
}