Triple Injection Ratios,0.01,0.02,0.03
Random,0.6585047631986605,0.6412113302679505,0.6546152256370932
PageRank,0.6764165128948761,0.6598643251726775,0.6377805181549815
Harmonic closeness,0.6720110887049224,0.6497577118202722,0.6576168615464785
