Triple Injection Ratios,0.01,0.02,0.03
Random,0.6632518651781957,0.68816871157263,0.6603628285371427
PageRank,0.65821939580806,0.657980446917542,0.6731152823606251
Harmonic closeness,0.6615475421352561,0.6740992245438759,0.646682519293124
