Triple Injection Ratios,0.01,0.02,0.03
Random,0.6553894605921885,0.6916126483752288,0.7009829862316994
PageRank,0.659708394431708,0.6584942035625154,0.6682147663574104
Harmonic closeness,0.6622793506974078,0.7060543026057288,0.6723637262375337
