{
    "Test": {
        "H@1": 0.4493192133131619,
        "H@3": 0.7201210287443268,
        "H@10": 0.903177004538578,
        "MRR": 0.60832326348648
    }
}