{
    "Test": {
        "H@1": 0.4129353233830846,
        "H@3": 0.7860696517412935,
        "H@10": 0.9850746268656716,
        "MRR": 0.6197527872901007
    }
}