{
    "Test": {
        "H@1": 0.5223880597014925,
        "H@3": 0.8208955223880597,
        "H@10": 0.9751243781094527,
        "MRR": 0.685606240083852
    }
}