{
    "Test": {
        "H@1": 0.6278366111951589,
        "H@3": 0.8940998487140696,
        "H@10": 0.9712556732223904,
        "MRR": 0.7637555378421341
    }
}