{
    "Test": {
        "H@1": 0.49016641452344933,
        "H@3": 0.7806354009077155,
        "H@10": 0.9364599092284418,
        "MRR": 0.648845016834033
    }
}