{
    "Test": {
        "H@1": 0.4977307110438729,
        "H@3": 0.7655068078668684,
        "H@10": 0.9258698940998488,
        "MRR": 0.6510857968647565
    }
}