{
    "Test": {
        "H@1": 0.462756052141527,
        "H@3": 0.7960893854748603,
        "H@10": 0.9497206703910615,
        "MRR": 0.6468273472300458
    }
}