{
    "Train": {
        "H@1": 0.8029141104294478,
        "H@3": 0.9662576687116564,
        "H@10": 0.997795245398773,
        "MRR": 0.8866203357426407
    },
    "Val": {
        "H@1": 0.678680981595092,
        "H@3": 0.8865030674846626,
        "H@10": 0.9578220858895705,
        "MRR": 0.7903339486288697
    },
    "Test": {
        "H@1": 0.68910741301059,
        "H@3": 0.9099848714069592,
        "H@10": 0.9689863842662633,
        "MRR": 0.8040898893252219
    }
}