{
    "Test": {
        "H@1": 0.6853252647503782,
        "H@3": 0.897125567322239,
        "H@10": 0.9788199697428139,
        "MRR": 0.804508319312818
    }
}