{
    "Train": {
        "H@1": 0.7366054343666284,
        "H@3": 0.9601033295063146,
        "H@10": 0.9976081132797551,
        "MRR": 0.8499959977931237
    },
    "Val": {
        "H@1": 0.620398773006135,
        "H@3": 0.8757668711656442,
        "H@10": 0.9516871165644172,
        "MRR": 0.7550430162739188
    },
    "Test": {
        "H@1": 0.6111951588502269,
        "H@3": 0.8683812405446294,
        "H@10": 0.9682299546142209,
        "MRR": 0.7525764640413695
    }
}