Triple Injection Ratios,0.01,0.02,0.03
Random,0.8531828221437752,0.8480698802323297,0.8506405297575973
PageRank,0.8448912018930221,0.850785083803737,0.8495906583376286
Harmonic closeness,0.8418927349204691,0.8309659764422693,0.8499909008812264
