Triple Injection Ratios,0.01,0.02,0.03
Random,0.8530771011465765,0.8383221166639208,0.8454614997353446
PageRank,0.8446199473294084,0.8361894280559172,0.8235854358496956
Harmonic closeness,0.8338320829807382,0.8422480734432197,0.8357867368059462
