Triple Injection Ratios,0.01,0.02,0.03
Random,0.8374697033707695,0.8383228062172463,0.8433383866899549
PageRank,0.8524990230909113,0.8472834677992365,0.8287740010167602
Harmonic closeness,0.8382461912887651,0.8363863595445814,0.8329050780450175
