{
    "Train": {
        "H@1": 0.6976288274831964,
        "H@3": 0.9361463778939507,
        "H@10": 0.9892643764002987,
        "MRR": 0.8214859733798676
    },
    "Val": {
        "H@1": 0.602760736196319,
        "H@3": 0.8619631901840491,
        "H@10": 0.9516871165644172,
        "MRR": 0.7434392385952223
    },
    "Test": {
        "H@1": 0.6127080181543116,
        "H@3": 0.8819969742813918,
        "H@10": 0.9644478063540091,
        "MRR": 0.7563917524163809
    }
}