{
    "Test": {
        "H@1": 0.7004538577912254,
        "H@3": 0.9092284417549168,
        "H@10": 0.972768532526475,
        "MRR": 0.8108027049276928
    }
}