{
    "Test": {
        "H@1": 0.6019900497512438,
        "H@3": 0.7711442786069652,
        "H@10": 1.0,
        "MRR": 0.7191088209744926
    }
}