{
    "Test": {
        "H@1": 0.6368715083798883,
        "H@3": 0.8603351955307262,
        "H@10": 0.9702048417132216,
        "MRR": 0.7598896001679424
    }
}