{
    "Test": {
        "H@1": 0.5068078668683812,
        "H@3": 0.8078668683812406,
        "H@10": 0.9409984871406959,
        "MRR": 0.6662100447034235
    }
}