{
    "Train": {
        "H@1": 0.7188210765731615,
        "H@3": 0.939442759666414,
        "H@10": 0.9927028051554208,
        "MRR": 0.8324402058305291
    },
    "Val": {
        "H@1": 0.5973926380368099,
        "H@3": 0.8443251533742331,
        "H@10": 0.9524539877300614,
        "MRR": 0.7344545190278109
    },
    "Test": {
        "H@1": 0.6043872919818457,
        "H@3": 0.8472012102874432,
        "H@10": 0.962178517397882,
        "MRR": 0.7389242788452243
    }
}