{
    "Test": {
        "H@1": 0.6201117318435754,
        "H@3": 0.8538175046554934,
        "H@10": 0.9674115456238361,
        "MRR": 0.7493621944354428
    }
}