{
    "Test": {
        "H@1": 0.6883509833585476,
        "H@3": 0.903177004538578,
        "H@10": 0.9712556732223904,
        "MRR": 0.7988380417278631
    }
}