{
    "Test": {
        "H@1": 0.47655068078668683,
        "H@3": 0.7972768532526475,
        "H@10": 0.9304084720121029,
        "MRR": 0.64850823346901
    }
}