{
    "Train": {
        "H@1": 0.6824194785276073,
        "H@3": 0.9412384969325154,
        "H@10": 0.9917561349693251,
        "MRR": 0.8142222715949752
    },
    "Val": {
        "H@1": 0.5659509202453987,
        "H@3": 0.8665644171779141,
        "H@10": 0.9516871165644172,
        "MRR": 0.7212055007146508
    },
    "Test": {
        "H@1": 0.5741301059001512,
        "H@3": 0.8797276853252648,
        "H@10": 0.9636913767019667,
        "MRR": 0.7325857600771606
    }
}