{
    "Test": {
        "H@1": 0.6517690875232774,
        "H@3": 0.8770949720670391,
        "H@10": 0.9767225325884544,
        "MRR": 0.7711408570161034
    }
}