{
    "Test": {
        "H@1": 0.5809379727685325,
        "H@3": 0.8048411497730711,
        "H@10": 0.9379727685325264,
        "MRR": 0.7102611713800197
    }
}