{
    "Test": {
        "H@1": 0.35661080074487894,
        "H@3": 0.6247672253258846,
        "H@10": 0.861266294227188,
        "MRR": 0.52191707707543
    }
}