{
    "Test": {
        "H@1": 0.3888048411497731,
        "H@3": 0.6248108925869894,
        "H@10": 0.8479576399394856,
        "MRR": 0.540014504892527
    }
}