{
    "Test": {
        "H@1": 0.573373676248109,
        "H@3": 0.8744326777609682,
        "H@10": 0.9636913767019667,
        "MRR": 0.7304264586538723
    }
}