{
    "Test": {
        "H@1": 0.47049924357034795,
        "H@3": 0.7912254160363086,
        "H@10": 0.9531013615733737,
        "MRR": 0.6482983896347827
    }
}