{
    "Test": {
        "H@1": 0.572139303482587,
        "H@3": 0.8258706467661692,
        "H@10": 0.9850746268656716,
        "MRR": 0.7126711320741171
    }
}