{
    "Test": {
        "H@1": 0.735249621785174,
        "H@3": 0.9213313161875946,
        "H@10": 0.9773071104387292,
        "MRR": 0.8330484371929392
    }
}