{
    "Test": {
        "H@1": 0.6913767019667171,
        "H@3": 0.903177004538578,
        "H@10": 0.972768532526475,
        "MRR": 0.805337244199139
    }
}