{
    "Train": {
        "H@1": 0.753234398782344,
        "H@3": 0.9564307458143074,
        "H@10": 0.993816590563166,
        "MRR": 0.8567189627878014
    },
    "Val": {
        "H@1": 0.651840490797546,
        "H@3": 0.8773006134969326,
        "H@10": 0.9539877300613497,
        "MRR": 0.7737687246839311
    },
    "Test": {
        "H@1": 0.6414523449319214,
        "H@3": 0.8789712556732224,
        "H@10": 0.9697428139183056,
        "MRR": 0.7695069232025628
    }
}