{
    "Test": {
        "H@1": 0.40130353817504655,
        "H@3": 0.638733705772812,
        "H@10": 0.9013035381750466,
        "MRR": 0.5592999619097112
    }
}