{
    "Test": {
        "H@1": 0.5007564296520424,
        "H@3": 0.762481089258699,
        "H@10": 0.9213313161875946,
        "MRR": 0.6538631035221195
    }
}