{
    "Test": {
        "H@1": 0.594553706505295,
        "H@3": 0.8532526475037822,
        "H@10": 0.9697428139183056,
        "MRR": 0.7383332005890046
    }
}