{
    "Train": {
        "H@1": 0.647440794499618,
        "H@3": 0.9128151260504201,
        "H@10": 0.9872039724980901,
        "MRR": 0.78449160205558
    },
    "Val": {
        "H@1": 0.5391104294478528,
        "H@3": 0.8182515337423313,
        "H@10": 0.9455521472392638,
        "MRR": 0.690098444954618
    },
    "Test": {
        "H@1": 0.5695915279878971,
        "H@3": 0.8502269288956127,
        "H@10": 0.953857791225416,
        "MRR": 0.7181470241611381
    }
}