{
    "Train": {
        "H@1": 0.7262740029542097,
        "H@3": 0.9527326440177253,
        "H@10": 0.9956610044313147,
        "MRR": 0.8419621624437006
    },
    "Val": {
        "H@1": 0.6096625766871165,
        "H@3": 0.8742331288343558,
        "H@10": 0.9539877300613497,
        "MRR": 0.7521058303529508
    },
    "Test": {
        "H@1": 0.5975794251134644,
        "H@3": 0.8736762481089259,
        "H@10": 0.9576399394856279,
        "MRR": 0.7441272595515236
    }
}