{
    "Test": {
        "H@1": 0.491679273827534,
        "H@3": 0.7806354009077155,
        "H@10": 0.9440242057488654,
        "MRR": 0.6481944423120571
    }
}