{
    "Train": {
        "H@1": 0.1837334395856161,
        "H@3": 0.3800179300727164,
        "H@10": 0.5841717302520172,
        "MRR": 0.3209787662154459
    },
    "Val": {
        "H@1": 0.25766871165644173,
        "H@3": 0.5498466257668712,
        "H@10": 0.8029141104294478,
        "MRR": 0.4382695481707018
    },
    "Test": {
        "H@1": 0.30257186081694404,
        "H@3": 0.5915279878971256,
        "H@10": 0.8366111951588502,
        "MRR": 0.4801592757622364
    }
}