{
    "Train": {
        "H@1": 0.5329536967886482,
        "H@3": 0.7919156086631814,
        "H@10": 0.9364264376400299,
        "MRR": 0.6791189075009103
    },
    "Val": {
        "H@1": 0.4570552147239264,
        "H@3": 0.7285276073619632,
        "H@10": 0.8926380368098159,
        "MRR": 0.6117418142079517
    },
    "Test": {
        "H@1": 0.46142208774583965,
        "H@3": 0.74357034795764,
        "H@10": 0.9084720121028744,
        "MRR": 0.6214580002083511
    }
}