{
    "Test": {
        "H@1": 0.7049924357034796,
        "H@3": 0.924357034795764,
        "H@10": 0.9697428139183056,
        "MRR": 0.8161028297274184
    }
}