{
    "Test": {
        "H@1": 0.48258706467661694,
        "H@3": 0.7860696517412935,
        "H@10": 0.9850746268656716,
        "MRR": 0.6587083176635415
    }
}