{
    "Train": {
        "H@1": 0.6178105828220859,
        "H@3": 0.8885161042944786,
        "H@10": 0.9790069018404908,
        "MRR": 0.7619186891029857
    },
    "Val": {
        "H@1": 0.5230061349693251,
        "H@3": 0.8159509202453987,
        "H@10": 0.9455521472392638,
        "MRR": 0.6860024082555516
    },
    "Test": {
        "H@1": 0.5211800302571861,
        "H@3": 0.8320726172465961,
        "H@10": 0.9425113464447806,
        "MRR": 0.6880311641126549
    }
}