{
    "Train": {
        "H@1": 0.764269406392694,
        "H@3": 0.9628995433789954,
        "H@10": 0.996765601217656,
        "MRR": 0.865349183388087
    },
    "Val": {
        "H@1": 0.6671779141104295,
        "H@3": 0.8849693251533742,
        "H@10": 0.963957055214724,
        "MRR": 0.7870817589435616
    },
    "Test": {
        "H@1": 0.630105900151286,
        "H@3": 0.8797276853252648,
        "H@10": 0.9682299546142209,
        "MRR": 0.7670845519527163
    }
}