{
    "Test": {
        "H@1": 0.5771144278606966,
        "H@3": 0.736318407960199,
        "H@10": 0.9850746268656716,
        "MRR": 0.6916448256000495
    }
}