{
    "Test": {
        "H@1": 0.5370650529500757,
        "H@3": 0.8350983358547656,
        "H@10": 0.9500756429652042,
        "MRR": 0.6965674507449487
    }
}