{
    "Test": {
        "H@1": 0.5297951582867784,
        "H@3": 0.8128491620111732,
        "H@10": 0.9515828677839852,
        "MRR": 0.6864031703107843
    }
}