{
    "Test": {
        "H@1": 0.4975124378109453,
        "H@3": 0.8208955223880597,
        "H@10": 1.0,
        "MRR": 0.6773908236594804
    }
}