{
    "Train": {
        "H@1": 0.6594189137865553,
        "H@3": 0.9183440941891379,
        "H@10": 0.9855677933915685,
        "MRR": 0.7942629719754905
    },
    "Val": {
        "H@1": 0.5567484662576687,
        "H@3": 0.8412576687116564,
        "H@10": 0.9394171779141104,
        "MRR": 0.7079379673630714
    },
    "Test": {
        "H@1": 0.5726172465960666,
        "H@3": 0.8600605143721634,
        "H@10": 0.9508320726172466,
        "MRR": 0.7261551100403512
    }
}