Triple Injection Ratios,0.01,0.02,0.03
Random,0.3583623892608783,0.3583315460977005,0.3483672068750853
PageRank,0.35536941457728877,0.35005284828764205,0.35485295193264943
Harmonic closeness,0.35682971262028224,0.360492729438696,0.359743502822162
