Triple Injection Ratios,0.01,0.02,0.03
Random,0.35854626879353685,0.3561097992625709,0.3564332215223284
PageRank,0.356079443712096,0.35699585880200657,0.3460444364694092
Harmonic closeness,0.35433152903626963,0.35391508976510827,0.36006894659468314
