Triple Injection Ratios,0.01,0.02,0.03
Random,0.35761152814312847,0.3571272439754237,0.35893830098100793
PageRank,0.3569431620242787,0.3531341311938247,0.3549801318536013
Harmonic closeness,0.35548770455160256,0.35679840633149823,0.36034478153446575
