{
    "Test": {
        "H@1": 0.6354009077155824,
        "H@3": 0.8214826021180031,
        "H@10": 0.9379727685325264,
        "MRR": 0.7413517373025406
    }
}