{
    "Test": {
        "H@1": 0.4543761638733706,
        "H@3": 0.7653631284916201,
        "H@10": 0.946927374301676,
        "MRR": 0.630890531600858
    }
}