{
    "Train": {
        "H@1": 0.7222535741158767,
        "H@3": 0.9399924755455229,
        "H@10": 0.9950150489089541,
        "MRR": 0.8362113720310743
    },
    "Val": {
        "H@1": 0.5789877300613497,
        "H@3": 0.8320552147239264,
        "H@10": 0.9547546012269938,
        "MRR": 0.7203608959505478
    },
    "Test": {
        "H@1": 0.5726172465960666,
        "H@3": 0.8623298033282905,
        "H@10": 0.9583963691376702,
        "MRR": 0.7283227762613423
    }
}