{
    "Train": {
        "H@1": 0.6665104947526237,
        "H@3": 0.9383433283358321,
        "H@10": 0.9895989505247377,
        "MRR": 0.8067613963512027
    },
    "Val": {
        "H@1": 0.5644171779141104,
        "H@3": 0.875,
        "H@10": 0.950920245398773,
        "MRR": 0.7274600178948001
    },
    "Test": {
        "H@1": 0.575642965204236,
        "H@3": 0.8880484114977307,
        "H@10": 0.9629349470499243,
        "MRR": 0.739606445612699
    }
}