{
    "Test": {
        "H@1": 0.4402420574886536,
        "H@3": 0.7488653555219364,
        "H@10": 0.9334341906202723,
        "MRR": 0.6119894230394166
    }
}