{
    "Test": {
        "H@1": 0.3978819969742814,
        "H@3": 0.7049924357034796,
        "H@10": 0.9258698940998488,
        "MRR": 0.5799946778927902
    }
}