{
    "Test": {
        "H@1": 0.6626323751891074,
        "H@3": 0.903177004538578,
        "H@10": 0.9818456883509834,
        "MRR": 0.7898490533927618
    }
}