{
    "Test": {
        "H@1": 0.6308623298033282,
        "H@3": 0.869894099848714,
        "H@10": 0.9682299546142209,
        "MRR": 0.7626695219635056
    }
}