{
    "Test": {
        "H@1": 0.6096822995461422,
        "H@3": 0.8895612708018155,
        "H@10": 0.962178517397882,
        "MRR": 0.7562733556782338
    }
}