{
    "Train": {
        "H@1": 0.7128353879622915,
        "H@3": 0.9265772298767223,
        "H@10": 0.9887599709934736,
        "MRR": 0.8238448641301034
    },
    "Val": {
        "H@1": 0.5966257668711656,
        "H@3": 0.8443251533742331,
        "H@10": 0.9478527607361963,
        "MRR": 0.73246992217042
    },
    "Test": {
        "H@1": 0.6021180030257186,
        "H@3": 0.857034795763994,
        "H@10": 0.9614220877458396,
        "MRR": 0.7405790610616784
    }
}