{
    "Train": {
        "H@1": 0.7562547384382108,
        "H@3": 0.9681576952236542,
        "H@10": 0.9986732373009856,
        "MRR": 0.8619659243912932
    },
    "Val": {
        "H@1": 0.6188650306748467,
        "H@3": 0.8888036809815951,
        "H@10": 0.963957055214724,
        "MRR": 0.7600212488092599
    },
    "Test": {
        "H@1": 0.6422087745839636,
        "H@3": 0.9092284417549168,
        "H@10": 0.9674735249621785,
        "MRR": 0.7787194576960184
    }
}