{
    "Test": {
        "H@1": 0.3268156424581006,
        "H@3": 0.5642458100558659,
        "H@10": 0.8631284916201117,
        "MRR": 0.49029725884847336
    }
}