{
    "Train": {
        "H@1": 0.7471461187214612,
        "H@3": 0.9740296803652968,
        "H@10": 0.9985730593607306,
        "MRR": 0.8614660539450125
    },
    "Val": {
        "H@1": 0.6365030674846626,
        "H@3": 0.911042944785276,
        "H@10": 0.9716257668711656,
        "MRR": 0.7790076552199967
    },
    "Test": {
        "H@1": 0.6172465960665658,
        "H@3": 0.913767019667171,
        "H@10": 0.9757942511346445,
        "MRR": 0.7724594544632487
    }
}