{
    "Test": {
        "H@1": 0.5865921787709497,
        "H@3": 0.8361266294227188,
        "H@10": 0.962756052141527,
        "MRR": 0.72280091852829
    }
}