{
    "Test": {
        "H@1": 0.6108007448789572,
        "H@3": 0.8463687150837989,
        "H@10": 0.972998137802607,
        "MRR": 0.7411010000692757
    }
}