{
    "Test": {
        "H@1": 0.5173978819969742,
        "H@3": 0.8093797276853253,
        "H@10": 0.9455370650529501,
        "MRR": 0.679120605769976
    }
}