{
    "Test": {
        "H@1": 0.5024875621890548,
        "H@3": 0.7860696517412935,
        "H@10": 0.9850746268656716,
        "MRR": 0.6720542862333906
    }
}