{
    "Test": {
        "H@1": 0.5223463687150838,
        "H@3": 0.8063314711359404,
        "H@10": 0.9608938547486033,
        "MRR": 0.681076798199341
    }
}