{
    "Test": {
        "H@1": 0.5975794251134644,
        "H@3": 0.8502269288956127,
        "H@10": 0.9364599092284418,
        "MRR": 0.7302082169563681
    }
}