{
    "Train": {
        "H@1": 0.6952645705521472,
        "H@3": 0.8362730061349694,
        "H@10": 0.9390337423312883,
        "MRR": 0.7803371644384614
    },
    "Val": {
        "H@1": 0.531441717791411,
        "H@3": 0.7170245398773006,
        "H@10": 0.88420245398773,
        "MRR": 0.6474402578327663
    },
    "Test": {
        "H@1": 0.5196671709531013,
        "H@3": 0.7170953101361573,
        "H@10": 0.8774583963691377,
        "MRR": 0.6410769273862099
    }
}