{
    "Test": {
        "H@1": 0.7155824508320726,
        "H@3": 0.9122541603630863,
        "H@10": 0.9682299546142209,
        "MRR": 0.818680074639082
    }
}