{
    "Test": {
        "H@1": 0.4702048417132216,
        "H@3": 0.7802607076350093,
        "H@10": 0.946927374301676,
        "MRR": 0.6439693264867228
    }
}