{
    "Train": {
        "H@1": 0.7000534188034188,
        "H@3": 0.9344729344729344,
        "H@10": 0.9935897435897436,
        "MRR": 0.8214427048390206
    },
    "Val": {
        "H@1": 0.593558282208589,
        "H@3": 0.8611963190184049,
        "H@10": 0.9601226993865031,
        "MRR": 0.7373712810810027
    },
    "Test": {
        "H@1": 0.5953101361573374,
        "H@3": 0.875945537065053,
        "H@10": 0.9629349470499243,
        "MRR": 0.7457465432403788
    }
}