{
    "Train": {
        "H@1": 0.4639087825103656,
        "H@3": 0.7647003392385978,
        "H@10": 0.9414813418771203,
        "MRR": 0.6379770526080871
    },
    "Val": {
        "H@1": 0.4026073619631902,
        "H@3": 0.6993865030674846,
        "H@10": 0.8903374233128835,
        "MRR": 0.5790265962170871
    },
    "Test": {
        "H@1": 0.3812405446293495,
        "H@3": 0.7004538577912254,
        "H@10": 0.9062027231467473,
        "MRR": 0.56896448660001
    }
}