{
    "Test": {
        "H@1": 0.4750378214826021,
        "H@3": 0.8063540090771558,
        "H@10": 0.9636913767019667,
        "MRR": 0.6527281636977944
    }
}