{
    "Train": {
        "H@1": 0.803680981595092,
        "H@3": 0.9712423312883436,
        "H@10": 0.9981786809815951,
        "MRR": 0.8890907231166425
    },
    "Val": {
        "H@1": 0.6871165644171779,
        "H@3": 0.906441717791411,
        "H@10": 0.9708588957055214,
        "MRR": 0.8014229905858857
    },
    "Test": {
        "H@1": 0.6664145234493192,
        "H@3": 0.9114977307110439,
        "H@10": 0.9742813918305597,
        "MRR": 0.7941601693396281
    }
}