{
    "Train": {
        "H@1": 0.5567282321899736,
        "H@3": 0.8402751601960046,
        "H@10": 0.9609875612514135,
        "MRR": 0.7117822118767948
    },
    "Val": {
        "H@1": 0.4808282208588957,
        "H@3": 0.7561349693251533,
        "H@10": 0.9118098159509203,
        "MRR": 0.6400900905118982
    },
    "Test": {
        "H@1": 0.47276853252647505,
        "H@3": 0.75642965204236,
        "H@10": 0.926626323751891,
        "MRR": 0.6406513023039174
    }
}