{
    "Test": {
        "H@1": 0.3681592039800995,
        "H@3": 0.6965174129353234,
        "H@10": 0.9502487562189055,
        "MRR": 0.5637847227399466
    }
}