{
    "Test": {
        "H@1": 0.5930408472012103,
        "H@3": 0.7745839636913767,
        "H@10": 0.9273827534039334,
        "MRR": 0.704419866296418
    }
}