{
    "Train": {
        "H@1": 0.4805112400290065,
        "H@3": 0.7937817258883249,
        "H@10": 0.9329224075416969,
        "MRR": 0.6546440492763002
    },
    "Val": {
        "H@1": 0.4125766871165644,
        "H@3": 0.7538343558282209,
        "H@10": 0.9095092024539877,
        "MRR": 0.6011525102793438
    },
    "Test": {
        "H@1": 0.424357034795764,
        "H@3": 0.7685325264750378,
        "H@10": 0.9273827534039334,
        "MRR": 0.6158155296189891
    }
}