{
    "Train": {
        "H@1": 0.756918119787718,
        "H@3": 0.9685367702805155,
        "H@10": 0.9984836997725549,
        "MRR": 0.8624222131944654
    },
    "Val": {
        "H@1": 0.6388036809815951,
        "H@3": 0.8826687116564417,
        "H@10": 0.9501533742331288,
        "MRR": 0.7667439504202134
    },
    "Test": {
        "H@1": 0.6437216338880484,
        "H@3": 0.9024205748865356,
        "H@10": 0.9659606656580938,
        "MRR": 0.7781437077723635
    }
}