Triple Injection Ratios,0.01,0.02,0.03
Random,0.6332331624652255,0.6718693764094781,0.6214776050540658
Closeness,0.5538410184351151,0.3252682660319938,0.61471205177834
Betweenness,0.6473510386835479,0.5830099506624986,0.5957349079465417
