Triple Injection Ratios,0.01,0.02,0.03
Random,0.6525556630972945,0.6564980111169398,0.6364131484125187
Closeness,0.5915084040321236,0.3041194405807222,0.636636330369822
Betweenness,0.6776437875234406,0.6508925258450291,0.5487280732189107
