Triple Injection Ratios,0.01,0.02,0.03
Random,0.6949620802216256,0.6957892965994361,0.6218585234289493
Closeness,0.5928804213536392,0.3546507426534479,0.6690578341466442
Betweenness,0.6647890322140385,0.6327354092430757,0.6750407117721386
