{
    "Test": {
        "H@1": 0.6762481089258698,
        "H@3": 0.9001512859304085,
        "H@10": 0.9652042360060514,
        "MRR": 0.7912690777059466
    }
}