{
    "Test": {
        "H@1": 0.7488653555219364,
        "H@3": 0.9228441754916793,
        "H@10": 0.9742813918305597,
        "MRR": 0.8400173225261353
    }
}