{
    "Test": {
        "H@1": 0.5472636815920398,
        "H@3": 0.7910447761194029,
        "H@10": 0.9950248756218906,
        "MRR": 0.7002074763268793
    }
}