{
    "Train": {
        "H@1": 0.6484048613748575,
        "H@3": 0.8880554500569693,
        "H@10": 0.976927459172047,
        "MRR": 0.777452254170888
    },
    "Val": {
        "H@1": 0.5567484662576687,
        "H@3": 0.7960122699386503,
        "H@10": 0.9309815950920245,
        "MRR": 0.6944986877465752
    },
    "Test": {
        "H@1": 0.537821482602118,
        "H@3": 0.8086232980332829,
        "H@10": 0.9447806354009077,
        "MRR": 0.690214232825625
    }
}