{
    "Train": {
        "H@1": 0.7856057728826433,
        "H@3": 0.9731295100645652,
        "H@10": 0.9990505127231295,
        "MRR": 0.8803357302538354
    },
    "Val": {
        "H@1": 0.661042944785276,
        "H@3": 0.897239263803681,
        "H@10": 0.968558282208589,
        "MRR": 0.7870648257040005
    },
    "Test": {
        "H@1": 0.6611195158850227,
        "H@3": 0.916036308623298,
        "H@10": 0.972768532526475,
        "MRR": 0.7930853524970085
    }
}