{
    "Test": {
        "H@1": 0.5870646766169154,
        "H@3": 0.8308457711442786,
        "H@10": 0.9950248756218906,
        "MRR": 0.7270509479464703
    }
}