{
    "Test": {
        "H@1": 0.44776119402985076,
        "H@3": 0.746268656716418,
        "H@10": 0.9900497512437811,
        "MRR": 0.6217168127615889
    }
}