{
    "Test": {
        "H@1": 0.3770949720670391,
        "H@3": 0.6191806331471136,
        "H@10": 0.8873370577281192,
        "MRR": 0.5372460295861394
    }
}