{
    "Train": {
        "H@1": 0.7504765535646206,
        "H@3": 0.9711208539839878,
        "H@10": 0.9978078536027449,
        "MRR": 0.8620705505024617
    },
    "Val": {
        "H@1": 0.6510736196319018,
        "H@3": 0.8926380368098159,
        "H@10": 0.9677914110429447,
        "MRR": 0.7825229744972911
    },
    "Test": {
        "H@1": 0.6437216338880484,
        "H@3": 0.8940998487140696,
        "H@10": 0.9644478063540091,
        "MRR": 0.7780777189657702
    }
}