{
    "Test": {
        "H@1": 0.56732223903177,
        "H@3": 0.8714069591527988,
        "H@10": 0.9515885022692889,
        "MRR": 0.724051429818223
    }
}