{
    "Test": {
        "H@1": 0.5128593040847201,
        "H@3": 0.7639939485627837,
        "H@10": 0.9349470499243571,
        "MRR": 0.6588207455249399
    }
}