{
    "Test": {
        "H@1": 0.6384266263237519,
        "H@3": 0.8366111951588502,
        "H@10": 0.9485627836611196,
        "MRR": 0.7511899792088428
    }
}