{
    "Test": {
        "H@1": 0.47806354009077157,
        "H@3": 0.8184568835098336,
        "H@10": 0.9425113464447806,
        "MRR": 0.6593491245768972
    }
}