{
    "Train": {
        "H@1": 0.9468941717791411,
        "H@3": 0.9963573619631901,
        "H@10": 0.9988496932515337,
        "MRR": 0.9718633552030791
    },
    "Val": {
        "H@1": 0.7239263803680982,
        "H@3": 0.9141104294478528,
        "H@10": 0.9769938650306749,
        "MRR": 0.8264382368496718
    },
    "Test": {
        "H@1": 0.697428139183056,
        "H@3": 0.903177004538578,
        "H@10": 0.9682299546142209,
        "MRR": 0.8068832005992609
    }
}