{
    "Train": {
        "H@1": 0.7524923312883436,
        "H@3": 0.9507285276073619,
        "H@10": 0.99357745398773,
        "MRR": 0.8533109948610142
    },
    "Val": {
        "H@1": 0.6280674846625767,
        "H@3": 0.8665644171779141,
        "H@10": 0.9470858895705522,
        "MRR": 0.7570650629583588
    },
    "Test": {
        "H@1": 0.6331316187594553,
        "H@3": 0.8630862329803328,
        "H@10": 0.9576399394856279,
        "MRR": 0.7584196290793428
    }
}