{
    "Test": {
        "H@1": 0.680786686838124,
        "H@3": 0.8638426626323752,
        "H@10": 0.9531013615733737,
        "MRR": 0.7853518636636565
    }
}