{
    "Test": {
        "H@1": 0.6959152798789713,
        "H@3": 0.8940998487140696,
        "H@10": 0.9546142208774584,
        "MRR": 0.8011568583888633
    }
}