{
    "Train": {
        "H@1": 0.7878151260504201,
        "H@3": 0.9778456837280367,
        "H@10": 0.9986631016042781,
        "MRR": 0.8830921900440611
    },
    "Val": {
        "H@1": 0.6748466257668712,
        "H@3": 0.9095092024539877,
        "H@10": 0.9708588957055214,
        "MRR": 0.7996524120856117
    },
    "Test": {
        "H@1": 0.6792738275340393,
        "H@3": 0.916036308623298,
        "H@10": 0.9765506807866868,
        "MRR": 0.803195292867213
    }
}