{
    "Test": {
        "H@1": 0.7231467473524962,
        "H@3": 0.9213313161875946,
        "H@10": 0.9682299546142209,
        "MRR": 0.8253149190726806
    }
}