{
    "Test": {
        "H@1": 0.34450651769087526,
        "H@3": 0.5847299813780261,
        "H@10": 0.8705772811918063,
        "MRR": 0.5077753483243203
    }
}