{
    "Test": {
        "H@1": 0.35567970204841715,
        "H@3": 0.5847299813780261,
        "H@10": 0.8817504655493482,
        "MRR": 0.5149529847633516
    }
}