{
    "Train": {
        "H@1": 0.7528376844494892,
        "H@3": 0.9579076806659099,
        "H@10": 0.9959326522890655,
        "MRR": 0.8577003140828878
    },
    "Val": {
        "H@1": 0.6226993865030674,
        "H@3": 0.8642638036809815,
        "H@10": 0.9501533742331288,
        "MRR": 0.7538411712487514
    },
    "Test": {
        "H@1": 0.6187594553706506,
        "H@3": 0.8630862329803328,
        "H@10": 0.9667170953101362,
        "MRR": 0.7531377131363973
    }
}