{
    "Test": {
        "H@1": 0.7473524962178517,
        "H@3": 0.913767019667171,
        "H@10": 0.9712556732223904,
        "MRR": 0.8368703086312785
    }
}