{
    "Test": {
        "H@1": 0.4079601990049751,
        "H@3": 0.7512437810945274,
        "H@10": 0.9850746268656716,
        "MRR": 0.6057816837667584
    }
}