{
    "Test": {
        "H@1": 0.5869894099848714,
        "H@3": 0.8305597579425114,
        "H@10": 0.9652042360060514,
        "MRR": 0.726218667990924
    }
}