{
    "Test": {
        "H@1": 0.5325264750378215,
        "H@3": 0.7700453857791225,
        "H@10": 0.9122541603630863,
        "MRR": 0.6727502711735012
    }
}