{
    "Test": {
        "H@1": 0.5158850226928896,
        "H@3": 0.8381240544629349,
        "H@10": 0.9515885022692889,
        "MRR": 0.6838720708926238
    }
}