{
    "Train": {
        "H@1": 0.2560391104294479,
        "H@3": 0.5328796012269938,
        "H@10": 0.7939992331288344,
        "MRR": 0.434800509206121
    },
    "Val": {
        "H@1": 0.20322085889570551,
        "H@3": 0.44631901840490795,
        "H@10": 0.7361963190184049,
        "MRR": 0.3759308499664146
    },
    "Test": {
        "H@1": 0.22239031770045387,
        "H@3": 0.4848714069591528,
        "H@10": 0.7382753403933434,
        "MRR": 0.398042504726805
    }
}