{
    "Test": {
        "H@1": 0.5920398009950248,
        "H@3": 0.7661691542288557,
        "H@10": 1.0,
        "MRR": 0.7147990207691701
    }
}