{
    "Test": {
        "H@1": 0.5223463687150838,
        "H@3": 0.8119180633147114,
        "H@10": 0.9655493482309124,
        "MRR": 0.6833246060665175
    }
}