{
    "Test": {
        "H@1": 0.4664804469273743,
        "H@3": 0.7960893854748603,
        "H@10": 0.957169459962756,
        "MRR": 0.6469570946606871
    }
}