{
    "Train": {
        "H@1": 0.7200724361418224,
        "H@3": 0.9499618757148304,
        "H@10": 0.9968547464735036,
        "MRR": 0.8383397475389567
    },
    "Val": {
        "H@1": 0.5927914110429447,
        "H@3": 0.8696319018404908,
        "H@10": 0.9654907975460123,
        "MRR": 0.7414446203173531
    },
    "Test": {
        "H@1": 0.6036308623298033,
        "H@3": 0.8744326777609682,
        "H@10": 0.9568835098335855,
        "MRR": 0.7496431193935874
    }
}