Triple Injection Ratios,0.01,0.02,0.03
Random,0.2666493300938008,0.2509891389512393,0.27357362816755804
PageRank,0.2596208708581921,0.2542305213973728,0.25651191409105023
Harmonic closeness,0.2672174099010008,0.2741696048215507,0.2712307961381467
