Triple Injection Ratios,0.01,0.02,0.03
Random,0.2548614936554375,0.2745887016354985,0.2799474600835959
PageRank,0.26970900425495453,0.2621612226619064,0.279093787972018
Harmonic closeness,0.25740158130131796,0.2851542567112533,0.28275265778763425
