Triple Injection Ratios,0.01,0.02,0.03
Random,0.27814164420650633,0.26263144070350986,0.2655498187740395
PageRank,0.265793771344697,0.2464282655416271,0.26316479359665296
Harmonic closeness,0.27033505018528564,0.25130880355275587,0.2686270507954431
