{
    "Test": {
        "H@1": 0.5102420856610801,
        "H@3": 0.7942271880819367,
        "H@10": 0.9618249534450651,
        "MRR": 0.6701685921121009
    }
}