{
    "Test": {
        "H@1": 0.43781094527363185,
        "H@3": 0.7910447761194029,
        "H@10": 0.9950248756218906,
        "MRR": 0.6301885234721055
    }
}