{
    "Test": {
        "H@1": 0.573373676248109,
        "H@3": 0.8729198184568835,
        "H@10": 0.9697428139183056,
        "MRR": 0.7286698089434586
    }
}