{
    "Test": {
        "H@1": 0.39334341906202724,
        "H@3": 0.686838124054463,
        "H@10": 0.9001512859304085,
        "MRR": 0.57295321960694
    }
}