{
    "Test": {
        "H@1": 0.417910447761194,
        "H@3": 0.7114427860696517,
        "H@10": 0.9751243781094527,
        "MRR": 0.5980776133761209
    }
}