{
    "Test": {
        "H@1": 0.6145251396648045,
        "H@3": 0.8696461824953445,
        "H@10": 0.9664804469273743,
        "MRR": 0.7479843773762248
    }
}