{
    "Test": {
        "H@1": 0.4823091247672253,
        "H@3": 0.7998137802607076,
        "H@10": 0.9590316573556797,
        "MRR": 0.6527386840532199
    }
}