{
    "Train": {
        "H@1": 0.44747045790251105,
        "H@3": 0.7685561299852289,
        "H@10": 0.9239290989660266,
        "MRR": 0.6259041578623913
    },
    "Val": {
        "H@1": 0.3987730061349693,
        "H@3": 0.7016871165644172,
        "H@10": 0.8826687116564417,
        "MRR": 0.5753174966321573
    },
    "Test": {
        "H@1": 0.3789712556732224,
        "H@3": 0.6928895612708018,
        "H@10": 0.8918305597579426,
        "MRR": 0.5633529472141774
    }
}