{
    "Test": {
        "H@1": 0.4975124378109453,
        "H@3": 0.7810945273631841,
        "H@10": 0.9751243781094527,
        "MRR": 0.6615931884588601
    }
}