{
    "Test": {
        "H@1": 0.3661119515885023,
        "H@3": 0.6565809379727685,
        "H@10": 0.8789712556732224,
        "MRR": 0.5411869506015604
    }
}