{
    "Test": {
        "H@1": 0.32122905027932963,
        "H@3": 0.574487895716946,
        "H@10": 0.8584729981378026,
        "MRR": 0.4920201094281091
    }
}