{
    "Test": {
        "H@1": 0.34328358208955223,
        "H@3": 0.6965174129353234,
        "H@10": 0.9751243781094527,
        "MRR": 0.5468279095144767
    }
}