{
    "Test": {
        "H@1": 0.47806354009077157,
        "H@3": 0.7760968229954615,
        "H@10": 0.9470499243570348,
        "MRR": 0.6463787912758325
    }
}