{
    "Test": {
        "H@1": 0.3957169459962756,
        "H@3": 0.6266294227188082,
        "H@10": 0.8770949720670391,
        "MRR": 0.5489696697083855
    }
}