{
    "Test": {
        "H@1": 0.5476550680786687,
        "H@3": 0.848714069591528,
        "H@10": 0.9697428139183056,
        "MRR": 0.7083683382957212
    }
}