Triple Injection Ratios,0.01,0.02,0.03
Random,0.354352760831617,0.3526671975474787,0.35724819173492417
PageRank,0.33423498619466635,0.3239389810087127,0.3309657362848187
Harmonic closeness,0.3339321341652735,0.3441342256383964,0.32961305952162245
