Triple Injection Ratios,0.01,0.02,0.03
Random,0.35389312020615726,0.3733280339155402,0.3430827746720109
PageRank,0.3490924850978358,0.3567253339940417,0.33890388237019636
Harmonic closeness,0.3404225692448159,0.35064300168359863,0.3596249001951398
