Triple Injection Ratios,0.01,0.02,0.03
Random,0.339896214682689,0.3567221091699609,0.35594085996363956
PageRank,0.3387303614682805,0.34162912620351965,0.3422042084146931
Harmonic closeness,0.3694505206772046,0.3529743076866456,0.3523951105319219
