{
    "Test": {
        "H@1": 0.5264750378214826,
        "H@3": 0.7987897125567323,
        "H@10": 0.9349470499243571,
        "MRR": 0.6754996366053002
    }
}