{
    "Train": {
        "H@1": 0.7282770144819903,
        "H@3": 0.9507983661344226,
        "H@10": 0.9927590048273301,
        "MRR": 0.8421747209638972
    },
    "Val": {
        "H@1": 0.6426380368098159,
        "H@3": 0.8819018404907976,
        "H@10": 0.9593558282208589,
        "MRR": 0.7723053378671699
    },
    "Test": {
        "H@1": 0.6142208774583964,
        "H@3": 0.8857791225416036,
        "H@10": 0.9629349470499243,
        "MRR": 0.7586829596531856
    }
}