{
    "Test": {
        "H@1": 0.6565809379727685,
        "H@3": 0.8214826021180031,
        "H@10": 0.9273827534039334,
        "MRR": 0.7499613912907694
    }
}