{
    "Train": {
        "H@1": 0.7688233068482785,
        "H@3": 0.9735149451381007,
        "H@10": 0.9981082103670071,
        "MRR": 0.8712850339963746
    },
    "Val": {
        "H@1": 0.6403374233128835,
        "H@3": 0.8888036809815951,
        "H@10": 0.9570552147239264,
        "MRR": 0.7719939712726123
    },
    "Test": {
        "H@1": 0.6505295007564297,
        "H@3": 0.903177004538578,
        "H@10": 0.9735249621785174,
        "MRR": 0.7831661124364802
    }
}