{
    "Test": {
        "H@1": 0.5472636815920398,
        "H@3": 0.7810945273631841,
        "H@10": 0.9701492537313433,
        "MRR": 0.6847083126933873
    }
}