{
    "Test": {
        "H@1": 0.7367624810892587,
        "H@3": 0.9183055975794251,
        "H@10": 0.9697428139183056,
        "MRR": 0.8332911174463297
    }
}