{
    "Train": {
        "H@1": 0.723159509202454,
        "H@3": 0.9602185582822086,
        "H@10": 0.9981786809815951,
        "MRR": 0.8405022446937973
    },
    "Val": {
        "H@1": 0.5851226993865031,
        "H@3": 0.8849693251533742,
        "H@10": 0.9662576687116564,
        "MRR": 0.7378998922164887
    },
    "Test": {
        "H@1": 0.6051437216338881,
        "H@3": 0.8918305597579426,
        "H@10": 0.9697428139183056,
        "MRR": 0.751949605977732
    }
}