{
    "Test": {
        "H@1": 0.3398510242085661,
        "H@3": 0.5893854748603352,
        "H@10": 0.87243947858473,
        "MRR": 0.5046413462323128
    }
}