{
    "Train": {
        "H@1": 0.7742266120014909,
        "H@3": 0.9614237793514723,
        "H@10": 0.9972046216921356,
        "MRR": 0.8705859379816864
    },
    "Val": {
        "H@1": 0.6503067484662577,
        "H@3": 0.8826687116564417,
        "H@10": 0.9631901840490797,
        "MRR": 0.7753713756899158
    },
    "Test": {
        "H@1": 0.6543116490166414,
        "H@3": 0.8956127080181543,
        "H@10": 0.9765506807866868,
        "MRR": 0.7830599537692668
    }
}