Triple Injection Ratios,0.01,0.02,0.03
Random,0.6629806404040606,0.6757570668013457,0.6382540022428966
Closeness,0.6882848708954938,0.43707525623353144,0.647928090988754
Betweenness,0.6720694465051751,0.6906208074489588,0.647778042569214
