Triple Injection Ratios,0.01,0.02,0.03
Random,0.7143185311325999,0.6695907323815227,0.6623519032878984
Closeness,0.6766084135302598,0.5943353427394702,0.7067237837845096
Betweenness,0.7318179210001364,0.6824740743533234,0.598954271505162
