Triple Injection Ratios,0.01,0.02,0.03
Random,0.6898907129505428,0.6405155791536556,0.6720760257960596
Closeness,0.6757756752992226,0.5671087209694592,0.7079350135421772
Betweenness,0.7088066339810238,0.6821114509082709,0.6353713566106844
