{
    "Train": {
        "H@1": 0.719579226686884,
        "H@3": 0.9553639120545868,
        "H@10": 0.995166793025019,
        "MRR": 0.8387202389381907
    },
    "Val": {
        "H@1": 0.6142638036809815,
        "H@3": 0.8773006134969326,
        "H@10": 0.9608895705521472,
        "MRR": 0.7533518114057174
    },
    "Test": {
        "H@1": 0.5975794251134644,
        "H@3": 0.9024205748865356,
        "H@10": 0.9735249621785174,
        "MRR": 0.7542271475825316
    }
}