{
    "Test": {
        "H@1": 0.3780260707635009,
        "H@3": 0.6284916201117319,
        "H@10": 0.8957169459962756,
        "MRR": 0.5386939283193297
    }
}