{
    "Test": {
        "H@1": 0.5522388059701493,
        "H@3": 0.7661691542288557,
        "H@10": 0.9800995024875622,
        "MRR": 0.6843366141873606
    }
}