{
    "Train": {
        "H@1": 0.17331040064751113,
        "H@3": 0.35830635370295427,
        "H@10": 0.5858458114123837,
        "MRR": 0.3107238872995956
    },
    "Val": {
        "H@1": 0.254601226993865,
        "H@3": 0.5306748466257669,
        "H@10": 0.7967791411042945,
        "MRR": 0.4316754779059801
    },
    "Test": {
        "H@1": 0.26626323751891073,
        "H@3": 0.5242057488653555,
        "H@10": 0.7995461422087746,
        "MRR": 0.43870694495815665
    }
}