{
    "Test": {
        "H@1": 0.47655068078668683,
        "H@3": 0.7745839636913767,
        "H@10": 0.9455370650529501,
        "MRR": 0.6468120034297281
    }
}