{
    "Test": {
        "H@1": 0.46747352496217853,
        "H@3": 0.7518910741301059,
        "H@10": 0.9167927382753404,
        "MRR": 0.6311574956662201
    }
}