{
    "Train": {
        "H@1": 0.7587352829472085,
        "H@3": 0.9560387390808963,
        "H@10": 0.9960121534371439,
        "MRR": 0.8598429269310054
    },
    "Val": {
        "H@1": 0.6326687116564417,
        "H@3": 0.8726993865030674,
        "H@10": 0.9601226993865031,
        "MRR": 0.7627443486216965
    },
    "Test": {
        "H@1": 0.6414523449319214,
        "H@3": 0.8827534039334342,
        "H@10": 0.970499243570348,
        "MRR": 0.7719779646618194
    }
}