{
    "Test": {
        "H@1": 0.5037821482602118,
        "H@3": 0.8018154311649016,
        "H@10": 0.9364599092284418,
        "MRR": 0.6650326731407464
    }
}