{
    "Train": {
        "H@1": 0.7015912576687117,
        "H@3": 0.946319018404908,
        "H@10": 0.9930023006134969,
        "MRR": 0.8268533227058967
    },
    "Val": {
        "H@1": 0.6219325153374233,
        "H@3": 0.8811349693251533,
        "H@10": 0.9562883435582822,
        "MRR": 0.762706159862638
    },
    "Test": {
        "H@1": 0.6127080181543116,
        "H@3": 0.8850226928895613,
        "H@10": 0.962178517397882,
        "MRR": 0.7573725450878647
    }
}