{
    "Test": {
        "H@1": 0.373134328358209,
        "H@3": 0.736318407960199,
        "H@10": 0.9701492537313433,
        "MRR": 0.5815390938525267
    }
}