{
    "Test": {
        "H@1": 0.3612662942271881,
        "H@3": 0.6145251396648045,
        "H@10": 0.8761638733705773,
        "MRR": 0.5274731925590375
    }
}