{
    "Train": {
        "H@1": 0.7590201291302696,
        "H@3": 0.9629699962020509,
        "H@10": 0.9968666919863274,
        "MRR": 0.8619379469851117
    },
    "Val": {
        "H@1": 0.6142638036809815,
        "H@3": 0.8742331288343558,
        "H@10": 0.9585889570552147,
        "MRR": 0.753346459358862
    },
    "Test": {
        "H@1": 0.6384266263237519,
        "H@3": 0.8895612708018155,
        "H@10": 0.9697428139183056,
        "MRR": 0.7728138556998445
    }
}