{
    "Test": {
        "H@1": 0.653555219364599,
        "H@3": 0.8335854765506808,
        "H@10": 0.9288956127080181,
        "MRR": 0.7585514293738077
    }
}