{
    "Test": {
        "H@1": 0.4357034795763994,
        "H@3": 0.7276853252647504,
        "H@10": 0.9440242057488654,
        "MRR": 0.6101433640765923
    }
}