{
    "Test": {
        "H@1": 0.48714069591527986,
        "H@3": 0.7518910741301059,
        "H@10": 0.9198184568835098,
        "MRR": 0.6367165974791825
    }
}