{
    "Train": {
        "H@1": 0.7805204745503252,
        "H@3": 0.9586681974741676,
        "H@10": 0.995790279372369,
        "MRR": 0.8727643573131082
    },
    "Val": {
        "H@1": 0.6802147239263804,
        "H@3": 0.8872699386503068,
        "H@10": 0.9585889570552147,
        "MRR": 0.7937255373817398
    },
    "Test": {
        "H@1": 0.6928895612708018,
        "H@3": 0.9077155824508321,
        "H@10": 0.9674735249621785,
        "MRR": 0.8074342926411251
    }
}