{
    "Test": {
        "H@1": 0.5128593040847201,
        "H@3": 0.7276853252647504,
        "H@10": 0.8910741301059002,
        "MRR": 0.6438708680756141
    }
}