{
    "Test": {
        "H@1": 0.5754189944134078,
        "H@3": 0.8370577281191807,
        "H@10": 0.9692737430167597,
        "MRR": 0.7194853047774962
    }
}