{
    "Train": {
        "H@1": 0.6967319054652881,
        "H@3": 0.9485782865583456,
        "H@10": 0.9961225997045791,
        "MRR": 0.824573666011058
    },
    "Val": {
        "H@1": 0.5782208588957055,
        "H@3": 0.875,
        "H@10": 0.9662576687116564,
        "MRR": 0.7339024274527042
    },
    "Test": {
        "H@1": 0.5748865355521936,
        "H@3": 0.8751891074130106,
        "H@10": 0.9780635400907716,
        "MRR": 0.7333691861550777
    }
}