{
    "Test": {
        "H@1": 0.36318407960199006,
        "H@3": 0.6368159203980099,
        "H@10": 0.9800995024875622,
        "MRR": 0.5436786127084634
    }
}