{
    "Test": {
        "H@1": 0.48756218905472637,
        "H@3": 0.7412935323383084,
        "H@10": 1.0,
        "MRR": 0.6497788833609729
    }
}