{
    "Test": {
        "H@1": 0.572139303482587,
        "H@3": 0.7313432835820896,
        "H@10": 0.9850746268656716,
        "MRR": 0.6854561966502265
    }
}