{
    "Test": {
        "H@1": 0.6405959031657356,
        "H@3": 0.8594040968342644,
        "H@10": 0.9776536312849162,
        "MRR": 0.762765666522604
    }
}