{
    "Test": {
        "H@1": 0.6127080181543116,
        "H@3": 0.8577912254160364,
        "H@10": 0.9546142208774584,
        "MRR": 0.7454215389219884
    }
}