{
    "Test": {
        "H@1": 0.6822995461422088,
        "H@3": 0.8411497730711044,
        "H@10": 0.9425113464447806,
        "MRR": 0.7754817254786454
    }
}