{
    "Test": {
        "H@1": 0.34328358208955223,
        "H@3": 0.7164179104477612,
        "H@10": 0.9701492537313433,
        "MRR": 0.551581917253559
    }
}