{
    "Test": {
        "H@1": 0.39636913767019666,
        "H@3": 0.6989409984871406,
        "H@10": 0.875945537065053,
        "MRR": 0.567917826082629
    }
}