{
    "Test": {
        "H@1": 0.44780635400907715,
        "H@3": 0.7987897125567323,
        "H@10": 0.9682299546142209,
        "MRR": 0.6369502827197864
    }
}