{
    "Test": {
        "H@1": 0.5446293494704992,
        "H@3": 0.8562783661119516,
        "H@10": 0.962178517397882,
        "MRR": 0.7069535290986776
    }
}