{
    "Train": {
        "H@1": 0.5790067720090294,
        "H@3": 0.9115876598946576,
        "H@10": 0.9888073739653875,
        "MRR": 0.747851776065763
    },
    "Val": {
        "H@1": 0.4601226993865031,
        "H@3": 0.8197852760736196,
        "H@10": 0.9478527607361963,
        "MRR": 0.6535032296050047
    },
    "Test": {
        "H@1": 0.4712556732223903,
        "H@3": 0.8388804841149773,
        "H@10": 0.9606656580937972,
        "MRR": 0.6638097440750396
    }
}