{
    "Train": {
        "H@1": 0.7649353120243532,
        "H@3": 0.9706050228310502,
        "H@10": 0.9970509893455098,
        "MRR": 0.8684176079987892
    },
    "Val": {
        "H@1": 0.6426380368098159,
        "H@3": 0.8934049079754601,
        "H@10": 0.9555214723926381,
        "MRR": 0.7744412597610568
    },
    "Test": {
        "H@1": 0.6270801815431165,
        "H@3": 0.9084720121028744,
        "H@10": 0.9735249621785174,
        "MRR": 0.7733149258212645
    }
}