{
    "Train": {
        "H@1": 0.5843558282208589,
        "H@3": 0.9029907975460123,
        "H@10": 0.9917561349693251,
        "MRR": 0.7472404444533121
    },
    "Val": {
        "H@1": 0.4516871165644172,
        "H@3": 0.8006134969325154,
        "H@10": 0.9470858895705522,
        "MRR": 0.6383973127529975
    },
    "Test": {
        "H@1": 0.45612708018154313,
        "H@3": 0.8184568835098336,
        "H@10": 0.9531013615733737,
        "MRR": 0.6518888989231814
    }
}