{
    "Test": {
        "H@1": 0.6671709531013615,
        "H@3": 0.8245083207261724,
        "H@10": 0.9455370650529501,
        "MRR": 0.7631667523778898
    }
}