{
    "Test": {
        "H@1": 0.3721633888048411,
        "H@3": 0.649016641452345,
        "H@10": 0.8774583963691377,
        "MRR": 0.5393653963217541
    }
}