{
    "Test": {
        "H@1": 0.4977307110438729,
        "H@3": 0.8184568835098336,
        "H@10": 0.9636913767019667,
        "MRR": 0.666734263467444
    }
}