{
    "Test": {
        "H@1": 0.4886535552193646,
        "H@3": 0.7957639939485628,
        "H@10": 0.9379727685325264,
        "MRR": 0.6539829183696376
    }
}