{
    "Test": {
        "H@1": 0.2885572139303483,
        "H@3": 0.6865671641791045,
        "H@10": 0.9800995024875622,
        "MRR": 0.5146967184280618
    }
}