{
    "Test": {
        "H@1": 0.6217851739788199,
        "H@3": 0.8229954614220878,
        "H@10": 0.9606656580937972,
        "MRR": 0.7421946321829404
    }
}