{
    "Test": {
        "H@1": 0.5900151285930408,
        "H@3": 0.8305597579425114,
        "H@10": 0.9485627836611196,
        "MRR": 0.7224762787937535
    }
}