{
    "Test": {
        "H@1": 0.3482587064676617,
        "H@3": 0.6567164179104478,
        "H@10": 0.9651741293532339,
        "MRR": 0.5459686802970385
    }
}