{
    "Test": {
        "H@1": 0.5621890547263682,
        "H@3": 0.8009950248756219,
        "H@10": 0.9900497512437811,
        "MRR": 0.7055399409877022
    }
}