{
    "Test": {
        "H@1": 0.521415270018622,
        "H@3": 0.813780260707635,
        "H@10": 0.962756052141527,
        "MRR": 0.6842222412885843
    }
}