{
    "Test": {
        "H@1": 0.3827534039334342,
        "H@3": 0.7095310136157338,
        "H@10": 0.9334341906202723,
        "MRR": 0.5728702143809339
    }
}