{
    "Test": {
        "H@1": 0.5307262569832403,
        "H@3": 0.8054003724394786,
        "H@10": 0.9562383612662942,
        "MRR": 0.6845245659262533
    }
}