{
    "Test": {
        "H@1": 0.4372163388804841,
        "H@3": 0.7534039334341907,
        "H@10": 0.9258698940998488,
        "MRR": 0.6171864643493811
    }
}