{
    "Test": {
        "H@1": 0.4629349470499244,
        "H@3": 0.8093797276853253,
        "H@10": 0.9515885022692889,
        "MRR": 0.6485455059811353
    }
}