{
    "Test": {
        "H@1": 0.4618249534450652,
        "H@3": 0.7690875232774674,
        "H@10": 0.9553072625698324,
        "MRR": 0.6386150690191471
    }
}