{
    "Test": {
        "H@1": 0.4577114427860697,
        "H@3": 0.7611940298507462,
        "H@10": 0.9850746268656716,
        "MRR": 0.6362378224318522
    }
}