{
    "Test": {
        "H@1": 0.5098335854765507,
        "H@3": 0.8290468986384266,
        "H@10": 0.9470499243570348,
        "MRR": 0.6803305500253369
    }
}