{
    "Test": {
        "H@1": 0.6278366111951589,
        "H@3": 0.8940998487140696,
        "H@10": 0.9667170953101362,
        "MRR": 0.7641677806278289
    }
}