{
    "Test": {
        "H@1": 0.540090771558245,
        "H@3": 0.8623298033282905,
        "H@10": 0.9561270801815431,
        "MRR": 0.712645905607317
    }
}