{
    "Test": {
        "H@1": 0.5264750378214826,
        "H@3": 0.8456883509833586,
        "H@10": 0.9576399394856279,
        "MRR": 0.6926771500411146
    }
}