{
    "Test": {
        "H@1": 0.5113464447806354,
        "H@3": 0.8335854765506808,
        "H@10": 0.962178517397882,
        "MRR": 0.6806362016641271
    }
}