{
    "Train": {
        "H@1": 0.7426144756277696,
        "H@3": 0.9533788774002954,
        "H@10": 0.9967688330871491,
        "MRR": 0.8508722858516109
    },
    "Val": {
        "H@1": 0.6349693251533742,
        "H@3": 0.8765337423312883,
        "H@10": 0.9616564417177914,
        "MRR": 0.7677351033925677
    },
    "Test": {
        "H@1": 0.6376701966717095,
        "H@3": 0.8940998487140696,
        "H@10": 0.972768532526475,
        "MRR": 0.7747609624606936
    }
}