{
    "Train": {
        "H@1": 0.7161618098159509,
        "H@3": 0.9563842024539877,
        "H@10": 0.9959739263803681,
        "MRR": 0.8350632313559654
    },
    "Val": {
        "H@1": 0.536042944785276,
        "H@3": 0.8496932515337423,
        "H@10": 0.9478527607361963,
        "MRR": 0.6996799940022682
    },
    "Test": {
        "H@1": 0.5393343419062028,
        "H@3": 0.8623298033282905,
        "H@10": 0.9644478063540091,
        "MRR": 0.7069001711609831
    }
}