{
    "Test": {
        "H@1": 0.7428139183055976,
        "H@3": 0.9183055975794251,
        "H@10": 0.9667170953101362,
        "MRR": 0.8376959536069896
    }
}