{
    "Test": {
        "H@1": 0.46142208774583965,
        "H@3": 0.7791225416036308,
        "H@10": 0.9228441754916793,
        "MRR": 0.637999779298044
    }
}