{
    "Train": {
        "H@1": 0.7228800611153552,
        "H@3": 0.9366883116883117,
        "H@10": 0.9829067990832697,
        "MRR": 0.8337108400992218
    },
    "Val": {
        "H@1": 0.656441717791411,
        "H@3": 0.8834355828220859,
        "H@10": 0.9593558282208589,
        "MRR": 0.779825171811536
    },
    "Test": {
        "H@1": 0.6437216338880484,
        "H@3": 0.8714069591527988,
        "H@10": 0.953857791225416,
        "MRR": 0.7666534742538508
    }
}