{
    "Test": {
        "H@1": 0.5249621785173979,
        "H@3": 0.8229954614220878,
        "H@10": 0.9455370650529501,
        "MRR": 0.6906460625398223
    }
}