{
    "Train": {
        "H@1": 0.6211330600074544,
        "H@3": 0.9011367871785315,
        "H@10": 0.9785687663063735,
        "MRR": 0.7670489036021791
    },
    "Val": {
        "H@1": 0.5544478527607362,
        "H@3": 0.8328220858895705,
        "H@10": 0.9585889570552147,
        "MRR": 0.7115815250602037
    },
    "Test": {
        "H@1": 0.5347957639939486,
        "H@3": 0.8396369137670197,
        "H@10": 0.9583963691376702,
        "MRR": 0.700143809559391
    }
}