{
    "Test": {
        "H@1": 0.6656580937972768,
        "H@3": 0.8199697428139183,
        "H@10": 0.9364599092284418,
        "MRR": 0.7586957490717406
    }
}