{
    "Train": {
        "H@1": 0.6588660578386606,
        "H@3": 0.907724505327245,
        "H@10": 0.9834474885844748,
        "MRR": 0.7903596210412894
    },
    "Val": {
        "H@1": 0.5467791411042945,
        "H@3": 0.8121165644171779,
        "H@10": 0.9394171779141104,
        "MRR": 0.6958532019824092
    },
    "Test": {
        "H@1": 0.5590015128593041,
        "H@3": 0.8434190620272315,
        "H@10": 0.959909228441755,
        "MRR": 0.7150251224392348
    }
}