{
    "Test": {
        "H@1": 0.5381750465549349,
        "H@3": 0.8175046554934823,
        "H@10": 0.9562383612662942,
        "MRR": 0.6909219568281683
    }
}