{
    "Test": {
        "H@1": 0.5748865355521936,
        "H@3": 0.8714069591527988,
        "H@10": 0.9682299546142209,
        "MRR": 0.7311469452676841
    }
}