{
    "Test": {
        "H@1": 0.6517690875232774,
        "H@3": 0.8687150837988827,
        "H@10": 0.9720670391061452,
        "MRR": 0.768616691467593
    }
}