{
    "Train": {
        "H@1": 0.7085698070374574,
        "H@3": 0.9454218690881574,
        "H@10": 0.9946083995459705,
        "MRR": 0.8295968896360519
    },
    "Val": {
        "H@1": 0.5789877300613497,
        "H@3": 0.8542944785276073,
        "H@10": 0.950920245398773,
        "MRR": 0.7281281911024904
    },
    "Test": {
        "H@1": 0.632375189107413,
        "H@3": 0.8827534039334342,
        "H@10": 0.9674735249621785,
        "MRR": 0.7654764396574284
    }
}