{
    "Train": {
        "H@1": 0.6826561324303988,
        "H@3": 0.9382054176072234,
        "H@10": 0.9959556057185854,
        "MRR": 0.8131435517007944
    },
    "Val": {
        "H@1": 0.5743865030674846,
        "H@3": 0.86579754601227,
        "H@10": 0.9677914110429447,
        "MRR": 0.7292403093156308
    },
    "Test": {
        "H@1": 0.5665658093797277,
        "H@3": 0.8547655068078669,
        "H@10": 0.9742813918305597,
        "MRR": 0.7254514006606995
    }
}