{
    "Test": {
        "H@1": 0.44320297951582865,
        "H@3": 0.7830540037243948,
        "H@10": 0.9394785847299814,
        "MRR": 0.6270875934120883
    }
}