{
    "Test": {
        "H@1": 0.5900151285930408,
        "H@3": 0.8577912254160364,
        "H@10": 0.9576399394856279,
        "MRR": 0.7317283794808254
    }
}