{
    "Test": {
        "H@1": 0.4795763993948563,
        "H@3": 0.6830559757942511,
        "H@10": 0.8993948562783661,
        "MRR": 0.6111014553246319
    }
}