{
    "Test": {
        "H@1": 0.5223880597014925,
        "H@3": 0.8009950248756219,
        "H@10": 0.9950248756218906,
        "MRR": 0.6905591092158255
    }
}