{
    "Test": {
        "H@1": 0.2692889561270802,
        "H@3": 0.5310136157337367,
        "H@10": 0.7579425113464447,
        "MRR": 0.4360671512512831
    }
}