{
    "Test": {
        "H@1": 0.4947049924357035,
        "H@3": 0.8320726172465961,
        "H@10": 0.9652042360060514,
        "MRR": 0.6675584516238003
    }
}