{
    "Test": {
        "H@1": 0.7428139183055976,
        "H@3": 0.9228441754916793,
        "H@10": 0.9682299546142209,
        "MRR": 0.8379253118688561
    }
}