{
    "Test": {
        "H@1": 0.43781094527363185,
        "H@3": 0.7213930348258707,
        "H@10": 0.9701492537313433,
        "MRR": 0.6164890388770986
    }
}