{
    "Test": {
        "H@1": 0.5083207261724659,
        "H@3": 0.8426626323751891,
        "H@10": 0.9606656580937972,
        "MRR": 0.6819067624661402
    }
}