{
    "Test": {
        "H@1": 0.5627836611195158,
        "H@3": 0.8608169440242057,
        "H@10": 0.9697428139183056,
        "MRR": 0.7213783269837971
    }
}