{
    "Test": {
        "H@1": 0.5024875621890548,
        "H@3": 0.7711442786069652,
        "H@10": 0.9850746268656716,
        "MRR": 0.6558795129690652
    }
}