{
    "Test": {
        "H@1": 0.4795763993948563,
        "H@3": 0.7594553706505295,
        "H@10": 0.924357034795764,
        "MRR": 0.6382465521206078
    }
}