{
    "Test": {
        "H@1": 0.6202723146747352,
        "H@3": 0.8819969742813918,
        "H@10": 0.9636913767019667,
        "MRR": 0.756441852466371
    }
}