{
    "Test": {
        "H@1": 0.4886535552193646,
        "H@3": 0.8048411497730711,
        "H@10": 0.9546142208774584,
        "MRR": 0.6596923866022296
    }
}