Triple Injection Ratios,0.01,0.02,0.03
Random,0.3045392405258612,0.3091766654261076,0.29245930753944627
PageRank,0.2999369412641593,0.3013064372646606,0.3142821292879179
Harmonic closeness,0.2856732790264686,0.3010368313089546,0.2987617170251941
