Triple Injection Ratios,0.01,0.02,0.03
Random,0.28547014783178504,0.3062184162742601,0.3017476735671573
PageRank,0.3067760416407927,0.30178291482212355,0.30141573553058715
Harmonic closeness,0.30512659751040194,0.30901075581583304,0.30171836415483166
