Triple Injection Ratios,0.01,0.02,0.03
Random,0.3029401082891373,0.29902863050398754,0.29825652629279076
PageRank,0.2948331588549741,0.29975803762045633,0.30795284514818266
Harmonic closeness,0.300446458512002,0.3033567877342017,0.30790929421291063
