{
    "Train": {
        "H@1": 0.4941526073619632,
        "H@3": 0.7955329754601227,
        "H@10": 0.9428680981595092,
        "MRR": 0.661876462087169
    },
    "Val": {
        "H@1": 0.4179447852760736,
        "H@3": 0.7216257668711656,
        "H@10": 0.9072085889570553,
        "MRR": 0.5938495721622664
    },
    "Test": {
        "H@1": 0.4236006051437216,
        "H@3": 0.7465960665658093,
        "H@10": 0.9152798789712556,
        "MRR": 0.6007729529198329
    }
}