{
    "Test": {
        "H@1": 0.43781094527363185,
        "H@3": 0.7313432835820896,
        "H@10": 0.9850746268656716,
        "MRR": 0.6130063965884862
    }
}