{
    "Test": {
        "H@1": 0.7700453857791225,
        "H@3": 0.9228441754916793,
        "H@10": 0.9682299546142209,
        "MRR": 0.8529130870862115
    }
}