{
    "Train": {
        "H@1": 0.6088853276353277,
        "H@3": 0.8913817663817664,
        "H@10": 0.9798789173789174,
        "MRR": 0.7583136898225311
    },
    "Val": {
        "H@1": 0.5138036809815951,
        "H@3": 0.7960122699386503,
        "H@10": 0.9325153374233128,
        "MRR": 0.6735734092455014
    },
    "Test": {
        "H@1": 0.5325264750378215,
        "H@3": 0.8456883509833586,
        "H@10": 0.943267776096823,
        "MRR": 0.6987986106203442
    }
}