{
    "Test": {
        "H@1": 0.47806354009077157,
        "H@3": 0.7170953101361573,
        "H@10": 0.913767019667171,
        "MRR": 0.6269869763303053
    }
}