{
    "Train": {
        "H@1": 0.5814021535580525,
        "H@3": 0.8683286516853933,
        "H@10": 0.9900514981273408,
        "MRR": 0.7348174639264451
    },
    "Val": {
        "H@1": 0.5056179775280899,
        "H@3": 0.7926029962546817,
        "H@10": 0.9672284644194756,
        "MRR": 0.6675012970326548
    },
    "Test": {
        "H@1": 0.49022346368715086,
        "H@3": 0.7914338919925512,
        "H@10": 0.9678770949720671,
        "MRR": 0.6585134340140921
    }
}