{
    "Test": {
        "H@1": 0.5930408472012103,
        "H@3": 0.8078668683812406,
        "H@10": 0.9485627836611196,
        "MRR": 0.7174464343676867
    }
}