{
    "Train": {
        "H@1": 0.22446766561514195,
        "H@3": 0.40521490536277605,
        "H@10": 0.6113466088328076,
        "MRR": 0.35759049007044363
    },
    "Val": {
        "H@1": 0.3182515337423313,
        "H@3": 0.5973926380368099,
        "H@10": 0.8159509202453987,
        "MRR": 0.4909415697573632
    },
    "Test": {
        "H@1": 0.3328290468986384,
        "H@3": 0.6346444780635401,
        "H@10": 0.8456883509833586,
        "MRR": 0.5128318200977928
    }
}