{
    "Test": {
        "H@1": 0.659606656580938,
        "H@3": 0.8214826021180031,
        "H@10": 0.9319213313161876,
        "MRR": 0.7584603024009742
    }
}