{
    "Test": {
        "H@1": 0.5763993948562783,
        "H@3": 0.8532526475037822,
        "H@10": 0.9515885022692889,
        "MRR": 0.7265707923231831
    }
}