{
    "Test": {
        "H@1": 0.5074626865671642,
        "H@3": 0.7860696517412935,
        "H@10": 0.9800995024875622,
        "MRR": 0.6643487662144378
    }
}