{
    "Test": {
        "H@1": 0.7382753403933434,
        "H@3": 0.9198184568835098,
        "H@10": 0.9697428139183056,
        "MRR": 0.8324409122726839
    }
}