{
    "Test": {
        "H@1": 0.6822995461422088,
        "H@3": 0.8956127080181543,
        "H@10": 0.9576399394856279,
        "MRR": 0.7922767353318494
    }
}