{
    "Test": {
        "H@1": 0.7261724659606656,
        "H@3": 0.9198184568835098,
        "H@10": 0.9697428139183056,
        "MRR": 0.8277594513089251
    }
}