{
    "Test": {
        "H@1": 0.5074487895716946,
        "H@3": 0.8016759776536313,
        "H@10": 0.9562383612662942,
        "MRR": 0.6683926325225329
    }
}