{
    "Train": {
        "H@1": 0.7421341925701289,
        "H@3": 0.9710007581501138,
        "H@10": 0.9981046247156937,
        "MRR": 0.857198232866578
    },
    "Val": {
        "H@1": 0.6173312883435583,
        "H@3": 0.9072085889570553,
        "H@10": 0.9670245398773006,
        "MRR": 0.7677250313716634
    },
    "Test": {
        "H@1": 0.6043872919818457,
        "H@3": 0.9130105900151286,
        "H@10": 0.9818456883509834,
        "MRR": 0.7639612600798573
    }
}