{
    "Test": {
        "H@1": 0.5552193645990923,
        "H@3": 0.8366111951588502,
        "H@10": 0.9515885022692889,
        "MRR": 0.7075877294250468
    }
}