{
    "Test": {
        "H@1": 0.6378026070763501,
        "H@3": 0.8603351955307262,
        "H@10": 0.9664804469273743,
        "MRR": 0.7591377419918457
    }
}