{
    "Test": {
        "H@1": 0.35940409683426444,
        "H@3": 0.5912476722532588,
        "H@10": 0.8631284916201117,
        "MRR": 0.5154542329009496
    }
}