{
    "Test": {
        "H@1": 0.6172465960665658,
        "H@3": 0.886535552193646,
        "H@10": 0.9712556732223904,
        "MRR": 0.7576895276574273
    }
}