{
    "Test": {
        "H@1": 0.5124378109452736,
        "H@3": 0.8258706467661692,
        "H@10": 0.9800995024875622,
        "MRR": 0.6752786047562168
    }
}