{
    "Test": {
        "H@1": 0.5143721633888049,
        "H@3": 0.8048411497730711,
        "H@10": 0.9152798789712556,
        "MRR": 0.6670412089516978
    }
}