{
    "Test": {
        "H@1": 0.6671709531013615,
        "H@3": 0.8956127080181543,
        "H@10": 0.9757942511346445,
        "MRR": 0.7901930428637367
    }
}