{
    "Test": {
        "H@1": 0.4205748865355522,
        "H@3": 0.6369137670196672,
        "H@10": 0.7987897125567323,
        "MRR": 0.5566879605661992
    }
}