{
    "Test": {
        "H@1": 0.5223463687150838,
        "H@3": 0.8221601489757915,
        "H@10": 0.9636871508379888,
        "MRR": 0.6842924581025013
    }
}