{
    "Test": {
        "H@1": 0.6006051437216339,
        "H@3": 0.8290468986384266,
        "H@10": 0.9440242057488654,
        "MRR": 0.7277517161944599
    }
}