{
    "Test": {
        "H@1": 0.6671709531013615,
        "H@3": 0.8880484114977307,
        "H@10": 0.9697428139183056,
        "MRR": 0.785901703677628
    }
}