{
    "Test": {
        "H@1": 0.3582089552238806,
        "H@3": 0.6766169154228856,
        "H@10": 0.9701492537313433,
        "MRR": 0.5448373765537945
    }
}