{
    "Test": {
        "H@1": 0.5612708018154312,
        "H@3": 0.848714069591528,
        "H@10": 0.9576399394856279,
        "MRR": 0.7139213599672707
    }
}