{
    "Test": {
        "H@1": 0.5355521936459909,
        "H@3": 0.75642965204236,
        "H@10": 0.9273827534039334,
        "MRR": 0.6692753818434115
    }
}