{
    "Train": {
        "H@1": 0.6108128834355828,
        "H@3": 0.9204371165644172,
        "H@10": 0.9937691717791411,
        "MRR": 0.7680672168289793
    },
    "Val": {
        "H@1": 0.49846625766871167,
        "H@3": 0.8335889570552147,
        "H@10": 0.9539877300613497,
        "MRR": 0.6726798123381209
    },
    "Test": {
        "H@1": 0.5052950075642966,
        "H@3": 0.8388804841149773,
        "H@10": 0.962178517397882,
        "MRR": 0.6837775281852733
    }
}