{
    "Test": {
        "H@1": 0.6293494704992436,
        "H@3": 0.8744326777609682,
        "H@10": 0.9561270801815431,
        "MRR": 0.7546084303525359
    }
}