{
    "Test": {
        "H@1": 0.529500756429652,
        "H@3": 0.8229954614220878,
        "H@10": 0.9319213313161876,
        "MRR": 0.6851791930154701
    }
}