{
    "Train": {
        "H@1": 0.7295051698670606,
        "H@3": 0.9429468242245199,
        "H@10": 0.9944608567208272,
        "MRR": 0.8389441312132233
    },
    "Val": {
        "H@1": 0.6050613496932515,
        "H@3": 0.86579754601227,
        "H@10": 0.9539877300613497,
        "MRR": 0.7436026216002923
    },
    "Test": {
        "H@1": 0.6013615733736762,
        "H@3": 0.8782148260211801,
        "H@10": 0.9689863842662633,
        "MRR": 0.746961202241306
    }
}