{
    "Test": {
        "H@1": 0.44175491679273826,
        "H@3": 0.7655068078668684,
        "H@10": 0.9334341906202723,
        "MRR": 0.6199586414836415
    }
}