{
    "Test": {
        "H@1": 0.3383084577114428,
        "H@3": 0.6766169154228856,
        "H@10": 0.9651741293532339,
        "MRR": 0.5351898516077621
    }
}