{
    "Test": {
        "H@1": 0.6686838124054463,
        "H@3": 0.8441754916792739,
        "H@10": 0.9531013615733737,
        "MRR": 0.7667295625170262
    }
}