{
    "Test": {
        "H@1": 0.48714069591527986,
        "H@3": 0.7987897125567323,
        "H@10": 0.9500756429652042,
        "MRR": 0.656187108098085
    }
}