{
    "Test": {
        "H@1": 0.546142208774584,
        "H@3": 0.8502269288956127,
        "H@10": 0.9652042360060514,
        "MRR": 0.7087053098644492
    }
}