{
    "Test": {
        "H@1": 0.4813780260707635,
        "H@3": 0.7932960893854749,
        "H@10": 0.9599627560521415,
        "MRR": 0.6547664694373516
    }
}