{
    "Train": {
        "H@1": 0.7294838470107686,
        "H@3": 0.9548830300779799,
        "H@10": 0.9948941700705533,
        "MRR": 0.8440266721145416
    },
    "Val": {
        "H@1": 0.6326687116564417,
        "H@3": 0.8826687116564417,
        "H@10": 0.9670245398773006,
        "MRR": 0.7673784451897094
    },
    "Test": {
        "H@1": 0.6127080181543116,
        "H@3": 0.8918305597579426,
        "H@10": 0.9780635400907716,
        "MRR": 0.7600098701595223
    }
}