{
    "Train": {
        "H@1": 0.7217711480362538,
        "H@3": 0.9643126888217523,
        "H@10": 0.9930135951661632,
        "MRR": 0.8442326703762021
    },
    "Val": {
        "H@1": 0.6188650306748467,
        "H@3": 0.8918711656441718,
        "H@10": 0.9608895705521472,
        "MRR": 0.763514121340781
    },
    "Test": {
        "H@1": 0.6149773071104387,
        "H@3": 0.9062027231467473,
        "H@10": 0.9735249621785174,
        "MRR": 0.7664459733218216
    }
}