{
    "Test": {
        "H@1": 0.394856278366112,
        "H@3": 0.6944024205748865,
        "H@10": 0.8925869894099848,
        "MRR": 0.5689972777921732
    }
}