{
    "Test": {
        "H@1": 0.48411497730711045,
        "H@3": 0.848714069591528,
        "H@10": 0.9606656580937972,
        "MRR": 0.6675292582484375
    }
}