{
    "Test": {
        "H@1": 0.5124378109452736,
        "H@3": 0.7810945273631841,
        "H@10": 1.0,
        "MRR": 0.6698491668640923
    }
}