{
    "Test": {
        "H@1": 0.3383084577114428,
        "H@3": 0.7164179104477612,
        "H@10": 0.9651741293532339,
        "MRR": 0.5451692309901265
    }
}