{
    "Train": {
        "H@1": 0.7393113885735906,
        "H@3": 0.9446651532349603,
        "H@10": 0.9954597048808173,
        "MRR": 0.8464517465182846
    },
    "Val": {
        "H@1": 0.6365030674846626,
        "H@3": 0.870398773006135,
        "H@10": 0.9647239263803681,
        "MRR": 0.7655434706828058
    },
    "Test": {
        "H@1": 0.6444780635400907,
        "H@3": 0.8842662632375189,
        "H@10": 0.9742813918305597,
        "MRR": 0.7753054030658787
    }
}