{
    "Test": {
        "H@1": 0.5824508320726173,
        "H@3": 0.8789712556732224,
        "H@10": 0.9697428139183056,
        "MRR": 0.7347546010827763
    }
}