{
    "Test": {
        "H@1": 0.39334341906202724,
        "H@3": 0.7534039334341907,
        "H@10": 0.9470499243570348,
        "MRR": 0.5912951250615277
    }
}