{
    "Train": {
        "H@1": 0.77482745398773,
        "H@3": 0.9593558282208589,
        "H@10": 0.9969325153374233,
        "MRR": 0.8688922495057276
    },
    "Val": {
        "H@1": 0.651840490797546,
        "H@3": 0.8995398773006135,
        "H@10": 0.9662576687116564,
        "MRR": 0.7806640946810999
    },
    "Test": {
        "H@1": 0.642965204236006,
        "H@3": 0.8880484114977307,
        "H@10": 0.9659606656580938,
        "MRR": 0.7736293834477824
    }
}