{
    "Test": {
        "H@1": 0.5748865355521936,
        "H@3": 0.81089258698941,
        "H@10": 0.9440242057488654,
        "MRR": 0.7104079741233759
    }
}