{
    "Test": {
        "H@1": 0.6433891992551211,
        "H@3": 0.8770949720670391,
        "H@10": 0.9748603351955307,
        "MRR": 0.7695016784544628
    }
}