{
    "Test": {
        "H@1": 0.46766169154228854,
        "H@3": 0.7412935323383084,
        "H@10": 0.9800995024875622,
        "MRR": 0.6305929421601063
    }
}