{
    "Test": {
        "H@1": 0.3383084577114428,
        "H@3": 0.7164179104477612,
        "H@10": 0.9850746268656716,
        "MRR": 0.5538973602406438
    }
}