{
    "Test": {
        "H@1": 0.44175491679273826,
        "H@3": 0.773071104387292,
        "H@10": 0.9409984871406959,
        "MRR": 0.623177716125371
    }
}