{
    "Test": {
        "H@1": 0.5391061452513967,
        "H@3": 0.8286778398510242,
        "H@10": 0.9618249534450651,
        "MRR": 0.6971194427510438
    }
}