{
    "Test": {
        "H@1": 0.34328358208955223,
        "H@3": 0.6965174129353234,
        "H@10": 0.9552238805970149,
        "MRR": 0.5491889398605817
    }
}