{
    "Test": {
        "H@1": 0.4795763993948563,
        "H@3": 0.8184568835098336,
        "H@10": 0.9349470499243571,
        "MRR": 0.6565573852336651
    }
}