{
    "Test": {
        "H@1": 0.6459909228441755,
        "H@3": 0.8850226928895613,
        "H@10": 0.9591527987897126,
        "MRR": 0.771326687593432
    }
}