{
    "Test": {
        "H@1": 0.5068078668683812,
        "H@3": 0.7428139183055976,
        "H@10": 0.9107413010590015,
        "MRR": 0.6472708874833907
    }
}