{
    "Test": {
        "H@1": 0.491679273827534,
        "H@3": 0.7246596066565809,
        "H@10": 0.9016641452344932,
        "MRR": 0.6341389478941343
    }
}