{
    "Test": {
        "H@1": 0.2874432677760968,
        "H@3": 0.5219364599092284,
        "H@10": 0.7972768532526475,
        "MRR": 0.45052791381790036
    }
}