{
    "Train": {
        "H@1": 0.6841322603219034,
        "H@3": 0.9096396081175647,
        "H@10": 0.9854793561931421,
        "MRR": 0.8038430991828188
    },
    "Val": {
        "H@1": 0.6173312883435583,
        "H@3": 0.8588957055214724,
        "H@10": 0.9562883435582822,
        "MRR": 0.7510723643790855
    },
    "Test": {
        "H@1": 0.6142208774583964,
        "H@3": 0.8714069591527988,
        "H@10": 0.9606656580937972,
        "MRR": 0.7524806514245596
    }
}