{
    "Test": {
        "H@1": 0.6822995461422088,
        "H@3": 0.8396369137670197,
        "H@10": 0.9455370650529501,
        "MRR": 0.7731834141715066
    }
}