{
    "Test": {
        "H@1": 0.56732223903177,
        "H@3": 0.8502269288956127,
        "H@10": 0.9576399394856279,
        "MRR": 0.7200007312294022
    }
}