{
    "Test": {
        "H@1": 0.6157337367624811,
        "H@3": 0.8744326777609682,
        "H@10": 0.9757942511346445,
        "MRR": 0.7577184659370364
    }
}