{
    "Test": {
        "H@1": 0.7322239031770046,
        "H@3": 0.9092284417549168,
        "H@10": 0.9757942511346445,
        "MRR": 0.8306256810723265
    }
}