{
    "Test": {
        "H@1": 0.4925373134328358,
        "H@3": 0.746268656716418,
        "H@10": 0.9850746268656716,
        "MRR": 0.6506161472579384
    }
}