{
    "Test": {
        "H@1": 0.49319213313161875,
        "H@3": 0.8199697428139183,
        "H@10": 0.9576399394856279,
        "MRR": 0.6695772646703702
    }
}