Triple Injection Ratios,0.01,0.02,0.03
Random,0.5223232495748681,0.515997038682393,0.5111471108499644
Closeness,0.5080443566649964,0.5032131527239815,0.5355380535501395
Betweenness,0.55082091737031,0.5340190130870387,0.44520437266409213
