Triple Injection Ratios,0.01,0.02,0.03
Random,0.5219554404900094,0.4717481052386329,0.5552877800916008
Closeness,0.5482531149801207,0.49307849116037283,0.4870171567373833
Betweenness,0.40582832261775903,0.4253642188773512,0.5106303478447092
