Triple Injection Ratios,0.01,0.02,0.03
Random,0.488801956294513,0.5297910908081036,0.47880817872635223
Closeness,0.5045871370376274,0.4997855937807946,0.491154593011497
Betweenness,0.5355000910955738,0.4927595749510789,0.47255709668735
