{
    "Test": {
        "H@1": 0.7261724659606656,
        "H@3": 0.9122541603630863,
        "H@10": 0.9636913767019667,
        "MRR": 0.8243919900214943
    }
}