{
    "Train": {
        "H@1": 0.5444785276073619,
        "H@3": 0.8710697852760736,
        "H@10": 0.9894555214723927,
        "MRR": 0.7147320188705711
    },
    "Val": {
        "H@1": 0.41180981595092025,
        "H@3": 0.7653374233128835,
        "H@10": 0.9486196319018405,
        "MRR": 0.6056407064839744
    },
    "Test": {
        "H@1": 0.4288956127080182,
        "H@3": 0.7692889561270801,
        "H@10": 0.959909228441755,
        "MRR": 0.6151029718665816
    }
}