{
    "Test": {
        "H@1": 0.4069591527987897,
        "H@3": 0.7049924357034796,
        "H@10": 0.9213313161875946,
        "MRR": 0.5828443724619199
    }
}