Triple Injection Ratios,0.01,0.02,0.03
Random,0.3386092648982615,0.33877344670716,0.3406404694585678
Closeness,0.33611726343392584,0.342725009915548,0.3296868724642223
Betweenness,0.3479427461827466,0.3459584634071852,0.33442949741582895
