Triple Injection Ratios,0.01,0.02,0.03
Random,0.3531910876706418,0.34734853605058263,0.3396907701741706
Closeness,0.35023495422293327,0.3501741374086531,0.3356171723804227
Betweenness,0.3466276295343893,0.33819505726427673,0.34487598246259904
