Triple Injection Ratios,0.01,0.02,0.03
Random,0.3428816926479926,0.34154926941513897,0.3353676909071756
Closeness,0.3504542364858288,0.33553546618555674,0.3489409074953944
Betweenness,0.3479304819206968,0.3499608605394431,0.3441664172828765
