{
    "Test": {
        "H@1": 0.417910447761194,
        "H@3": 0.7412935323383084,
        "H@10": 0.9900497512437811,
        "MRR": 0.6101381620038336
    }
}