{
    "Test": {
        "H@1": 0.5854765506807866,
        "H@3": 0.848714069591528,
        "H@10": 0.9485627836611196,
        "MRR": 0.7272121119955641
    }
}