{
    "Test": {
        "H@1": 0.4372163388804841,
        "H@3": 0.6913767019667171,
        "H@10": 0.8774583963691377,
        "MRR": 0.5900208944602149
    }
}