{
    "Test": {
        "H@1": 0.417910447761194,
        "H@3": 0.7711442786069652,
        "H@10": 1.0,
        "MRR": 0.613829661217721
    }
}