{
    "Test": {
        "H@1": 0.6217851739788199,
        "H@3": 0.8729198184568835,
        "H@10": 0.9682299546142209,
        "MRR": 0.754361592607683
    }
}