{
    "Test": {
        "H@1": 0.37367624810892586,
        "H@3": 0.7125567322239031,
        "H@10": 0.9304084720121029,
        "MRR": 0.5687888772801387
    }
}