{
    "Test": {
        "H@1": 0.5323383084577115,
        "H@3": 0.7860696517412935,
        "H@10": 0.9950248756218906,
        "MRR": 0.6819495595614999
    }
}