{
    "Test": {
        "H@1": 0.7231467473524962,
        "H@3": 0.9198184568835098,
        "H@10": 0.972768532526475,
        "MRR": 0.8254662981334072
    }
}