{
    "Test": {
        "H@1": 0.5234493192133132,
        "H@3": 0.7579425113464447,
        "H@10": 0.9273827534039334,
        "MRR": 0.6634548576624991
    }
}