{
    "Test": {
        "H@1": 0.6232980332829047,
        "H@3": 0.8547655068078669,
        "H@10": 0.9591527987897126,
        "MRR": 0.7472304939033312
    }
}