{
    "Test": {
        "H@1": 0.46766169154228854,
        "H@3": 0.7014925373134329,
        "H@10": 0.9850746268656716,
        "MRR": 0.6273179556761647
    }
}