{
    "Test": {
        "H@1": 0.5621890547263682,
        "H@3": 0.7910447761194029,
        "H@10": 0.9800995024875622,
        "MRR": 0.7018377835542015
    }
}