{
    "Test": {
        "H@1": 0.5885022692889561,
        "H@3": 0.8638426626323752,
        "H@10": 0.9561270801815431,
        "MRR": 0.7314074106941791
    }
}