{
    "Train": {
        "H@1": 0.6885654089254932,
        "H@3": 0.9575751771691247,
        "H@10": 0.9947328098065504,
        "MRR": 0.8251321785820813
    },
    "Val": {
        "H@1": 0.5736196319018405,
        "H@3": 0.8872699386503068,
        "H@10": 0.9708588957055214,
        "MRR": 0.7385856856765606
    },
    "Test": {
        "H@1": 0.5665658093797277,
        "H@3": 0.8903177004538578,
        "H@10": 0.972768532526475,
        "MRR": 0.7385189505470685
    }
}