{
    "Test": {
        "H@1": 0.4626865671641791,
        "H@3": 0.7910447761194029,
        "H@10": 0.9601990049751243,
        "MRR": 0.6479863144042248
    }
}