{
    "Test": {
        "H@1": 0.48756218905472637,
        "H@3": 0.7810945273631841,
        "H@10": 0.9751243781094527,
        "MRR": 0.6554536121700302
    }
}