{
    "Train": {
        "H@1": 0.7879831611174895,
        "H@3": 0.9714887102946804,
        "H@10": 0.9974167623421355,
        "MRR": 0.8809704686386185
    },
    "Val": {
        "H@1": 0.6848159509202454,
        "H@3": 0.9033742331288344,
        "H@10": 0.963957055214724,
        "MRR": 0.8014582635392873
    },
    "Test": {
        "H@1": 0.6717095310136157,
        "H@3": 0.9077155824508321,
        "H@10": 0.9795763993948563,
        "MRR": 0.7995223523732101
    }
}