{
    "Test": {
        "H@1": 0.42208774583963693,
        "H@3": 0.6664145234493192,
        "H@10": 0.869894099848714,
        "MRR": 0.5736899540751992
    }
}