{
    "Train": {
        "H@1": 0.7601550960118169,
        "H@3": 0.9520864106351551,
        "H@10": 0.9954763663220089,
        "MRR": 0.8596192552701847
    },
    "Val": {
        "H@1": 0.6380368098159509,
        "H@3": 0.8642638036809815,
        "H@10": 0.9501533742331288,
        "MRR": 0.7616661592482169
    },
    "Test": {
        "H@1": 0.653555219364599,
        "H@3": 0.886535552193646,
        "H@10": 0.972768532526475,
        "MRR": 0.7803918563879477
    }
}