{
    "Test": {
        "H@1": 0.4962178517397882,
        "H@3": 0.81089258698941,
        "H@10": 0.9576399394856279,
        "MRR": 0.6663502734309983
    }
}