{
    "Test": {
        "H@1": 0.4236006051437216,
        "H@3": 0.6664145234493192,
        "H@10": 0.8986384266263238,
        "MRR": 0.5813652406256623
    }
}