Triple Injection Ratios,0.01,0.02,0.03
Random,0.32463814804029656,0.3015259993697202,0.30629286912077347
PageRank,0.314130977983951,0.3189846466410534,0.3112369912784674
Harmonic closeness,0.3025047689851577,0.3119608377829886,0.27104465471838096
