Triple Injection Ratios,0.01,0.02,0.03
Random,0.29637559667857083,0.266356631509463,0.3195383744256755
PageRank,0.32158300509520565,0.2616127218771221,0.25331531481702063
Harmonic closeness,0.2984713070135898,0.2718274032538024,0.25567404129065097
