Triple Injection Ratios,0.01,0.02,0.03
Random,0.2718633341398733,0.30358932034004843,0.31254708406108783
PageRank,0.27101406181524584,0.2586958188369135,0.28081248887993737
Harmonic closeness,0.31241157129471786,0.31632683489849256,0.30634444506298303
