{
    "Test": {
        "H@1": 0.26626323751891073,
        "H@3": 0.4568835098335855,
        "H@10": 0.697428139183056,
        "MRR": 0.40319557051699473
    }
}