{
    "Test": {
        "H@1": 0.5670391061452514,
        "H@3": 0.8296089385474861,
        "H@10": 0.9655493482309124,
        "MRR": 0.7135750622609373
    }
}