{
    "Test": {
        "H@1": 0.5310136157337367,
        "H@3": 0.7609682299546142,
        "H@10": 0.9122541603630863,
        "MRR": 0.6684265943167681
    }
}