{
    "Test": {
        "H@1": 0.42786069651741293,
        "H@3": 0.7661691542288557,
        "H@10": 0.9651741293532339,
        "MRR": 0.6184202199127572
    }
}