Triple Injection Ratios,0.01,0.02,0.03
Random,0.2586262654672926,0.26149830829333987,0.2521640825879187
Closeness,0.2727586552484096,0.2632191385975236,0.26403111621404385
Betweenness,0.25058546847529123,0.26244375998913066,0.2490675236843912
