Triple Injection Ratios,0.01,0.02,0.03
Random,0.2639711556602186,0.25675132406357154,0.2610034915767781
Closeness,0.2328960243029032,0.2642871512804905,0.26306812229461163
Betweenness,0.2687031388605375,0.2538423625876098,0.26865333598507835
