Triple Injection Ratios,0.01,0.02,0.03
Random,0.25241797939729294,0.25030103294626094,0.25535487730679446
Closeness,0.25879590303595246,0.2598718096032507,0.2496357218008556
Betweenness,0.2636588153183718,0.25071881850373556,0.2662977057428932
