{
    "Test": {
        "H@1": 0.4750378214826021,
        "H@3": 0.7715582450832073,
        "H@10": 0.9258698940998488,
        "MRR": 0.636221791474759
    }
}