{
    "Test": {
        "H@1": 0.5921787709497207,
        "H@3": 0.8361266294227188,
        "H@10": 0.9636871508379888,
        "MRR": 0.7285713598579804
    }
}