{
    "Train": {
        "H@1": 0.7298744460856721,
        "H@3": 0.9589180206794683,
        "H@10": 0.9951994091580503,
        "MRR": 0.8470917239743222
    },
    "Val": {
        "H@1": 0.6242331288343558,
        "H@3": 0.901840490797546,
        "H@10": 0.9654907975460123,
        "MRR": 0.7676884642687528
    },
    "Test": {
        "H@1": 0.6051437216338881,
        "H@3": 0.903177004538578,
        "H@10": 0.970499243570348,
        "MRR": 0.7612306379843594
    }
}