{
    "Test": {
        "H@1": 0.5037821482602118,
        "H@3": 0.8229954614220878,
        "H@10": 0.962178517397882,
        "MRR": 0.6758696011080877
    }
}