{
    "Test": {
        "H@1": 0.6732223903177005,
        "H@3": 0.8789712556732224,
        "H@10": 0.9531013615733737,
        "MRR": 0.7840528546292637
    }
}