{
    "Test": {
        "H@1": 0.5763500931098696,
        "H@3": 0.8212290502793296,
        "H@10": 0.9618249534450651,
        "MRR": 0.7138549215420527
    }
}