{
    "Test": {
        "H@1": 0.529500756429652,
        "H@3": 0.875945537065053,
        "H@10": 0.972768532526475,
        "MRR": 0.7053198943681281
    }
}