{
    "Test": {
        "H@1": 0.3681592039800995,
        "H@3": 0.7213930348258707,
        "H@10": 0.9850746268656716,
        "MRR": 0.5671759003848555
    }
}