{
    "Train": {
        "H@1": 0.6851015801354402,
        "H@3": 0.9457298720842738,
        "H@10": 0.995673438675696,
        "MRR": 0.8166762694334391
    },
    "Val": {
        "H@1": 0.5766871165644172,
        "H@3": 0.8726993865030674,
        "H@10": 0.9616564417177914,
        "MRR": 0.7320187420542081
    },
    "Test": {
        "H@1": 0.5779122541603631,
        "H@3": 0.8812405446293494,
        "H@10": 0.9788199697428139,
        "MRR": 0.7382074388019518
    }
}