{
    "Test": {
        "H@1": 0.4689863842662632,
        "H@3": 0.75642965204236,
        "H@10": 0.9122541603630863,
        "MRR": 0.6308262358787102
    }
}