{
    "Test": {
        "H@1": 0.4977307110438729,
        "H@3": 0.7957639939485628,
        "H@10": 0.9455370650529501,
        "MRR": 0.6645363141102163
    }
}