{
    "Test": {
        "H@1": 0.6127080181543116,
        "H@3": 0.8547655068078669,
        "H@10": 0.9576399394856279,
        "MRR": 0.7432590214747776
    }
}