{
    "Test": {
        "H@1": 0.3482587064676617,
        "H@3": 0.6865671641791045,
        "H@10": 0.9900497512437811,
        "MRR": 0.5498045486851457
    }
}