{
    "Test": {
        "H@1": 0.4689863842662632,
        "H@3": 0.8093797276853253,
        "H@10": 0.9667170953101362,
        "MRR": 0.6538911480018001
    }
}