{
    "Test": {
        "H@1": 0.5671641791044776,
        "H@3": 0.746268656716418,
        "H@10": 0.9850746268656716,
        "MRR": 0.6913730409999067
    }
}