{
    "Test": {
        "H@1": 0.3895612708018154,
        "H@3": 0.6263237518910741,
        "H@10": 0.8721633888048411,
        "MRR": 0.5444683694548599
    }
}