{
    "Test": {
        "H@1": 0.47806354009077157,
        "H@3": 0.7170953101361573,
        "H@10": 0.8986384266263238,
        "MRR": 0.6277878844359954
    }
}