{
    "Train": {
        "H@1": 0.6091672498250524,
        "H@3": 0.8915325402379286,
        "H@10": 0.9860916724982505,
        "MRR": 0.7587560367805104
    },
    "Val": {
        "H@1": 0.5199386503067485,
        "H@3": 0.8282208588957055,
        "H@10": 0.9486196319018405,
        "MRR": 0.6859967838868647
    },
    "Test": {
        "H@1": 0.5060514372163388,
        "H@3": 0.8177004538577912,
        "H@10": 0.9417549167927383,
        "MRR": 0.6770032997536785
    }
}