{
    "Test": {
        "H@1": 0.4659606656580938,
        "H@3": 0.7549167927382754,
        "H@10": 0.9288956127080181,
        "MRR": 0.6312698191294542
    }
}