{
    "Test": {
        "H@1": 0.45537065052950076,
        "H@3": 0.7760968229954615,
        "H@10": 0.9334341906202723,
        "MRR": 0.6313452404706205
    }
}