{
    "Train": {
        "H@1": 0.2286163213198468,
        "H@3": 0.4121575174310125,
        "H@10": 0.603358538741039,
        "MRR": 0.3594150381865641
    },
    "Val": {
        "H@1": 0.3320552147239264,
        "H@3": 0.5958588957055214,
        "H@10": 0.8220858895705522,
        "MRR": 0.49760570169059876
    },
    "Test": {
        "H@1": 0.3434190620272315,
        "H@3": 0.6346444780635401,
        "H@10": 0.8381240544629349,
        "MRR": 0.5203128260308899
    }
}