{
    "Test": {
        "H@1": 0.5355521936459909,
        "H@3": 0.7745839636913767,
        "H@10": 0.9213313161875946,
        "MRR": 0.6735114537107985
    }
}