{
    "Test": {
        "H@1": 0.5621890547263682,
        "H@3": 0.8159203980099502,
        "H@10": 0.9850746268656716,
        "MRR": 0.7071155765185617
    }
}