{
    "Test": {
        "H@1": 0.4962178517397882,
        "H@3": 0.7715582450832073,
        "H@10": 0.903177004538578,
        "MRR": 0.6532221582889236
    }
}