{
    "Test": {
        "H@1": 0.6853252647503782,
        "H@3": 0.9092284417549168,
        "H@10": 0.9652042360060514,
        "MRR": 0.8014630941381119
    }
}