{
    "Test": {
        "H@1": 0.5158850226928896,
        "H@3": 0.8290468986384266,
        "H@10": 0.9531013615733737,
        "MRR": 0.6828246649860927
    }
}