{
    "Test": {
        "H@1": 0.4795763993948563,
        "H@3": 0.8078668683812406,
        "H@10": 0.9667170953101362,
        "MRR": 0.6559128006299443
    }
}