{
    "Train": {
        "H@1": 0.7547788605697151,
        "H@3": 0.9541791604197901,
        "H@10": 0.9937218890554723,
        "MRR": 0.8574576217329323
    },
    "Val": {
        "H@1": 0.6694785276073619,
        "H@3": 0.8934049079754601,
        "H@10": 0.9562883435582822,
        "MRR": 0.7894024956608273
    },
    "Test": {
        "H@1": 0.6338880484114977,
        "H@3": 0.8978819969742814,
        "H@10": 0.9742813918305597,
        "MRR": 0.7736414891095839
    }
}