{
    "Test": {
        "H@1": 0.540090771558245,
        "H@3": 0.8275340393343419,
        "H@10": 0.962178517397882,
        "MRR": 0.6997897349098877
    }
}