{
    "Test": {
        "H@1": 0.590316573556797,
        "H@3": 0.8379888268156425,
        "H@10": 0.9636871508379888,
        "MRR": 0.7272661160123333
    }
}