{
    "Test": {
        "H@1": 0.6671709531013615,
        "H@3": 0.8139183055975794,
        "H@10": 0.9364599092284418,
        "MRR": 0.759732559335496
    }
}