{
    "Test": {
        "H@1": 0.4079601990049751,
        "H@3": 0.7313432835820896,
        "H@10": 0.9950248756218906,
        "MRR": 0.5942629923973207
    }
}