{
    "Train": {
        "H@1": 0.5421369450714824,
        "H@3": 0.8354025583145221,
        "H@10": 0.9593679458239278,
        "MRR": 0.7011143821770609
    },
    "Val": {
        "H@1": 0.43558282208588955,
        "H@3": 0.7430981595092024,
        "H@10": 0.8911042944785276,
        "MRR": 0.6069580533360569
    },
    "Test": {
        "H@1": 0.4735249621785174,
        "H@3": 0.773071104387292,
        "H@10": 0.9183055975794251,
        "MRR": 0.640622683255955
    }
}