{
    "Test": {
        "H@1": 0.40242057488653554,
        "H@3": 0.7549167927382754,
        "H@10": 0.9515885022692889,
        "MRR": 0.5970153386729132
    }
}