{
    "Test": {
        "H@1": 0.46747352496217853,
        "H@3": 0.8214826021180031,
        "H@10": 0.9531013615733737,
        "MRR": 0.6510412122531256
    }
}