{
    "Test": {
        "H@1": 0.594553706505295,
        "H@3": 0.7972768532526475,
        "H@10": 0.9304084720121029,
        "MRR": 0.7143634644346352
    }
}