{
    "Test": {
        "H@1": 0.6656580937972768,
        "H@3": 0.8381240544629349,
        "H@10": 0.9425113464447806,
        "MRR": 0.7654442824693195
    }
}