{
    "Test": {
        "H@1": 0.5068078668683812,
        "H@3": 0.8245083207261724,
        "H@10": 0.9561270801815431,
        "MRR": 0.677878052309344
    }
}