{
    "Test": {
        "H@1": 0.47761194029850745,
        "H@3": 0.7661691542288557,
        "H@10": 1.0,
        "MRR": 0.6419391139540392
    }
}