Triple Injection Ratios,0.01,0.02,0.03
Random,0.3858180533556473,0.38826582525397363,0.3874827243723128
PageRank,0.390573962937361,0.3848944017564779,0.38668438386961823
Harmonic closeness,0.38933282691000265,0.3900787101255118,0.3878558899749876
