Triple Injection Ratios,0.01,0.02,0.03
Random,0.3851722373519833,0.3868963190544142,0.39158211369599055
PageRank,0.3883490871542641,0.391176830858254,0.38886206924446576
Harmonic closeness,0.39095438125181664,0.3861037027302092,0.38945045711596543
