Triple Injection Ratios,0.01,0.02,0.03
Random,0.39128612323057504,0.3821786569649521,0.38718882133306476
PageRank,0.39274273263020926,0.38628907247492533,0.39067609300371053
Harmonic closeness,0.3880807088430855,0.3888864523518143,0.38765630684760727
