{
    "Test": {
        "H@1": 0.540090771558245,
        "H@3": 0.8335854765506808,
        "H@10": 0.9515885022692889,
        "MRR": 0.6970390997798354
    }
}