Triple Injection Ratios,0.01,0.02,0.03
Random,0.7158979985811925,0.7257470460340871,0.7197063878215737
PageRank,0.7215442010259374,0.7061617282436712,0.7131737304469472
Harmonic closeness,0.7164447277750287,0.7143873892364564,0.730138722968588
