Triple Injection Ratios,0.01,0.02,0.03
Random,0.7121307658318279,0.7250916503777972,0.719711522068108
PageRank,0.703787792760543,0.715194079635901,0.6983156015831686
Harmonic closeness,0.7100006178580677,0.7081933490107905,0.7131632187905853
