Triple Injection Ratios,0.01,0.02,0.03
Random,0.7041745086840696,0.7122757388668096,0.7094901305511981
PageRank,0.710321840995734,0.7128894169472154,0.7056885657877401
Harmonic closeness,0.7042681729411611,0.7148230843364833,0.724938825283015
