{
    "Test": {
        "H@1": 0.5083207261724659,
        "H@3": 0.745839636913767,
        "H@10": 0.913767019667171,
        "MRR": 0.6477512111897937
    }
}