{
    "Test": {
        "H@1": 0.5325264750378215,
        "H@3": 0.8229954614220878,
        "H@10": 0.9304084720121029,
        "MRR": 0.6810996372388485
    }
}