{
    "Test": {
        "H@1": 0.7004538577912254,
        "H@3": 0.8940998487140696,
        "H@10": 0.9561270801815431,
        "MRR": 0.8034016604255196
    }
}