{
    "Train": {
        "H@1": 0.6660653247246487,
        "H@3": 0.9067603494113179,
        "H@10": 0.982529434105583,
        "MRR": 0.7948071168512776
    },
    "Val": {
        "H@1": 0.5782208588957055,
        "H@3": 0.8404907975460123,
        "H@10": 0.9501533742331288,
        "MRR": 0.7250260089893293
    },
    "Test": {
        "H@1": 0.5642965204236006,
        "H@3": 0.859304084720121,
        "H@10": 0.9568835098335855,
        "MRR": 0.723842800834708
    }
}