{
    "Test": {
        "H@1": 0.43781094527363185,
        "H@3": 0.8109452736318408,
        "H@10": 0.9751243781094527,
        "MRR": 0.6355349874006591
    }
}