{
    "Test": {
        "H@1": 0.4795763993948563,
        "H@3": 0.789712556732224,
        "H@10": 0.9364599092284418,
        "MRR": 0.6495864596467281
    }
}