{
    "Test": {
        "H@1": 0.4485627836611195,
        "H@3": 0.6785173978819969,
        "H@10": 0.8918305597579426,
        "MRR": 0.593595930818663
    }
}