{
    "Test": {
        "H@1": 0.6459909228441755,
        "H@3": 0.8290468986384266,
        "H@10": 0.9394856278366112,
        "MRR": 0.7525442239604385
    }
}