{
    "Test": {
        "H@1": 0.36685288640595903,
        "H@3": 0.6126629422718808,
        "H@10": 0.8743016759776536,
        "MRR": 0.5301509083050523
    }
}