{
    "Test": {
        "H@1": 0.3324022346368715,
        "H@3": 0.5763500931098696,
        "H@10": 0.8640595903165735,
        "MRR": 0.49856134497058663
    }
}