{
    "Test": {
        "H@1": 0.47049924357034795,
        "H@3": 0.7065052950075643,
        "H@10": 0.897125567322239,
        "MRR": 0.6131029091221986
    }
}