Triple Injection Ratios,0.01,0.02,0.03
Random,0.38052807657593063,0.3813712954092917,0.37489141602210285
Closeness,0.3888511795931754,0.39029952881382635,0.38918274000118985
Betweenness,0.3898608832977444,0.3826282305973062,0.3857370249440436
