Triple Injection Ratios,0.01,0.02,0.03
Random,0.38755083024539094,0.3819796374876069,0.3789724181193771
Closeness,0.389787740995169,0.3899919340271702,0.38419422595535657
Betweenness,0.38767863964223537,0.3855822577953117,0.38508423687631466
