Triple Injection Ratios,0.01,0.02,0.03
Random,0.38628026472377264,0.38136245364299615,0.3743838608135254
Closeness,0.3902996534599356,0.3892666493740599,0.38911456902924957
Betweenness,0.38920688082966043,0.3859018395348723,0.3839940900168487
