{
    "Test": {
        "H@1": 0.405446293494705,
        "H@3": 0.6928895612708018,
        "H@10": 0.9273827534039334,
        "MRR": 0.5793908459218333
    }
}