{
    "Train": {
        "H@1": 0.6814926498303807,
        "H@3": 0.9357331323030531,
        "H@10": 0.991990199773841,
        "MRR": 0.8120187172162546
    },
    "Val": {
        "H@1": 0.5950920245398773,
        "H@3": 0.8535276073619632,
        "H@10": 0.9486196319018405,
        "MRR": 0.734986262397672
    },
    "Test": {
        "H@1": 0.5854765506807866,
        "H@3": 0.867624810892587,
        "H@10": 0.9531013615733737,
        "MRR": 0.7331635375284642
    }
}