{
    "Test": {
        "H@1": 0.5582450832072617,
        "H@3": 0.8547655068078669,
        "H@10": 0.9591527987897126,
        "MRR": 0.7144874674388281
    }
}