{
    "Test": {
        "H@1": 0.5385779122541604,
        "H@3": 0.8124054462934948,
        "H@10": 0.9636913767019667,
        "MRR": 0.6916016040771165
    }
}